solid OpenSCAD_Model
  facet normal -0.0980567 0.995181 0
    outer loop
      vertex -1.96209 29.9358 0
      vertex -3.91578 29.7433 20.4
      vertex -1.96209 29.9358 20.4
    endloop
  endfacet
  facet normal -0.0980567 0.995181 0
    outer loop
      vertex -3.91578 29.7433 20.4
      vertex -1.96209 29.9358 0
      vertex -3.91578 29.7433 0
    endloop
  endfacet
  facet normal 0.995181 0.0980567 0
    outer loop
      vertex 29.9358 1.96209 4.4
      vertex 29.7433 3.91578 0
      vertex 29.7433 3.91578 4.4
    endloop
  endfacet
  facet normal 0.995181 0.0980567 0
    outer loop
      vertex 29.7433 3.91578 0
      vertex 29.9358 1.96209 4.4
      vertex 29.9358 1.96209 0
    endloop
  endfacet
  facet normal 0.995181 0.0980567 0
    outer loop
      vertex 29.9358 1.96209 20.4
      vertex 29.7433 3.91578 9.4
      vertex 29.7433 3.91578 20.4
    endloop
  endfacet
  facet normal 0.995181 0.0980567 0
    outer loop
      vertex 29.7433 3.91578 9.4
      vertex 29.9358 1.96209 20.4
      vertex 29.9358 1.96209 9.4
    endloop
  endfacet
  facet normal 0.999465 0.0327027 0
    outer loop
      vertex 30 0 4.4
      vertex 29.9358 1.96209 0
      vertex 29.9358 1.96209 4.4
    endloop
  endfacet
  facet normal 0.999465 0.0327027 0
    outer loop
      vertex 29.9358 1.96209 0
      vertex 30 0 4.4
      vertex 30 0 0
    endloop
  endfacet
  facet normal 0.999465 0.0327027 0
    outer loop
      vertex 30 0 20.4
      vertex 29.9358 1.96209 9.4
      vertex 29.9358 1.96209 20.4
    endloop
  endfacet
  facet normal 0.999465 0.0327027 0
    outer loop
      vertex 29.9358 1.96209 9.4
      vertex 30 0 20.4
      vertex 30 0 9.4
    endloop
  endfacet
  facet normal 0.986651 0.162852 0
    outer loop
      vertex 29.7433 3.91578 4.4
      vertex 29.4236 5.85271 0
      vertex 29.4236 5.85271 4.4
    endloop
  endfacet
  facet normal 0.986651 0.162852 0
    outer loop
      vertex 29.4236 5.85271 0
      vertex 29.7433 3.91578 4.4
      vertex 29.7433 3.91578 0
    endloop
  endfacet
  facet normal 0.986651 0.162852 0
    outer loop
      vertex 29.7433 3.91578 20.4
      vertex 29.4236 5.85271 9.4
      vertex 29.4236 5.85271 20.4
    endloop
  endfacet
  facet normal 0.986651 0.162852 0
    outer loop
      vertex 29.4236 5.85271 9.4
      vertex 29.7433 3.91578 20.4
      vertex 29.7433 3.91578 9.4
    endloop
  endfacet
  facet normal 0.528079 -0.849195 0
    outer loop
      vertex 15 -25.9808 0
      vertex 16.6671 -24.9441 20.4
      vertex 15 -25.9808 20.4
    endloop
  endfacet
  facet normal 0.528079 -0.849195 0
    outer loop
      vertex 16.6671 -24.9441 20.4
      vertex 15 -25.9808 0
      vertex 16.6671 -24.9441 0
    endloop
  endfacet
  facet normal 0.162852 0.986651 -0
    outer loop
      vertex 5.85271 29.4236 0
      vertex 3.91578 29.7433 20.4
      vertex 5.85271 29.4236 20.4
    endloop
  endfacet
  facet normal 0.162852 0.986651 0
    outer loop
      vertex 3.91578 29.7433 20.4
      vertex 5.85271 29.4236 0
      vertex 3.91578 29.7433 0
    endloop
  endfacet
  facet normal -0.352242 -0.935909 0
    outer loop
      vertex -11.4805 -27.7164 0
      vertex -9.64318 -28.4079 20.4
      vertex -11.4805 -27.7164 20.4
    endloop
  endfacet
  facet normal -0.352242 -0.935909 -0
    outer loop
      vertex -9.64318 -28.4079 20.4
      vertex -11.4805 -27.7164 0
      vertex -9.64318 -28.4079 0
    endloop
  endfacet
  facet normal 0.227084 -0.973875 0
    outer loop
      vertex 5.85271 -29.4236 0
      vertex 7.76457 -28.9778 20.4
      vertex 5.85271 -29.4236 20.4
    endloop
  endfacet
  facet normal 0.227084 -0.973875 0
    outer loop
      vertex 7.76457 -28.9778 20.4
      vertex 5.85271 -29.4236 0
      vertex 7.76457 -28.9778 0
    endloop
  endfacet
  facet normal 0.0980567 0.995181 -0
    outer loop
      vertex 3.91578 29.7433 0
      vertex 1.96209 29.9358 20.4
      vertex 3.91578 29.7433 20.4
    endloop
  endfacet
  facet normal 0.0980567 0.995181 0
    outer loop
      vertex 1.96209 29.9358 20.4
      vertex 3.91578 29.7433 0
      vertex 1.96209 29.9358 0
    endloop
  endfacet
  facet normal 0.973882 0.227055 0
    outer loop
      vertex 28.9778 7.76457 20.4
      vertex 29.3892 6 9.4
      vertex 28.9778 7.76457 0
    endloop
  endfacet
  facet normal 0.973875 0.227084 -4.91335e-06
    outer loop
      vertex 29.4236 5.85271 20.4
      vertex 29.3892 6 9.4
      vertex 28.9778 7.76457 20.4
    endloop
  endfacet
  facet normal 0.973794 0.227432 0
    outer loop
      vertex 29.3892 6 9.4
      vertex 29.4236 5.85271 20.4
      vertex 29.4236 5.85271 9.4
    endloop
  endfacet
  facet normal 0.973882 0.227055 -0
    outer loop
      vertex 29.3892 6 4.4
      vertex 28.9778 7.76457 0
      vertex 29.3892 6 9.4
    endloop
  endfacet
  facet normal 0.973794 0.227432 -0
    outer loop
      vertex 29.4236 5.85271 0
      vertex 29.3892 6 4.4
      vertex 29.4236 5.85271 4.4
    endloop
  endfacet
  facet normal 0.973875 0.227084 1.22834e-05
    outer loop
      vertex 29.3892 6 4.4
      vertex 29.4236 5.85271 0
      vertex 28.9778 7.76457 0
    endloop
  endfacet
  facet normal -0.849195 -0.528079 0
    outer loop
      vertex -24.9441 -16.6671 0
      vertex -25.9808 -15 20.4
      vertex -25.9808 -15 0
    endloop
  endfacet
  facet normal -0.849195 -0.528079 0
    outer loop
      vertex -25.9808 -15 20.4
      vertex -24.9441 -16.6671 0
      vertex -24.9441 -16.6671 20.4
    endloop
  endfacet
  facet normal 0.528079 0.849195 -0
    outer loop
      vertex 16.6671 24.9441 0
      vertex 15 25.9808 20.4
      vertex 16.6671 24.9441 20.4
    endloop
  endfacet
  facet normal 0.528079 0.849195 0
    outer loop
      vertex 15 25.9808 20.4
      vertex 16.6671 24.9441 0
      vertex 15 25.9808 0
    endloop
  endfacet
  facet normal 0.0327027 -0.999465 0
    outer loop
      vertex 0 -30 0
      vertex 1.96209 -29.9358 20.4
      vertex 0 -30 20.4
    endloop
  endfacet
  facet normal 0.0327027 -0.999465 0
    outer loop
      vertex 1.96209 -29.9358 20.4
      vertex 0 -30 0
      vertex 1.96209 -29.9358 0
    endloop
  endfacet
  facet normal 0.973794 -0.227432 0
    outer loop
      vertex 29.4236 -5.85271 20.4
      vertex 29.3892 -6 9.4
      vertex 29.4236 -5.85271 9.4
    endloop
  endfacet
  facet normal 0.973882 -0.227055 0
    outer loop
      vertex 28.9778 -7.76457 0
      vertex 29.3892 -6 9.4
      vertex 28.9778 -7.76457 20.4
    endloop
  endfacet
  facet normal 0.973875 -0.227084 -4.91335e-06
    outer loop
      vertex 28.9778 -7.76457 20.4
      vertex 29.3892 -6 9.4
      vertex 29.4236 -5.85271 20.4
    endloop
  endfacet
  facet normal 0.973794 -0.227432 0
    outer loop
      vertex 29.3892 -6 4.4
      vertex 29.4236 -5.85271 0
      vertex 29.4236 -5.85271 4.4
    endloop
  endfacet
  facet normal 0.973882 -0.227055 0
    outer loop
      vertex 29.3892 -6 9.4
      vertex 28.9778 -7.76457 0
      vertex 29.3892 -6 4.4
    endloop
  endfacet
  facet normal 0.973875 -0.227084 1.22834e-05
    outer loop
      vertex 29.3892 -6 4.4
      vertex 28.9778 -7.76457 0
      vertex 29.4236 -5.85271 0
    endloop
  endfacet
  facet normal 0.683602 -0.729855 0
    outer loop
      vertex 19.7804 -22.5552 0
      vertex 21.2132 -21.2132 20.4
      vertex 19.7804 -22.5552 20.4
    endloop
  endfacet
  facet normal 0.683602 -0.729855 0
    outer loop
      vertex 21.2132 -21.2132 20.4
      vertex 19.7804 -22.5552 0
      vertex 21.2132 -21.2132 0
    endloop
  endfacet
  facet normal 0.352242 -0.935909 0
    outer loop
      vertex 9.64318 -28.4079 0
      vertex 11.4805 -27.7164 20.4
      vertex 9.64318 -28.4079 20.4
    endloop
  endfacet
  facet normal 0.352242 -0.935909 0
    outer loop
      vertex 11.4805 -27.7164 20.4
      vertex 9.64318 -28.4079 0
      vertex 11.4805 -27.7164 0
    endloop
  endfacet
  facet normal -0.227084 0.973875 0
    outer loop
      vertex -5.85271 29.4236 0
      vertex -7.76457 28.9778 20.4
      vertex -5.85271 29.4236 20.4
    endloop
  endfacet
  facet normal -0.227084 0.973875 0
    outer loop
      vertex -7.76457 28.9778 20.4
      vertex -5.85271 29.4236 0
      vertex -7.76457 28.9778 0
    endloop
  endfacet
  facet normal 0.812838 0.58249 0
    outer loop
      vertex 24.9441 16.6671 20.4
      vertex 23.8006 18.2628 0
      vertex 23.8006 18.2628 20.4
    endloop
  endfacet
  facet normal 0.812838 0.58249 0
    outer loop
      vertex 23.8006 18.2628 0
      vertex 24.9441 16.6671 20.4
      vertex 24.9441 16.6671 0
    endloop
  endfacet
  facet normal -0.812838 -0.58249 0
    outer loop
      vertex -23.8006 -18.2628 0
      vertex -24.9441 -16.6671 20.4
      vertex -24.9441 -16.6671 0
    endloop
  endfacet
  facet normal -0.812838 -0.58249 0
    outer loop
      vertex -24.9441 -16.6671 20.4
      vertex -23.8006 -18.2628 0
      vertex -23.8006 -18.2628 20.4
    endloop
  endfacet
  facet normal -0.910868 -0.412697 0
    outer loop
      vertex -26.9062 -13.2687 0
      vertex -27.7164 -11.4805 20.4
      vertex -27.7164 -11.4805 0
    endloop
  endfacet
  facet normal -0.910868 -0.412697 0
    outer loop
      vertex -27.7164 -11.4805 20.4
      vertex -26.9062 -13.2687 0
      vertex -26.9062 -13.2687 20.4
    endloop
  endfacet
  facet normal -0.528079 0.849195 0
    outer loop
      vertex -15 25.9808 0
      vertex -16.6671 24.9441 20.4
      vertex -15 25.9808 20.4
    endloop
  endfacet
  facet normal -0.528079 0.849195 0
    outer loop
      vertex -16.6671 24.9441 20.4
      vertex -15 25.9808 0
      vertex -16.6671 24.9441 0
    endloop
  endfacet
  facet normal -0.999465 -0.0327027 0
    outer loop
      vertex -29.9358 -1.96209 0
      vertex -30 0 20.4
      vertex -30 0 0
    endloop
  endfacet
  facet normal -0.999465 -0.0327027 0
    outer loop
      vertex -30 0 20.4
      vertex -29.9358 -1.96209 0
      vertex -29.9358 -1.96209 20.4
    endloop
  endfacet
  facet normal -0.973875 -0.227084 0
    outer loop
      vertex -28.9778 -7.76457 0
      vertex -29.4236 -5.85271 20.4
      vertex -29.4236 -5.85271 0
    endloop
  endfacet
  facet normal -0.973875 -0.227084 0
    outer loop
      vertex -29.4236 -5.85271 20.4
      vertex -28.9778 -7.76457 0
      vertex -28.9778 -7.76457 20.4
    endloop
  endfacet
  facet normal -0.471397 0.881921 0
    outer loop
      vertex -13.2687 26.9062 0
      vertex -15 25.9808 20.4
      vertex -13.2687 26.9062 20.4
    endloop
  endfacet
  facet normal -0.471397 0.881921 0
    outer loop
      vertex -15 25.9808 20.4
      vertex -13.2687 26.9062 0
      vertex -15 25.9808 0
    endloop
  endfacet
  facet normal 0.849195 0.528079 0
    outer loop
      vertex 25.9808 15 20.4
      vertex 24.9441 16.6671 0
      vertex 24.9441 16.6671 20.4
    endloop
  endfacet
  facet normal 0.849195 0.528079 0
    outer loop
      vertex 24.9441 16.6671 0
      vertex 25.9808 15 20.4
      vertex 25.9808 15 0
    endloop
  endfacet
  facet normal 0.0327027 0.999465 -0
    outer loop
      vertex 1.96209 29.9358 0
      vertex 0 30 20.4
      vertex 1.96209 29.9358 20.4
    endloop
  endfacet
  facet normal 0.0327027 0.999465 0
    outer loop
      vertex 0 30 20.4
      vertex 1.96209 29.9358 0
      vertex 0 30 0
    endloop
  endfacet
  facet normal 0.162852 -0.986651 0
    outer loop
      vertex 3.91578 -29.7433 0
      vertex 5.85271 -29.4236 20.4
      vertex 3.91578 -29.7433 20.4
    endloop
  endfacet
  facet normal 0.162852 -0.986651 0
    outer loop
      vertex 5.85271 -29.4236 20.4
      vertex 3.91578 -29.7433 0
      vertex 5.85271 -29.4236 0
    endloop
  endfacet
  facet normal 0.290299 -0.956936 0
    outer loop
      vertex 7.76457 -28.9778 0
      vertex 9.64318 -28.4079 20.4
      vertex 7.76457 -28.9778 20.4
    endloop
  endfacet
  facet normal 0.290299 -0.956936 0
    outer loop
      vertex 9.64318 -28.4079 20.4
      vertex 7.76457 -28.9778 0
      vertex 9.64318 -28.4079 0
    endloop
  endfacet
  facet normal -0.729855 -0.683602 0
    outer loop
      vertex -21.2132 -21.2132 0
      vertex -22.5552 -19.7804 20.4
      vertex -22.5552 -19.7804 0
    endloop
  endfacet
  facet normal -0.729855 -0.683602 0
    outer loop
      vertex -22.5552 -19.7804 20.4
      vertex -21.2132 -21.2132 0
      vertex -21.2132 -21.2132 20.4
    endloop
  endfacet
  facet normal -0.0980567 -0.995181 0
    outer loop
      vertex -3.91578 -29.7433 0
      vertex -1.96209 -29.9358 20.4
      vertex -3.91578 -29.7433 20.4
    endloop
  endfacet
  facet normal -0.0980567 -0.995181 -0
    outer loop
      vertex -1.96209 -29.9358 20.4
      vertex -3.91578 -29.7433 0
      vertex -1.96209 -29.9358 0
    endloop
  endfacet
  facet normal -0.58249 0.812838 0
    outer loop
      vertex -16.6671 24.9441 0
      vertex -18.2628 23.8006 20.4
      vertex -16.6671 24.9441 20.4
    endloop
  endfacet
  facet normal -0.58249 0.812838 0
    outer loop
      vertex -18.2628 23.8006 20.4
      vertex -16.6671 24.9441 0
      vertex -18.2628 23.8006 0
    endloop
  endfacet
  facet normal -0.528079 -0.849195 0
    outer loop
      vertex -16.6671 -24.9441 0
      vertex -15 -25.9808 20.4
      vertex -16.6671 -24.9441 20.4
    endloop
  endfacet
  facet normal -0.528079 -0.849195 -0
    outer loop
      vertex -15 -25.9808 20.4
      vertex -16.6671 -24.9441 0
      vertex -15 -25.9808 0
    endloop
  endfacet
  facet normal -0.935909 -0.352242 0
    outer loop
      vertex -27.7164 -11.4805 0
      vertex -28.4079 -9.64318 20.4
      vertex -28.4079 -9.64318 0
    endloop
  endfacet
  facet normal -0.935909 -0.352242 0
    outer loop
      vertex -28.4079 -9.64318 20.4
      vertex -27.7164 -11.4805 0
      vertex -27.7164 -11.4805 20.4
    endloop
  endfacet
  facet normal 0.58249 0.812838 -0
    outer loop
      vertex 18.2628 23.8006 0
      vertex 16.6671 24.9441 20.4
      vertex 18.2628 23.8006 20.4
    endloop
  endfacet
  facet normal 0.58249 0.812838 0
    outer loop
      vertex 16.6671 24.9441 20.4
      vertex 18.2628 23.8006 0
      vertex 16.6671 24.9441 0
    endloop
  endfacet
  facet normal 0.773026 0.634374 0
    outer loop
      vertex 23.8006 18.2628 20.4
      vertex 22.5552 19.7804 0
      vertex 22.5552 19.7804 20.4
    endloop
  endfacet
  facet normal 0.773026 0.634374 0
    outer loop
      vertex 22.5552 19.7804 0
      vertex 23.8006 18.2628 20.4
      vertex 23.8006 18.2628 0
    endloop
  endfacet
  facet normal 0.935909 0.352242 0
    outer loop
      vertex 28.4079 9.64318 20.4
      vertex 27.7164 11.4805 0
      vertex 27.7164 11.4805 20.4
    endloop
  endfacet
  facet normal 0.935909 0.352242 0
    outer loop
      vertex 27.7164 11.4805 0
      vertex 28.4079 9.64318 20.4
      vertex 28.4079 9.64318 0
    endloop
  endfacet
  facet normal -0.634374 -0.773026 0
    outer loop
      vertex -19.7804 -22.5552 0
      vertex -18.2628 -23.8006 20.4
      vertex -19.7804 -22.5552 20.4
    endloop
  endfacet
  facet normal -0.634374 -0.773026 -0
    outer loop
      vertex -18.2628 -23.8006 20.4
      vertex -19.7804 -22.5552 0
      vertex -18.2628 -23.8006 0
    endloop
  endfacet
  facet normal 0.935909 -0.352242 0
    outer loop
      vertex 27.7164 -11.4805 20.4
      vertex 28.4079 -9.64318 0
      vertex 28.4079 -9.64318 20.4
    endloop
  endfacet
  facet normal 0.935909 -0.352242 0
    outer loop
      vertex 28.4079 -9.64318 0
      vertex 27.7164 -11.4805 20.4
      vertex 27.7164 -11.4805 0
    endloop
  endfacet
  facet normal 0.412697 -0.910868 0
    outer loop
      vertex 11.4805 -27.7164 0
      vertex 13.2687 -26.9062 20.4
      vertex 11.4805 -27.7164 20.4
    endloop
  endfacet
  facet normal 0.412697 -0.910868 0
    outer loop
      vertex 13.2687 -26.9062 20.4
      vertex 11.4805 -27.7164 0
      vertex 13.2687 -26.9062 0
    endloop
  endfacet
  facet normal 0.881921 0.471397 0
    outer loop
      vertex 26.9062 13.2687 20.4
      vertex 25.9808 15 0
      vertex 25.9808 15 20.4
    endloop
  endfacet
  facet normal 0.881921 0.471397 0
    outer loop
      vertex 25.9808 15 0
      vertex 26.9062 13.2687 20.4
      vertex 26.9062 13.2687 0
    endloop
  endfacet
  facet normal -0.995181 -0.0980567 0
    outer loop
      vertex -29.7433 -3.91578 0
      vertex -29.9358 -1.96209 20.4
      vertex -29.9358 -1.96209 0
    endloop
  endfacet
  facet normal -0.995181 -0.0980567 0
    outer loop
      vertex -29.9358 -1.96209 20.4
      vertex -29.7433 -3.91578 0
      vertex -29.7433 -3.91578 20.4
    endloop
  endfacet
  facet normal -0.812838 0.58249 0
    outer loop
      vertex -24.9441 16.6671 0
      vertex -23.8006 18.2628 20.4
      vertex -23.8006 18.2628 0
    endloop
  endfacet
  facet normal -0.812838 0.58249 0
    outer loop
      vertex -23.8006 18.2628 20.4
      vertex -24.9441 16.6671 0
      vertex -24.9441 16.6671 20.4
    endloop
  endfacet
  facet normal 0.471397 0.881921 -0
    outer loop
      vertex 15 25.9808 0
      vertex 13.2687 26.9062 20.4
      vertex 15 25.9808 20.4
    endloop
  endfacet
  facet normal 0.471397 0.881921 0
    outer loop
      vertex 13.2687 26.9062 20.4
      vertex 15 25.9808 0
      vertex 13.2687 26.9062 0
    endloop
  endfacet
  facet normal -0.910868 0.412697 0
    outer loop
      vertex -27.7164 11.4805 0
      vertex -26.9062 13.2687 20.4
      vertex -26.9062 13.2687 0
    endloop
  endfacet
  facet normal -0.910868 0.412697 0
    outer loop
      vertex -26.9062 13.2687 20.4
      vertex -27.7164 11.4805 0
      vertex -27.7164 11.4805 20.4
    endloop
  endfacet
  facet normal 0.634374 -0.773026 0
    outer loop
      vertex 18.2628 -23.8006 0
      vertex 19.7804 -22.5552 20.4
      vertex 18.2628 -23.8006 20.4
    endloop
  endfacet
  facet normal 0.634374 -0.773026 0
    outer loop
      vertex 19.7804 -22.5552 20.4
      vertex 18.2628 -23.8006 0
      vertex 19.7804 -22.5552 0
    endloop
  endfacet
  facet normal 0.956936 0.290299 0
    outer loop
      vertex 28.9778 7.76457 20.4
      vertex 28.4079 9.64318 0
      vertex 28.4079 9.64318 20.4
    endloop
  endfacet
  facet normal 0.956936 0.290299 0
    outer loop
      vertex 28.4079 9.64318 0
      vertex 28.9778 7.76457 20.4
      vertex 28.9778 7.76457 0
    endloop
  endfacet
  facet normal -0.956936 0.290299 0
    outer loop
      vertex -28.9778 7.76457 0
      vertex -28.4079 9.64318 20.4
      vertex -28.4079 9.64318 0
    endloop
  endfacet
  facet normal -0.956936 0.290299 0
    outer loop
      vertex -28.4079 9.64318 20.4
      vertex -28.9778 7.76457 0
      vertex -28.9778 7.76457 20.4
    endloop
  endfacet
  facet normal -0.290299 0.956936 0
    outer loop
      vertex -7.76457 28.9778 0
      vertex -9.64318 28.4079 20.4
      vertex -7.76457 28.9778 20.4
    endloop
  endfacet
  facet normal -0.290299 0.956936 0
    outer loop
      vertex -9.64318 28.4079 20.4
      vertex -7.76457 28.9778 0
      vertex -9.64318 28.4079 0
    endloop
  endfacet
  facet normal 0.58249 -0.812838 0
    outer loop
      vertex 16.6671 -24.9441 0
      vertex 18.2628 -23.8006 20.4
      vertex 16.6671 -24.9441 20.4
    endloop
  endfacet
  facet normal 0.58249 -0.812838 0
    outer loop
      vertex 18.2628 -23.8006 20.4
      vertex 16.6671 -24.9441 0
      vertex 18.2628 -23.8006 0
    endloop
  endfacet
  facet normal -0.162852 -0.986651 0
    outer loop
      vertex -5.85271 -29.4236 0
      vertex -3.91578 -29.7433 20.4
      vertex -5.85271 -29.4236 20.4
    endloop
  endfacet
  facet normal -0.162852 -0.986651 -0
    outer loop
      vertex -3.91578 -29.7433 20.4
      vertex -5.85271 -29.4236 0
      vertex -3.91578 -29.7433 0
    endloop
  endfacet
  facet normal 0.910868 0.412697 0
    outer loop
      vertex 27.7164 11.4805 20.4
      vertex 26.9062 13.2687 0
      vertex 26.9062 13.2687 20.4
    endloop
  endfacet
  facet normal 0.910868 0.412697 0
    outer loop
      vertex 26.9062 13.2687 0
      vertex 27.7164 11.4805 20.4
      vertex 27.7164 11.4805 0
    endloop
  endfacet
  facet normal -0.352242 0.935909 0
    outer loop
      vertex -9.64318 28.4079 0
      vertex -11.4805 27.7164 20.4
      vertex -9.64318 28.4079 20.4
    endloop
  endfacet
  facet normal -0.352242 0.935909 0
    outer loop
      vertex -11.4805 27.7164 20.4
      vertex -9.64318 28.4079 0
      vertex -11.4805 27.7164 0
    endloop
  endfacet
  facet normal 0.773026 -0.634374 0
    outer loop
      vertex 22.5552 -19.7804 20.4
      vertex 23.8006 -18.2628 0
      vertex 23.8006 -18.2628 20.4
    endloop
  endfacet
  facet normal 0.773026 -0.634374 0
    outer loop
      vertex 23.8006 -18.2628 0
      vertex 22.5552 -19.7804 20.4
      vertex 22.5552 -19.7804 0
    endloop
  endfacet
  facet normal 0.0980567 -0.995181 0
    outer loop
      vertex 1.96209 -29.9358 0
      vertex 3.91578 -29.7433 20.4
      vertex 1.96209 -29.9358 20.4
    endloop
  endfacet
  facet normal 0.0980567 -0.995181 0
    outer loop
      vertex 3.91578 -29.7433 20.4
      vertex 1.96209 -29.9358 0
      vertex 3.91578 -29.7433 0
    endloop
  endfacet
  facet normal -0.0327027 0.999465 0
    outer loop
      vertex 0 30 0
      vertex -1.96209 29.9358 20.4
      vertex 0 30 20.4
    endloop
  endfacet
  facet normal -0.0327027 0.999465 0
    outer loop
      vertex -1.96209 29.9358 20.4
      vertex 0 30 0
      vertex -1.96209 29.9358 0
    endloop
  endfacet
  facet normal 0.986651 -0.162852 0
    outer loop
      vertex 29.4236 -5.85271 20.4
      vertex 29.7433 -3.91578 9.4
      vertex 29.7433 -3.91578 20.4
    endloop
  endfacet
  facet normal 0.986651 -0.162852 0
    outer loop
      vertex 29.7433 -3.91578 9.4
      vertex 29.4236 -5.85271 20.4
      vertex 29.4236 -5.85271 9.4
    endloop
  endfacet
  facet normal 0.986651 -0.162852 0
    outer loop
      vertex 29.4236 -5.85271 4.4
      vertex 29.7433 -3.91578 0
      vertex 29.7433 -3.91578 4.4
    endloop
  endfacet
  facet normal 0.986651 -0.162852 0
    outer loop
      vertex 29.7433 -3.91578 0
      vertex 29.4236 -5.85271 4.4
      vertex 29.4236 -5.85271 0
    endloop
  endfacet
  facet normal 0.729855 -0.683602 0
    outer loop
      vertex 21.2132 -21.2132 20.4
      vertex 22.5552 -19.7804 0
      vertex 22.5552 -19.7804 20.4
    endloop
  endfacet
  facet normal 0.729855 -0.683602 0
    outer loop
      vertex 22.5552 -19.7804 0
      vertex 21.2132 -21.2132 20.4
      vertex 21.2132 -21.2132 0
    endloop
  endfacet
  facet normal 0.999465 -0.0327027 0
    outer loop
      vertex 29.9358 -1.96209 20.4
      vertex 30 0 9.4
      vertex 30 0 20.4
    endloop
  endfacet
  facet normal 0.999465 -0.0327027 0
    outer loop
      vertex 30 0 9.4
      vertex 29.9358 -1.96209 20.4
      vertex 29.9358 -1.96209 9.4
    endloop
  endfacet
  facet normal 0.999465 -0.0327027 0
    outer loop
      vertex 29.9358 -1.96209 4.4
      vertex 30 0 0
      vertex 30 0 4.4
    endloop
  endfacet
  facet normal 0.999465 -0.0327027 0
    outer loop
      vertex 30 0 0
      vertex 29.9358 -1.96209 4.4
      vertex 29.9358 -1.96209 0
    endloop
  endfacet
  facet normal -0.986651 -0.162852 0
    outer loop
      vertex -29.4236 -5.85271 0
      vertex -29.7433 -3.91578 20.4
      vertex -29.7433 -3.91578 0
    endloop
  endfacet
  facet normal -0.986651 -0.162852 0
    outer loop
      vertex -29.7433 -3.91578 20.4
      vertex -29.4236 -5.85271 0
      vertex -29.4236 -5.85271 20.4
    endloop
  endfacet
  facet normal 0.471397 -0.881921 0
    outer loop
      vertex 13.2687 -26.9062 0
      vertex 15 -25.9808 20.4
      vertex 13.2687 -26.9062 20.4
    endloop
  endfacet
  facet normal 0.471397 -0.881921 0
    outer loop
      vertex 15 -25.9808 20.4
      vertex 13.2687 -26.9062 0
      vertex 15 -25.9808 0
    endloop
  endfacet
  facet normal -0.162852 0.986651 0
    outer loop
      vertex -3.91578 29.7433 0
      vertex -5.85271 29.4236 20.4
      vertex -3.91578 29.7433 20.4
    endloop
  endfacet
  facet normal -0.162852 0.986651 0
    outer loop
      vertex -5.85271 29.4236 20.4
      vertex -3.91578 29.7433 0
      vertex -5.85271 29.4236 0
    endloop
  endfacet
  facet normal 0.412697 0.910868 -0
    outer loop
      vertex 13.2687 26.9062 0
      vertex 11.4805 27.7164 20.4
      vertex 13.2687 26.9062 20.4
    endloop
  endfacet
  facet normal 0.412697 0.910868 0
    outer loop
      vertex 11.4805 27.7164 20.4
      vertex 13.2687 26.9062 0
      vertex 11.4805 27.7164 0
    endloop
  endfacet
  facet normal 0.227084 0.973875 -0
    outer loop
      vertex 7.76457 28.9778 0
      vertex 5.85271 29.4236 20.4
      vertex 7.76457 28.9778 20.4
    endloop
  endfacet
  facet normal 0.227084 0.973875 0
    outer loop
      vertex 5.85271 29.4236 20.4
      vertex 7.76457 28.9778 0
      vertex 5.85271 29.4236 0
    endloop
  endfacet
  facet normal 0.881921 -0.471397 0
    outer loop
      vertex 25.9808 -15 20.4
      vertex 26.9062 -13.2687 0
      vertex 26.9062 -13.2687 20.4
    endloop
  endfacet
  facet normal 0.881921 -0.471397 0
    outer loop
      vertex 26.9062 -13.2687 0
      vertex 25.9808 -15 20.4
      vertex 25.9808 -15 0
    endloop
  endfacet
  facet normal 0.352242 0.935909 -0
    outer loop
      vertex 11.4805 27.7164 0
      vertex 9.64318 28.4079 20.4
      vertex 11.4805 27.7164 20.4
    endloop
  endfacet
  facet normal 0.352242 0.935909 0
    outer loop
      vertex 9.64318 28.4079 20.4
      vertex 11.4805 27.7164 0
      vertex 9.64318 28.4079 0
    endloop
  endfacet
  facet normal 0.910868 -0.412697 0
    outer loop
      vertex 26.9062 -13.2687 20.4
      vertex 27.7164 -11.4805 0
      vertex 27.7164 -11.4805 20.4
    endloop
  endfacet
  facet normal 0.910868 -0.412697 0
    outer loop
      vertex 27.7164 -11.4805 0
      vertex 26.9062 -13.2687 20.4
      vertex 26.9062 -13.2687 0
    endloop
  endfacet
  facet normal 0.683602 0.729855 -0
    outer loop
      vertex 21.2132 21.2132 0
      vertex 19.7804 22.5552 20.4
      vertex 21.2132 21.2132 20.4
    endloop
  endfacet
  facet normal 0.683602 0.729855 0
    outer loop
      vertex 19.7804 22.5552 20.4
      vertex 21.2132 21.2132 0
      vertex 19.7804 22.5552 0
    endloop
  endfacet
  facet normal 0.956936 -0.290299 0
    outer loop
      vertex 28.4079 -9.64318 20.4
      vertex 28.9778 -7.76457 0
      vertex 28.9778 -7.76457 20.4
    endloop
  endfacet
  facet normal 0.956936 -0.290299 0
    outer loop
      vertex 28.9778 -7.76457 0
      vertex 28.4079 -9.64318 20.4
      vertex 28.4079 -9.64318 0
    endloop
  endfacet
  facet normal -0.973875 0.227084 0
    outer loop
      vertex -29.4236 5.85271 0
      vertex -28.9778 7.76457 20.4
      vertex -28.9778 7.76457 0
    endloop
  endfacet
  facet normal -0.973875 0.227084 0
    outer loop
      vertex -28.9778 7.76457 20.4
      vertex -29.4236 5.85271 0
      vertex -29.4236 5.85271 20.4
    endloop
  endfacet
  facet normal 0.634374 0.773026 -0
    outer loop
      vertex 19.7804 22.5552 0
      vertex 18.2628 23.8006 20.4
      vertex 19.7804 22.5552 20.4
    endloop
  endfacet
  facet normal 0.634374 0.773026 0
    outer loop
      vertex 18.2628 23.8006 20.4
      vertex 19.7804 22.5552 0
      vertex 18.2628 23.8006 0
    endloop
  endfacet
  facet normal -0.412697 -0.910868 0
    outer loop
      vertex -13.2687 -26.9062 0
      vertex -11.4805 -27.7164 20.4
      vertex -13.2687 -26.9062 20.4
    endloop
  endfacet
  facet normal -0.412697 -0.910868 -0
    outer loop
      vertex -11.4805 -27.7164 20.4
      vertex -13.2687 -26.9062 0
      vertex -11.4805 -27.7164 0
    endloop
  endfacet
  facet normal -0.227084 -0.973875 0
    outer loop
      vertex -7.76457 -28.9778 0
      vertex -5.85271 -29.4236 20.4
      vertex -7.76457 -28.9778 20.4
    endloop
  endfacet
  facet normal -0.227084 -0.973875 -0
    outer loop
      vertex -5.85271 -29.4236 20.4
      vertex -7.76457 -28.9778 0
      vertex -5.85271 -29.4236 0
    endloop
  endfacet
  facet normal 0.729855 0.683602 0
    outer loop
      vertex 22.5552 19.7804 20.4
      vertex 21.2132 21.2132 0
      vertex 21.2132 21.2132 20.4
    endloop
  endfacet
  facet normal 0.729855 0.683602 0
    outer loop
      vertex 21.2132 21.2132 0
      vertex 22.5552 19.7804 20.4
      vertex 22.5552 19.7804 0
    endloop
  endfacet
  facet normal -0.986651 0.162852 0
    outer loop
      vertex -29.7433 3.91578 0
      vertex -29.4236 5.85271 20.4
      vertex -29.4236 5.85271 0
    endloop
  endfacet
  facet normal -0.986651 0.162852 0
    outer loop
      vertex -29.4236 5.85271 20.4
      vertex -29.7433 3.91578 0
      vertex -29.7433 3.91578 20.4
    endloop
  endfacet
  facet normal -0.0327027 -0.999465 0
    outer loop
      vertex -1.96209 -29.9358 0
      vertex 0 -30 20.4
      vertex -1.96209 -29.9358 20.4
    endloop
  endfacet
  facet normal -0.0327027 -0.999465 -0
    outer loop
      vertex 0 -30 20.4
      vertex -1.96209 -29.9358 0
      vertex 0 -30 0
    endloop
  endfacet
  facet normal 0.995181 -0.0980567 0
    outer loop
      vertex 29.7433 -3.91578 4.4
      vertex 29.9358 -1.96209 0
      vertex 29.9358 -1.96209 4.4
    endloop
  endfacet
  facet normal 0.995181 -0.0980567 0
    outer loop
      vertex 29.9358 -1.96209 0
      vertex 29.7433 -3.91578 4.4
      vertex 29.7433 -3.91578 0
    endloop
  endfacet
  facet normal 0.995181 -0.0980567 0
    outer loop
      vertex 29.7433 -3.91578 20.4
      vertex 29.9358 -1.96209 9.4
      vertex 29.9358 -1.96209 20.4
    endloop
  endfacet
  facet normal 0.995181 -0.0980567 0
    outer loop
      vertex 29.9358 -1.96209 9.4
      vertex 29.7433 -3.91578 20.4
      vertex 29.7433 -3.91578 9.4
    endloop
  endfacet
  facet normal -0.412697 0.910868 0
    outer loop
      vertex -11.4805 27.7164 0
      vertex -13.2687 26.9062 20.4
      vertex -11.4805 27.7164 20.4
    endloop
  endfacet
  facet normal -0.412697 0.910868 0
    outer loop
      vertex -13.2687 26.9062 20.4
      vertex -11.4805 27.7164 0
      vertex -13.2687 26.9062 0
    endloop
  endfacet
  facet normal -0.683602 0.729855 0
    outer loop
      vertex -19.7804 22.5552 16.4
      vertex -21.2132 21.2132 20.4
      vertex -19.7804 22.5552 20.4
    endloop
  endfacet
  facet normal -0.683602 0.729855 0
    outer loop
      vertex -21.2132 21.2132 20.4
      vertex -19.7804 22.5552 16.4
      vertex -21.2132 21.2132 16.4
    endloop
  endfacet
  facet normal -0.683602 0.729855 0
    outer loop
      vertex -19.7804 22.5552 0
      vertex -21.2132 21.2132 2.4
      vertex -19.7804 22.5552 2.4
    endloop
  endfacet
  facet normal -0.683602 0.729855 0
    outer loop
      vertex -21.2132 21.2132 2.4
      vertex -19.7804 22.5552 0
      vertex -21.2132 21.2132 0
    endloop
  endfacet
  facet normal -0.634374 0.773026 -2.07825e-06
    outer loop
      vertex -18.2628 23.8006 20.4
      vertex -19.4688 22.8109 16.4
      vertex -19.7804 22.5552 20.4
    endloop
  endfacet
  facet normal -0.634378 0.773023 0
    outer loop
      vertex -18.2628 23.8006 0
      vertex -19.4688 22.8109 16.4
      vertex -18.2628 23.8006 20.4
    endloop
  endfacet
  facet normal -0.634378 0.773023 0
    outer loop
      vertex -19.4688 22.8109 16.4
      vertex -18.2628 23.8006 0
      vertex -19.4688 22.8109 2.4
    endloop
  endfacet
  facet normal -0.634374 0.773026 3.46374e-06
    outer loop
      vertex -19.7804 22.5552 0
      vertex -19.4688 22.8109 2.4
      vertex -18.2628 23.8006 0
    endloop
  endfacet
  facet normal -0.634358 0.773039 0
    outer loop
      vertex -19.4688 22.8109 2.4
      vertex -19.7804 22.5552 0
      vertex -19.7804 22.5552 2.4
    endloop
  endfacet
  facet normal -0.634358 0.773039 0
    outer loop
      vertex -19.7804 22.5552 20.4
      vertex -19.4688 22.8109 16.4
      vertex -19.7804 22.5552 16.4
    endloop
  endfacet
  facet normal -0.956936 -0.290299 0
    outer loop
      vertex -28.4079 -9.64318 0
      vertex -28.9778 -7.76457 20.4
      vertex -28.9778 -7.76457 0
    endloop
  endfacet
  facet normal -0.956936 -0.290299 0
    outer loop
      vertex -28.9778 -7.76457 20.4
      vertex -28.4079 -9.64318 0
      vertex -28.4079 -9.64318 20.4
    endloop
  endfacet
  facet normal -0.935909 0.352242 0
    outer loop
      vertex -28.4079 9.64318 0
      vertex -27.7164 11.4805 20.4
      vertex -27.7164 11.4805 0
    endloop
  endfacet
  facet normal -0.935909 0.352242 0
    outer loop
      vertex -27.7164 11.4805 20.4
      vertex -28.4079 9.64318 0
      vertex -28.4079 9.64318 20.4
    endloop
  endfacet
  facet normal 0.849195 -0.528079 0
    outer loop
      vertex 24.9441 -16.6671 20.4
      vertex 25.9808 -15 0
      vertex 25.9808 -15 20.4
    endloop
  endfacet
  facet normal 0.849195 -0.528079 0
    outer loop
      vertex 25.9808 -15 0
      vertex 24.9441 -16.6671 20.4
      vertex 24.9441 -16.6671 0
    endloop
  endfacet
  facet normal -0.995181 0.0980567 0
    outer loop
      vertex -29.9358 1.96209 0
      vertex -29.7433 3.91578 20.4
      vertex -29.7433 3.91578 0
    endloop
  endfacet
  facet normal -0.995181 0.0980567 0
    outer loop
      vertex -29.7433 3.91578 20.4
      vertex -29.9358 1.96209 0
      vertex -29.9358 1.96209 20.4
    endloop
  endfacet
  facet normal -0.999465 0.0327027 0
    outer loop
      vertex -30 0 0
      vertex -29.9358 1.96209 20.4
      vertex -29.9358 1.96209 0
    endloop
  endfacet
  facet normal -0.999465 0.0327027 0
    outer loop
      vertex -29.9358 1.96209 20.4
      vertex -30 0 0
      vertex -30 0 20.4
    endloop
  endfacet
  facet normal -0.58249 -0.812838 0
    outer loop
      vertex -18.2628 -23.8006 0
      vertex -16.6671 -24.9441 20.4
      vertex -18.2628 -23.8006 20.4
    endloop
  endfacet
  facet normal -0.58249 -0.812838 -0
    outer loop
      vertex -16.6671 -24.9441 20.4
      vertex -18.2628 -23.8006 0
      vertex -16.6671 -24.9441 0
    endloop
  endfacet
  facet normal 0.812838 -0.58249 0
    outer loop
      vertex 23.8006 -18.2628 20.4
      vertex 24.9441 -16.6671 0
      vertex 24.9441 -16.6671 20.4
    endloop
  endfacet
  facet normal 0.812838 -0.58249 0
    outer loop
      vertex 24.9441 -16.6671 0
      vertex 23.8006 -18.2628 20.4
      vertex 23.8006 -18.2628 0
    endloop
  endfacet
  facet normal -0.773026 -0.634374 0
    outer loop
      vertex -22.5552 -19.7804 0
      vertex -23.8006 -18.2628 20.4
      vertex -23.8006 -18.2628 0
    endloop
  endfacet
  facet normal -0.773026 -0.634374 0
    outer loop
      vertex -23.8006 -18.2628 20.4
      vertex -22.5552 -19.7804 0
      vertex -22.5552 -19.7804 20.4
    endloop
  endfacet
  facet normal -0.773039 0.634358 0
    outer loop
      vertex -22.5552 19.7804 0
      vertex -22.8109 19.4688 2.4
      vertex -22.5552 19.7804 2.4
    endloop
  endfacet
  facet normal -0.773023 0.634378 0
    outer loop
      vertex -22.8109 19.4688 2.4
      vertex -23.8006 18.2628 0
      vertex -22.8109 19.4688 16.4
    endloop
  endfacet
  facet normal -0.773026 0.634374 3.46374e-06
    outer loop
      vertex -23.8006 18.2628 0
      vertex -22.8109 19.4688 2.4
      vertex -22.5552 19.7804 0
    endloop
  endfacet
  facet normal -0.773039 0.634358 0
    outer loop
      vertex -22.8109 19.4688 16.4
      vertex -22.5552 19.7804 20.4
      vertex -22.5552 19.7804 16.4
    endloop
  endfacet
  facet normal -0.773026 0.634374 -2.07825e-06
    outer loop
      vertex -22.8109 19.4688 16.4
      vertex -23.8006 18.2628 20.4
      vertex -22.5552 19.7804 20.4
    endloop
  endfacet
  facet normal -0.773023 0.634378 0
    outer loop
      vertex -23.8006 18.2628 20.4
      vertex -22.8109 19.4688 16.4
      vertex -23.8006 18.2628 0
    endloop
  endfacet
  facet normal -0.881921 0.471397 0
    outer loop
      vertex -26.9062 13.2687 0
      vertex -25.9808 15 20.4
      vertex -25.9808 15 0
    endloop
  endfacet
  facet normal -0.881921 0.471397 0
    outer loop
      vertex -25.9808 15 20.4
      vertex -26.9062 13.2687 0
      vertex -26.9062 13.2687 20.4
    endloop
  endfacet
  facet normal -0.729855 0.683602 0
    outer loop
      vertex -22.5552 19.7804 0
      vertex -21.2132 21.2132 2.4
      vertex -21.2132 21.2132 0
    endloop
  endfacet
  facet normal -0.729855 0.683602 0
    outer loop
      vertex -21.2132 21.2132 2.4
      vertex -22.5552 19.7804 0
      vertex -22.5552 19.7804 2.4
    endloop
  endfacet
  facet normal -0.729855 0.683602 0
    outer loop
      vertex -22.5552 19.7804 16.4
      vertex -21.2132 21.2132 20.4
      vertex -21.2132 21.2132 16.4
    endloop
  endfacet
  facet normal -0.729855 0.683602 0
    outer loop
      vertex -21.2132 21.2132 20.4
      vertex -22.5552 19.7804 16.4
      vertex -22.5552 19.7804 20.4
    endloop
  endfacet
  facet normal -0.683602 -0.729855 0
    outer loop
      vertex -21.2132 -21.2132 0
      vertex -19.7804 -22.5552 20.4
      vertex -21.2132 -21.2132 20.4
    endloop
  endfacet
  facet normal -0.683602 -0.729855 -0
    outer loop
      vertex -19.7804 -22.5552 20.4
      vertex -21.2132 -21.2132 0
      vertex -19.7804 -22.5552 0
    endloop
  endfacet
  facet normal -0.290299 -0.956936 0
    outer loop
      vertex -9.64318 -28.4079 0
      vertex -7.76457 -28.9778 20.4
      vertex -9.64318 -28.4079 20.4
    endloop
  endfacet
  facet normal -0.290299 -0.956936 -0
    outer loop
      vertex -7.76457 -28.9778 20.4
      vertex -9.64318 -28.4079 0
      vertex -7.76457 -28.9778 0
    endloop
  endfacet
  facet normal 0.290299 0.956936 -0
    outer loop
      vertex 9.64318 28.4079 0
      vertex 7.76457 28.9778 20.4
      vertex 9.64318 28.4079 20.4
    endloop
  endfacet
  facet normal 0.290299 0.956936 0
    outer loop
      vertex 7.76457 28.9778 20.4
      vertex 9.64318 28.4079 0
      vertex 7.76457 28.9778 0
    endloop
  endfacet
  facet normal 0 0 -1
    outer loop
      vertex 29.9358 -1.96209 0
      vertex 29.9358 1.96209 0
      vertex 30 0 0
    endloop
  endfacet
  facet normal 0 0 -1
    outer loop
      vertex 29.7433 -3.91578 0
      vertex 29.9358 1.96209 0
      vertex 29.9358 -1.96209 0
    endloop
  endfacet
  facet normal 0 0 -1
    outer loop
      vertex 29.7433 -3.91578 0
      vertex 29.7433 3.91578 0
      vertex 29.9358 1.96209 0
    endloop
  endfacet
  facet normal 0 0 -1
    outer loop
      vertex 29.4236 -5.85271 0
      vertex 29.7433 3.91578 0
      vertex 29.7433 -3.91578 0
    endloop
  endfacet
  facet normal 0 0 -1
    outer loop
      vertex 29.4236 -5.85271 0
      vertex 29.4236 5.85271 0
      vertex 29.7433 3.91578 0
    endloop
  endfacet
  facet normal 0 0 -1
    outer loop
      vertex 28.9778 -7.76457 0
      vertex 29.4236 5.85271 0
      vertex 29.4236 -5.85271 0
    endloop
  endfacet
  facet normal 0 0 -1
    outer loop
      vertex 28.9778 -7.76457 0
      vertex 28.9778 7.76457 0
      vertex 29.4236 5.85271 0
    endloop
  endfacet
  facet normal 0 0 -1
    outer loop
      vertex 28.4079 -9.64318 0
      vertex 28.9778 7.76457 0
      vertex 28.9778 -7.76457 0
    endloop
  endfacet
  facet normal 0 0 -1
    outer loop
      vertex 28.4079 -9.64318 0
      vertex 28.4079 9.64318 0
      vertex 28.9778 7.76457 0
    endloop
  endfacet
  facet normal 0 0 -1
    outer loop
      vertex 27.7164 -11.4805 0
      vertex 28.4079 9.64318 0
      vertex 28.4079 -9.64318 0
    endloop
  endfacet
  facet normal 0 0 -1
    outer loop
      vertex 27.7164 -11.4805 0
      vertex 27.7164 11.4805 0
      vertex 28.4079 9.64318 0
    endloop
  endfacet
  facet normal 0 0 -1
    outer loop
      vertex 26.9062 -13.2687 0
      vertex 27.7164 11.4805 0
      vertex 27.7164 -11.4805 0
    endloop
  endfacet
  facet normal 0 0 -1
    outer loop
      vertex 26.9062 -13.2687 0
      vertex 26.9062 13.2687 0
      vertex 27.7164 11.4805 0
    endloop
  endfacet
  facet normal 0 0 -1
    outer loop
      vertex 25.9808 -15 0
      vertex 26.9062 13.2687 0
      vertex 26.9062 -13.2687 0
    endloop
  endfacet
  facet normal 0 0 -1
    outer loop
      vertex 25.9808 -15 0
      vertex 25.9808 15 0
      vertex 26.9062 13.2687 0
    endloop
  endfacet
  facet normal 0 0 -1
    outer loop
      vertex 24.9441 -16.6671 0
      vertex 25.9808 15 0
      vertex 25.9808 -15 0
    endloop
  endfacet
  facet normal 0 0 -1
    outer loop
      vertex 24.9441 -16.6671 0
      vertex 24.9441 16.6671 0
      vertex 25.9808 15 0
    endloop
  endfacet
  facet normal 0 0 -1
    outer loop
      vertex 23.8006 -18.2628 0
      vertex 24.9441 16.6671 0
      vertex 24.9441 -16.6671 0
    endloop
  endfacet
  facet normal 0 0 -1
    outer loop
      vertex 23.8006 -18.2628 0
      vertex 23.8006 18.2628 0
      vertex 24.9441 16.6671 0
    endloop
  endfacet
  facet normal 0 0 -1
    outer loop
      vertex 22.5552 -19.7804 0
      vertex 23.8006 18.2628 0
      vertex 23.8006 -18.2628 0
    endloop
  endfacet
  facet normal 0 0 -1
    outer loop
      vertex 22.5552 -19.7804 0
      vertex 22.5552 19.7804 0
      vertex 23.8006 18.2628 0
    endloop
  endfacet
  facet normal 0 0 -1
    outer loop
      vertex 21.2132 -21.2132 0
      vertex 22.5552 19.7804 0
      vertex 22.5552 -19.7804 0
    endloop
  endfacet
  facet normal 0 0 -1
    outer loop
      vertex 21.2132 -21.2132 0
      vertex 21.2132 21.2132 0
      vertex 22.5552 19.7804 0
    endloop
  endfacet
  facet normal 0 0 -1
    outer loop
      vertex 19.7804 -22.5552 0
      vertex 21.2132 21.2132 0
      vertex 21.2132 -21.2132 0
    endloop
  endfacet
  facet normal 0 0 -1
    outer loop
      vertex 19.7804 -22.5552 0
      vertex 19.7804 22.5552 0
      vertex 21.2132 21.2132 0
    endloop
  endfacet
  facet normal 0 0 -1
    outer loop
      vertex 18.2628 -23.8006 0
      vertex 19.7804 22.5552 0
      vertex 19.7804 -22.5552 0
    endloop
  endfacet
  facet normal 0 0 -1
    outer loop
      vertex 18.2628 -23.8006 0
      vertex 18.2628 23.8006 0
      vertex 19.7804 22.5552 0
    endloop
  endfacet
  facet normal 0 0 -1
    outer loop
      vertex 16.6671 -24.9441 0
      vertex 18.2628 23.8006 0
      vertex 18.2628 -23.8006 0
    endloop
  endfacet
  facet normal 0 0 -1
    outer loop
      vertex 16.6671 -24.9441 0
      vertex 16.6671 24.9441 0
      vertex 18.2628 23.8006 0
    endloop
  endfacet
  facet normal 0 0 -1
    outer loop
      vertex 15 -25.9808 0
      vertex 16.6671 24.9441 0
      vertex 16.6671 -24.9441 0
    endloop
  endfacet
  facet normal 0 0 -1
    outer loop
      vertex 15 -25.9808 0
      vertex 15 25.9808 0
      vertex 16.6671 24.9441 0
    endloop
  endfacet
  facet normal 0 0 -1
    outer loop
      vertex 13.2687 -26.9062 0
      vertex 15 25.9808 0
      vertex 15 -25.9808 0
    endloop
  endfacet
  facet normal 0 0 -1
    outer loop
      vertex 13.2687 -26.9062 0
      vertex 13.2687 26.9062 0
      vertex 15 25.9808 0
    endloop
  endfacet
  facet normal 0 0 -1
    outer loop
      vertex 11.4805 -27.7164 0
      vertex 13.2687 26.9062 0
      vertex 13.2687 -26.9062 0
    endloop
  endfacet
  facet normal 0 0 -1
    outer loop
      vertex 11.4805 -27.7164 0
      vertex 11.4805 27.7164 0
      vertex 13.2687 26.9062 0
    endloop
  endfacet
  facet normal 0 0 -1
    outer loop
      vertex 9.64318 -28.4079 0
      vertex 11.4805 27.7164 0
      vertex 11.4805 -27.7164 0
    endloop
  endfacet
  facet normal 0 0 -1
    outer loop
      vertex 9.64318 -28.4079 0
      vertex 9.64318 28.4079 0
      vertex 11.4805 27.7164 0
    endloop
  endfacet
  facet normal 0 0 -1
    outer loop
      vertex 7.76457 -28.9778 0
      vertex 9.64318 28.4079 0
      vertex 9.64318 -28.4079 0
    endloop
  endfacet
  facet normal 0 0 -1
    outer loop
      vertex 7.76457 -28.9778 0
      vertex 7.76457 28.9778 0
      vertex 9.64318 28.4079 0
    endloop
  endfacet
  facet normal 0 0 -1
    outer loop
      vertex 5.85271 -29.4236 0
      vertex 7.76457 28.9778 0
      vertex 7.76457 -28.9778 0
    endloop
  endfacet
  facet normal 0 0 -1
    outer loop
      vertex 5.85271 -29.4236 0
      vertex 5.85271 29.4236 0
      vertex 7.76457 28.9778 0
    endloop
  endfacet
  facet normal 0 0 -1
    outer loop
      vertex 3.91578 -29.7433 0
      vertex 5.85271 29.4236 0
      vertex 5.85271 -29.4236 0
    endloop
  endfacet
  facet normal 0 0 -1
    outer loop
      vertex 3.91578 -29.7433 0
      vertex 3.91578 29.7433 0
      vertex 5.85271 29.4236 0
    endloop
  endfacet
  facet normal 0 0 -1
    outer loop
      vertex 1.96209 -29.9358 0
      vertex 3.91578 29.7433 0
      vertex 3.91578 -29.7433 0
    endloop
  endfacet
  facet normal 0 0 -1
    outer loop
      vertex 1.96209 -29.9358 0
      vertex 1.96209 29.9358 0
      vertex 3.91578 29.7433 0
    endloop
  endfacet
  facet normal 0 0 -1
    outer loop
      vertex 0 -30 0
      vertex 1.96209 29.9358 0
      vertex 1.96209 -29.9358 0
    endloop
  endfacet
  facet normal 0 0 -1
    outer loop
      vertex 0 -30 0
      vertex 0 30 0
      vertex 1.96209 29.9358 0
    endloop
  endfacet
  facet normal 0 0 -1
    outer loop
      vertex -1.96209 -29.9358 0
      vertex 0 30 0
      vertex 0 -30 0
    endloop
  endfacet
  facet normal 0 0 -1
    outer loop
      vertex -1.96209 -29.9358 0
      vertex -1.96209 29.9358 0
      vertex 0 30 0
    endloop
  endfacet
  facet normal 0 0 -1
    outer loop
      vertex -3.91578 -29.7433 0
      vertex -1.96209 29.9358 0
      vertex -1.96209 -29.9358 0
    endloop
  endfacet
  facet normal 0 0 -1
    outer loop
      vertex -3.91578 -29.7433 0
      vertex -3.91578 29.7433 0
      vertex -1.96209 29.9358 0
    endloop
  endfacet
  facet normal 0 0 -1
    outer loop
      vertex -5.85271 -29.4236 0
      vertex -3.91578 29.7433 0
      vertex -3.91578 -29.7433 0
    endloop
  endfacet
  facet normal 0 0 -1
    outer loop
      vertex -5.85271 -29.4236 0
      vertex -5.85271 29.4236 0
      vertex -3.91578 29.7433 0
    endloop
  endfacet
  facet normal 0 0 -1
    outer loop
      vertex -7.76457 -28.9778 0
      vertex -5.85271 29.4236 0
      vertex -5.85271 -29.4236 0
    endloop
  endfacet
  facet normal 0 0 -1
    outer loop
      vertex -7.76457 -28.9778 0
      vertex -7.76457 28.9778 0
      vertex -5.85271 29.4236 0
    endloop
  endfacet
  facet normal 0 0 -1
    outer loop
      vertex -9.64318 -28.4079 0
      vertex -7.76457 28.9778 0
      vertex -7.76457 -28.9778 0
    endloop
  endfacet
  facet normal 0 0 -1
    outer loop
      vertex -9.64318 -28.4079 0
      vertex -9.64318 28.4079 0
      vertex -7.76457 28.9778 0
    endloop
  endfacet
  facet normal 0 0 -1
    outer loop
      vertex -11.4805 -27.7164 0
      vertex -9.64318 28.4079 0
      vertex -9.64318 -28.4079 0
    endloop
  endfacet
  facet normal 0 0 -1
    outer loop
      vertex -11.4805 -27.7164 0
      vertex -11.4805 27.7164 0
      vertex -9.64318 28.4079 0
    endloop
  endfacet
  facet normal 0 0 -1
    outer loop
      vertex -13.2687 -26.9062 0
      vertex -11.4805 27.7164 0
      vertex -11.4805 -27.7164 0
    endloop
  endfacet
  facet normal 0 0 -1
    outer loop
      vertex -13.2687 -26.9062 0
      vertex -13.2687 26.9062 0
      vertex -11.4805 27.7164 0
    endloop
  endfacet
  facet normal 0 0 -1
    outer loop
      vertex -15 -25.9808 0
      vertex -13.2687 26.9062 0
      vertex -13.2687 -26.9062 0
    endloop
  endfacet
  facet normal 0 0 -1
    outer loop
      vertex -15 -25.9808 0
      vertex -15 25.9808 0
      vertex -13.2687 26.9062 0
    endloop
  endfacet
  facet normal 0 0 -1
    outer loop
      vertex -16.6671 -24.9441 0
      vertex -15 25.9808 0
      vertex -15 -25.9808 0
    endloop
  endfacet
  facet normal 0 0 -1
    outer loop
      vertex -16.6671 -24.9441 0
      vertex -16.6671 24.9441 0
      vertex -15 25.9808 0
    endloop
  endfacet
  facet normal 0 0 -1
    outer loop
      vertex -18.2628 -23.8006 0
      vertex -16.6671 24.9441 0
      vertex -16.6671 -24.9441 0
    endloop
  endfacet
  facet normal 0 0 -1
    outer loop
      vertex -18.2628 -23.8006 0
      vertex -18.2628 23.8006 0
      vertex -16.6671 24.9441 0
    endloop
  endfacet
  facet normal 0 0 -1
    outer loop
      vertex -19.7804 -22.5552 0
      vertex -18.2628 23.8006 0
      vertex -18.2628 -23.8006 0
    endloop
  endfacet
  facet normal 0 0 -1
    outer loop
      vertex -19.7804 -22.5552 0
      vertex -19.7804 22.5552 0
      vertex -18.2628 23.8006 0
    endloop
  endfacet
  facet normal 0 0 -1
    outer loop
      vertex -21.2132 -21.2132 0
      vertex -19.7804 22.5552 0
      vertex -19.7804 -22.5552 0
    endloop
  endfacet
  facet normal 0 0 -1
    outer loop
      vertex -21.2132 -21.2132 0
      vertex -21.2132 21.2132 0
      vertex -19.7804 22.5552 0
    endloop
  endfacet
  facet normal 0 0 -1
    outer loop
      vertex -22.5552 -19.7804 0
      vertex -21.2132 21.2132 0
      vertex -21.2132 -21.2132 0
    endloop
  endfacet
  facet normal 0 0 -1
    outer loop
      vertex -22.5552 -19.7804 0
      vertex -22.5552 19.7804 0
      vertex -21.2132 21.2132 0
    endloop
  endfacet
  facet normal 0 0 -1
    outer loop
      vertex -23.8006 -18.2628 0
      vertex -22.5552 19.7804 0
      vertex -22.5552 -19.7804 0
    endloop
  endfacet
  facet normal 0 0 -1
    outer loop
      vertex -23.8006 -18.2628 0
      vertex -23.8006 18.2628 0
      vertex -22.5552 19.7804 0
    endloop
  endfacet
  facet normal 0 0 -1
    outer loop
      vertex -24.9441 -16.6671 0
      vertex -23.8006 18.2628 0
      vertex -23.8006 -18.2628 0
    endloop
  endfacet
  facet normal 0 0 -1
    outer loop
      vertex -24.9441 -16.6671 0
      vertex -24.9441 16.6671 0
      vertex -23.8006 18.2628 0
    endloop
  endfacet
  facet normal 0 0 -1
    outer loop
      vertex -25.9808 -15 0
      vertex -24.9441 16.6671 0
      vertex -24.9441 -16.6671 0
    endloop
  endfacet
  facet normal 0 0 -1
    outer loop
      vertex -25.9808 -15 0
      vertex -25.9808 15 0
      vertex -24.9441 16.6671 0
    endloop
  endfacet
  facet normal 0 0 -1
    outer loop
      vertex -26.9062 -13.2687 0
      vertex -25.9808 15 0
      vertex -25.9808 -15 0
    endloop
  endfacet
  facet normal 0 0 -1
    outer loop
      vertex -26.9062 -13.2687 0
      vertex -26.9062 13.2687 0
      vertex -25.9808 15 0
    endloop
  endfacet
  facet normal 0 0 -1
    outer loop
      vertex -27.7164 -11.4805 0
      vertex -26.9062 13.2687 0
      vertex -26.9062 -13.2687 0
    endloop
  endfacet
  facet normal 0 0 -1
    outer loop
      vertex -27.7164 -11.4805 0
      vertex -27.7164 11.4805 0
      vertex -26.9062 13.2687 0
    endloop
  endfacet
  facet normal 0 0 -1
    outer loop
      vertex -28.4079 -9.64318 0
      vertex -27.7164 11.4805 0
      vertex -27.7164 -11.4805 0
    endloop
  endfacet
  facet normal 0 0 -1
    outer loop
      vertex -28.4079 -9.64318 0
      vertex -28.4079 9.64318 0
      vertex -27.7164 11.4805 0
    endloop
  endfacet
  facet normal 0 0 -1
    outer loop
      vertex -28.9778 -7.76457 0
      vertex -28.4079 9.64318 0
      vertex -28.4079 -9.64318 0
    endloop
  endfacet
  facet normal 0 0 -1
    outer loop
      vertex -28.9778 -7.76457 0
      vertex -28.9778 7.76457 0
      vertex -28.4079 9.64318 0
    endloop
  endfacet
  facet normal 0 0 -1
    outer loop
      vertex -29.4236 -5.85271 0
      vertex -28.9778 7.76457 0
      vertex -28.9778 -7.76457 0
    endloop
  endfacet
  facet normal 0 0 -1
    outer loop
      vertex -29.4236 -5.85271 0
      vertex -29.4236 5.85271 0
      vertex -28.9778 7.76457 0
    endloop
  endfacet
  facet normal 0 0 -1
    outer loop
      vertex -29.7433 -3.91578 0
      vertex -29.4236 5.85271 0
      vertex -29.4236 -5.85271 0
    endloop
  endfacet
  facet normal 0 0 -1
    outer loop
      vertex -29.7433 -3.91578 0
      vertex -29.7433 3.91578 0
      vertex -29.4236 5.85271 0
    endloop
  endfacet
  facet normal 0 0 -1
    outer loop
      vertex -29.9358 -1.96209 0
      vertex -29.7433 3.91578 0
      vertex -29.7433 -3.91578 0
    endloop
  endfacet
  facet normal 0 0 -1
    outer loop
      vertex -29.9358 -1.96209 0
      vertex -29.9358 1.96209 0
      vertex -29.7433 3.91578 0
    endloop
  endfacet
  facet normal 0 -0 -1
    outer loop
      vertex -29.9358 1.96209 0
      vertex -29.9358 -1.96209 0
      vertex -30 0 0
    endloop
  endfacet
  facet normal 0 0 1
    outer loop
      vertex 27.6 0 20.4
      vertex 30 0 20.4
      vertex 29.9358 1.96209 20.4
    endloop
  endfacet
  facet normal 0 0 1
    outer loop
      vertex 27.5409 1.80513 20.4
      vertex 29.9358 1.96209 20.4
      vertex 29.7433 3.91578 20.4
    endloop
  endfacet
  facet normal 0 0 1
    outer loop
      vertex 30 0 20.4
      vertex 27.6 0 20.4
      vertex 29.9358 -1.96209 20.4
    endloop
  endfacet
  facet normal 0 0 1
    outer loop
      vertex 27.3639 3.60252 20.4
      vertex 29.7433 3.91578 20.4
      vertex 29.4236 5.85271 20.4
    endloop
  endfacet
  facet normal -0 0 1
    outer loop
      vertex 27.5409 -1.80513 20.4
      vertex 29.9358 -1.96209 20.4
      vertex 27.6 0 20.4
    endloop
  endfacet
  facet normal 0 0 1
    outer loop
      vertex 27.0697 5.38449 20.4
      vertex 29.4236 5.85271 20.4
      vertex 28.9778 7.76457 20.4
    endloop
  endfacet
  facet normal 0 0 1
    outer loop
      vertex 29.9358 -1.96209 20.4
      vertex 27.5409 -1.80513 20.4
      vertex 29.7433 -3.91578 20.4
    endloop
  endfacet
  facet normal 0 0 1
    outer loop
      vertex 26.6596 7.1434 20.4
      vertex 28.9778 7.76457 20.4
      vertex 28.4079 9.64318 20.4
    endloop
  endfacet
  facet normal -0 0 1
    outer loop
      vertex 27.3639 -3.60252 20.4
      vertex 29.7433 -3.91578 20.4
      vertex 27.5409 -1.80513 20.4
    endloop
  endfacet
  facet normal 0 0 1
    outer loop
      vertex 26.1353 8.87173 20.4
      vertex 28.4079 9.64318 20.4
      vertex 27.7164 11.4805 20.4
    endloop
  endfacet
  facet normal 0 0 1
    outer loop
      vertex 29.7433 -3.91578 20.4
      vertex 27.3639 -3.60252 20.4
      vertex 29.4236 -5.85271 20.4
    endloop
  endfacet
  facet normal -0 0 1
    outer loop
      vertex 27.0697 -5.38449 20.4
      vertex 29.4236 -5.85271 20.4
      vertex 27.3639 -3.60252 20.4
    endloop
  endfacet
  facet normal 0 0 1
    outer loop
      vertex 29.9358 1.96209 20.4
      vertex 27.5409 1.80513 20.4
      vertex 27.6 0 20.4
    endloop
  endfacet
  facet normal 0 0 1
    outer loop
      vertex 29.7433 3.91578 20.4
      vertex 27.3639 3.60252 20.4
      vertex 27.5409 1.80513 20.4
    endloop
  endfacet
  facet normal 0 0 1
    outer loop
      vertex 29.4236 5.85271 20.4
      vertex 27.0697 5.38449 20.4
      vertex 27.3639 3.60252 20.4
    endloop
  endfacet
  facet normal 0 0 1
    outer loop
      vertex 25.4991 10.5621 20.4
      vertex 27.7164 11.4805 20.4
      vertex 26.9062 13.2687 20.4
    endloop
  endfacet
  facet normal 0 0 1
    outer loop
      vertex 28.9778 7.76457 20.4
      vertex 26.6596 7.1434 20.4
      vertex 27.0697 5.38449 20.4
    endloop
  endfacet
  facet normal 0 0 1
    outer loop
      vertex 28.4079 9.64318 20.4
      vertex 26.1353 8.87173 20.4
      vertex 26.6596 7.1434 20.4
    endloop
  endfacet
  facet normal 0 0 1
    outer loop
      vertex 24.7537 12.2072 20.4
      vertex 26.9062 13.2687 20.4
      vertex 25.9808 15 20.4
    endloop
  endfacet
  facet normal 0 0 1
    outer loop
      vertex 27.7164 11.4805 20.4
      vertex 25.4991 10.5621 20.4
      vertex 26.1353 8.87173 20.4
    endloop
  endfacet
  facet normal 0 0 1
    outer loop
      vertex 23.9023 13.8 20.4
      vertex 25.9808 15 20.4
      vertex 24.9441 16.6671 20.4
    endloop
  endfacet
  facet normal 0 0 1
    outer loop
      vertex 26.9062 13.2687 20.4
      vertex 24.7537 12.2072 20.4
      vertex 25.4991 10.5621 20.4
    endloop
  endfacet
  facet normal 0 0 1
    outer loop
      vertex 25.9808 15 20.4
      vertex 23.9023 13.8 20.4
      vertex 24.7537 12.2072 20.4
    endloop
  endfacet
  facet normal 0 0 1
    outer loop
      vertex 22.9486 15.3337 20.4
      vertex 24.9441 16.6671 20.4
      vertex 23.8006 18.2628 20.4
    endloop
  endfacet
  facet normal 0 0 1
    outer loop
      vertex 24.9441 16.6671 20.4
      vertex 22.9486 15.3337 20.4
      vertex 23.9023 13.8 20.4
    endloop
  endfacet
  facet normal 0 0 1
    outer loop
      vertex 21.8966 16.8018 20.4
      vertex 23.8006 18.2628 20.4
      vertex 22.5552 19.7804 20.4
    endloop
  endfacet
  facet normal 0 0 1
    outer loop
      vertex 23.8006 18.2628 20.4
      vertex 21.8966 16.8018 20.4
      vertex 22.9486 15.3337 20.4
    endloop
  endfacet
  facet normal 0 0 1
    outer loop
      vertex 20.7508 18.1979 20.4
      vertex 22.5552 19.7804 20.4
      vertex 21.2132 21.2132 20.4
    endloop
  endfacet
  facet normal 0 0 1
    outer loop
      vertex 22.5552 19.7804 20.4
      vertex 20.7508 18.1979 20.4
      vertex 21.8966 16.8018 20.4
    endloop
  endfacet
  facet normal 0 0 1
    outer loop
      vertex 19.5161 19.5161 20.4
      vertex 21.2132 21.2132 20.4
      vertex 19.7804 22.5552 20.4
    endloop
  endfacet
  facet normal 0 0 1
    outer loop
      vertex 21.2132 21.2132 20.4
      vertex 19.5161 19.5161 20.4
      vertex 20.7508 18.1979 20.4
    endloop
  endfacet
  facet normal 0 0 1
    outer loop
      vertex 18.1979 20.7508 20.4
      vertex 19.7804 22.5552 20.4
      vertex 18.2628 23.8006 20.4
    endloop
  endfacet
  facet normal 0 0 1
    outer loop
      vertex 19.7804 22.5552 20.4
      vertex 18.1979 20.7508 20.4
      vertex 19.5161 19.5161 20.4
    endloop
  endfacet
  facet normal 0 0 1
    outer loop
      vertex 18.2628 23.8006 20.4
      vertex 16.8018 21.8966 20.4
      vertex 18.1979 20.7508 20.4
    endloop
  endfacet
  facet normal 0 0 1
    outer loop
      vertex 16.6671 24.9441 20.4
      vertex 16.8018 21.8966 20.4
      vertex 18.2628 23.8006 20.4
    endloop
  endfacet
  facet normal 0 0 1
    outer loop
      vertex 16.6671 24.9441 20.4
      vertex 15.3337 22.9486 20.4
      vertex 16.8018 21.8966 20.4
    endloop
  endfacet
  facet normal 0 0 1
    outer loop
      vertex 15 25.9808 20.4
      vertex 15.3337 22.9486 20.4
      vertex 16.6671 24.9441 20.4
    endloop
  endfacet
  facet normal 0 0 1
    outer loop
      vertex 15 25.9808 20.4
      vertex 13.8 23.9023 20.4
      vertex 15.3337 22.9486 20.4
    endloop
  endfacet
  facet normal 0 0 1
    outer loop
      vertex 13.2687 26.9062 20.4
      vertex 13.8 23.9023 20.4
      vertex 15 25.9808 20.4
    endloop
  endfacet
  facet normal 0 0 1
    outer loop
      vertex 13.2687 26.9062 20.4
      vertex 12.2072 24.7537 20.4
      vertex 13.8 23.9023 20.4
    endloop
  endfacet
  facet normal 0 0 1
    outer loop
      vertex 11.4805 27.7164 20.4
      vertex 12.2072 24.7537 20.4
      vertex 13.2687 26.9062 20.4
    endloop
  endfacet
  facet normal 0 0 1
    outer loop
      vertex 11.4805 27.7164 20.4
      vertex 10.5621 25.4991 20.4
      vertex 12.2072 24.7537 20.4
    endloop
  endfacet
  facet normal 0 0 1
    outer loop
      vertex 9.64318 28.4079 20.4
      vertex 10.5621 25.4991 20.4
      vertex 11.4805 27.7164 20.4
    endloop
  endfacet
  facet normal 0 0 1
    outer loop
      vertex 9.64318 28.4079 20.4
      vertex 8.87173 26.1353 20.4
      vertex 10.5621 25.4991 20.4
    endloop
  endfacet
  facet normal 0 0 1
    outer loop
      vertex 7.76457 28.9778 20.4
      vertex 8.87173 26.1353 20.4
      vertex 9.64318 28.4079 20.4
    endloop
  endfacet
  facet normal 0 0 1
    outer loop
      vertex 7.76457 28.9778 20.4
      vertex 7.1434 26.6596 20.4
      vertex 8.87173 26.1353 20.4
    endloop
  endfacet
  facet normal 0 0 1
    outer loop
      vertex 5.85271 29.4236 20.4
      vertex 7.1434 26.6596 20.4
      vertex 7.76457 28.9778 20.4
    endloop
  endfacet
  facet normal 0 0 1
    outer loop
      vertex 5.85271 29.4236 20.4
      vertex 5.38449 27.0697 20.4
      vertex 7.1434 26.6596 20.4
    endloop
  endfacet
  facet normal 0 0 1
    outer loop
      vertex 3.91578 29.7433 20.4
      vertex 5.38449 27.0697 20.4
      vertex 5.85271 29.4236 20.4
    endloop
  endfacet
  facet normal 0 0 1
    outer loop
      vertex 3.91578 29.7433 20.4
      vertex 3.60252 27.3639 20.4
      vertex 5.38449 27.0697 20.4
    endloop
  endfacet
  facet normal 0 0 1
    outer loop
      vertex 1.96209 29.9358 20.4
      vertex 3.60252 27.3639 20.4
      vertex 3.91578 29.7433 20.4
    endloop
  endfacet
  facet normal 0 0 1
    outer loop
      vertex 1.96209 29.9358 20.4
      vertex 1.80513 27.5409 20.4
      vertex 3.60252 27.3639 20.4
    endloop
  endfacet
  facet normal 0 0 1
    outer loop
      vertex 0 30 20.4
      vertex 1.80513 27.5409 20.4
      vertex 1.96209 29.9358 20.4
    endloop
  endfacet
  facet normal 0 0 1
    outer loop
      vertex 0 30 20.4
      vertex 0 27.6 20.4
      vertex 1.80513 27.5409 20.4
    endloop
  endfacet
  facet normal 0 0 1
    outer loop
      vertex 0 30 20.4
      vertex -1.80513 27.5409 20.4
      vertex 0 27.6 20.4
    endloop
  endfacet
  facet normal -0 0 1
    outer loop
      vertex -1.96209 29.9358 20.4
      vertex -1.80513 27.5409 20.4
      vertex 0 30 20.4
    endloop
  endfacet
  facet normal 0 0 1
    outer loop
      vertex -1.96209 29.9358 20.4
      vertex -3.60252 27.3639 20.4
      vertex -1.80513 27.5409 20.4
    endloop
  endfacet
  facet normal -0 0 1
    outer loop
      vertex -3.91578 29.7433 20.4
      vertex -3.60252 27.3639 20.4
      vertex -1.96209 29.9358 20.4
    endloop
  endfacet
  facet normal 0 0 1
    outer loop
      vertex -3.91578 29.7433 20.4
      vertex -5.38449 27.0697 20.4
      vertex -3.60252 27.3639 20.4
    endloop
  endfacet
  facet normal -0 0 1
    outer loop
      vertex -5.85271 29.4236 20.4
      vertex -5.38449 27.0697 20.4
      vertex -3.91578 29.7433 20.4
    endloop
  endfacet
  facet normal 0 0 1
    outer loop
      vertex -5.85271 29.4236 20.4
      vertex -7.1434 26.6596 20.4
      vertex -5.38449 27.0697 20.4
    endloop
  endfacet
  facet normal -0 0 1
    outer loop
      vertex -7.76457 28.9778 20.4
      vertex -7.1434 26.6596 20.4
      vertex -5.85271 29.4236 20.4
    endloop
  endfacet
  facet normal 0 0 1
    outer loop
      vertex -7.76457 28.9778 20.4
      vertex -8.87173 26.1353 20.4
      vertex -7.1434 26.6596 20.4
    endloop
  endfacet
  facet normal -0 0 1
    outer loop
      vertex -9.64318 28.4079 20.4
      vertex -8.87173 26.1353 20.4
      vertex -7.76457 28.9778 20.4
    endloop
  endfacet
  facet normal 0 0 1
    outer loop
      vertex -9.64318 28.4079 20.4
      vertex -10.5621 25.4991 20.4
      vertex -8.87173 26.1353 20.4
    endloop
  endfacet
  facet normal -0 0 1
    outer loop
      vertex -11.4805 27.7164 20.4
      vertex -10.5621 25.4991 20.4
      vertex -9.64318 28.4079 20.4
    endloop
  endfacet
  facet normal 0 0 1
    outer loop
      vertex -11.4805 27.7164 20.4
      vertex -12.2072 24.7537 20.4
      vertex -10.5621 25.4991 20.4
    endloop
  endfacet
  facet normal -0 0 1
    outer loop
      vertex -13.2687 26.9062 20.4
      vertex -12.2072 24.7537 20.4
      vertex -11.4805 27.7164 20.4
    endloop
  endfacet
  facet normal 0 0 1
    outer loop
      vertex -13.2687 26.9062 20.4
      vertex -13.8 23.9023 20.4
      vertex -12.2072 24.7537 20.4
    endloop
  endfacet
  facet normal -0 0 1
    outer loop
      vertex -15 25.9808 20.4
      vertex -13.8 23.9023 20.4
      vertex -13.2687 26.9062 20.4
    endloop
  endfacet
  facet normal 0 0 1
    outer loop
      vertex -15 25.9808 20.4
      vertex -15.3337 22.9486 20.4
      vertex -13.8 23.9023 20.4
    endloop
  endfacet
  facet normal -0 0 1
    outer loop
      vertex -16.6671 24.9441 20.4
      vertex -15.3337 22.9486 20.4
      vertex -15 25.9808 20.4
    endloop
  endfacet
  facet normal 0 0 1
    outer loop
      vertex -16.6671 24.9441 20.4
      vertex -16.8018 21.8966 20.4
      vertex -15.3337 22.9486 20.4
    endloop
  endfacet
  facet normal -0 0 1
    outer loop
      vertex -18.2628 23.8006 20.4
      vertex -16.8018 21.8966 20.4
      vertex -16.6671 24.9441 20.4
    endloop
  endfacet
  facet normal 0 0 1
    outer loop
      vertex -16.8018 21.8966 20.4
      vertex -18.2628 23.8006 20.4
      vertex -18.1979 20.7508 20.4
    endloop
  endfacet
  facet normal -0 0 1
    outer loop
      vertex -19.7804 22.5552 20.4
      vertex -18.1979 20.7508 20.4
      vertex -18.2628 23.8006 20.4
    endloop
  endfacet
  facet normal 0 0 1
    outer loop
      vertex -18.1979 20.7508 20.4
      vertex -19.7804 22.5552 20.4
      vertex -19.5161 19.5161 20.4
    endloop
  endfacet
  facet normal -0 0 1
    outer loop
      vertex -21.2132 21.2132 20.4
      vertex -19.5161 19.5161 20.4
      vertex -19.7804 22.5552 20.4
    endloop
  endfacet
  facet normal 0 0 1
    outer loop
      vertex -19.5161 19.5161 20.4
      vertex -21.2132 21.2132 20.4
      vertex -20.7508 18.1979 20.4
    endloop
  endfacet
  facet normal -0 0 1
    outer loop
      vertex -22.5552 19.7804 20.4
      vertex -20.7508 18.1979 20.4
      vertex -21.2132 21.2132 20.4
    endloop
  endfacet
  facet normal 0 0 1
    outer loop
      vertex -20.7508 18.1979 20.4
      vertex -22.5552 19.7804 20.4
      vertex -21.8966 16.8018 20.4
    endloop
  endfacet
  facet normal -0 0 1
    outer loop
      vertex -23.8006 18.2628 20.4
      vertex -21.8966 16.8018 20.4
      vertex -22.5552 19.7804 20.4
    endloop
  endfacet
  facet normal 0 0 1
    outer loop
      vertex -21.8966 16.8018 20.4
      vertex -23.8006 18.2628 20.4
      vertex -22.9486 15.3337 20.4
    endloop
  endfacet
  facet normal -0 0 1
    outer loop
      vertex -24.9441 16.6671 20.4
      vertex -22.9486 15.3337 20.4
      vertex -23.8006 18.2628 20.4
    endloop
  endfacet
  facet normal 0 0 1
    outer loop
      vertex -22.9486 15.3337 20.4
      vertex -24.9441 16.6671 20.4
      vertex -23.9023 13.8 20.4
    endloop
  endfacet
  facet normal -0 0 1
    outer loop
      vertex -25.9808 15 20.4
      vertex -23.9023 13.8 20.4
      vertex -24.9441 16.6671 20.4
    endloop
  endfacet
  facet normal 0 0 1
    outer loop
      vertex -23.9023 13.8 20.4
      vertex -25.9808 15 20.4
      vertex -24.7537 12.2072 20.4
    endloop
  endfacet
  facet normal -0 0 1
    outer loop
      vertex -26.9062 13.2687 20.4
      vertex -24.7537 12.2072 20.4
      vertex -25.9808 15 20.4
    endloop
  endfacet
  facet normal 0 0 1
    outer loop
      vertex -24.7537 12.2072 20.4
      vertex -26.9062 13.2687 20.4
      vertex -25.4991 10.5621 20.4
    endloop
  endfacet
  facet normal -0 0 1
    outer loop
      vertex -27.7164 11.4805 20.4
      vertex -25.4991 10.5621 20.4
      vertex -26.9062 13.2687 20.4
    endloop
  endfacet
  facet normal 0 0 1
    outer loop
      vertex -25.4991 10.5621 20.4
      vertex -27.7164 11.4805 20.4
      vertex -26.1353 8.87173 20.4
    endloop
  endfacet
  facet normal -0 0 1
    outer loop
      vertex -28.4079 9.64318 20.4
      vertex -26.1353 8.87173 20.4
      vertex -27.7164 11.4805 20.4
    endloop
  endfacet
  facet normal 0 0 1
    outer loop
      vertex -26.1353 8.87173 20.4
      vertex -28.4079 9.64318 20.4
      vertex -26.6596 7.1434 20.4
    endloop
  endfacet
  facet normal -0 0 1
    outer loop
      vertex -28.9778 7.76457 20.4
      vertex -26.6596 7.1434 20.4
      vertex -28.4079 9.64318 20.4
    endloop
  endfacet
  facet normal -0 0 1
    outer loop
      vertex -29.4236 5.85271 20.4
      vertex -27.0697 5.38449 20.4
      vertex -28.9778 7.76457 20.4
    endloop
  endfacet
  facet normal 0 0 1
    outer loop
      vertex -26.6596 7.1434 20.4
      vertex -28.9778 7.76457 20.4
      vertex -27.0697 5.38449 20.4
    endloop
  endfacet
  facet normal 0 0 1
    outer loop
      vertex 29.4236 -5.85271 20.4
      vertex 27.0697 -5.38449 20.4
      vertex 28.9778 -7.76457 20.4
    endloop
  endfacet
  facet normal -0 0 1
    outer loop
      vertex 26.6596 -7.1434 20.4
      vertex 28.9778 -7.76457 20.4
      vertex 27.0697 -5.38449 20.4
    endloop
  endfacet
  facet normal 0 0 1
    outer loop
      vertex 28.9778 -7.76457 20.4
      vertex 26.6596 -7.1434 20.4
      vertex 28.4079 -9.64318 20.4
    endloop
  endfacet
  facet normal -0 0 1
    outer loop
      vertex 26.1353 -8.87173 20.4
      vertex 28.4079 -9.64318 20.4
      vertex 26.6596 -7.1434 20.4
    endloop
  endfacet
  facet normal 0 0 1
    outer loop
      vertex 28.4079 -9.64318 20.4
      vertex 26.1353 -8.87173 20.4
      vertex 27.7164 -11.4805 20.4
    endloop
  endfacet
  facet normal -0 0 1
    outer loop
      vertex 25.4991 -10.5621 20.4
      vertex 27.7164 -11.4805 20.4
      vertex 26.1353 -8.87173 20.4
    endloop
  endfacet
  facet normal 0 0 1
    outer loop
      vertex 27.7164 -11.4805 20.4
      vertex 25.4991 -10.5621 20.4
      vertex 26.9062 -13.2687 20.4
    endloop
  endfacet
  facet normal -0 0 1
    outer loop
      vertex 24.7537 -12.2072 20.4
      vertex 26.9062 -13.2687 20.4
      vertex 25.4991 -10.5621 20.4
    endloop
  endfacet
  facet normal 0 0 1
    outer loop
      vertex 26.9062 -13.2687 20.4
      vertex 24.7537 -12.2072 20.4
      vertex 25.9808 -15 20.4
    endloop
  endfacet
  facet normal -0 0 1
    outer loop
      vertex 23.9023 -13.8 20.4
      vertex 25.9808 -15 20.4
      vertex 24.7537 -12.2072 20.4
    endloop
  endfacet
  facet normal 0 0 1
    outer loop
      vertex 25.9808 -15 20.4
      vertex 23.9023 -13.8 20.4
      vertex 24.9441 -16.6671 20.4
    endloop
  endfacet
  facet normal -0 0 1
    outer loop
      vertex 22.9486 -15.3337 20.4
      vertex 24.9441 -16.6671 20.4
      vertex 23.9023 -13.8 20.4
    endloop
  endfacet
  facet normal 0 0 1
    outer loop
      vertex 24.9441 -16.6671 20.4
      vertex 22.9486 -15.3337 20.4
      vertex 23.8006 -18.2628 20.4
    endloop
  endfacet
  facet normal -0 0 1
    outer loop
      vertex 21.8966 -16.8018 20.4
      vertex 23.8006 -18.2628 20.4
      vertex 22.9486 -15.3337 20.4
    endloop
  endfacet
  facet normal 0 0 1
    outer loop
      vertex 23.8006 -18.2628 20.4
      vertex 21.8966 -16.8018 20.4
      vertex 22.5552 -19.7804 20.4
    endloop
  endfacet
  facet normal -0 0 1
    outer loop
      vertex 20.7508 -18.1979 20.4
      vertex 22.5552 -19.7804 20.4
      vertex 21.8966 -16.8018 20.4
    endloop
  endfacet
  facet normal 0 0 1
    outer loop
      vertex 22.5552 -19.7804 20.4
      vertex 20.7508 -18.1979 20.4
      vertex 21.2132 -21.2132 20.4
    endloop
  endfacet
  facet normal -0 0 1
    outer loop
      vertex 19.5161 -19.5161 20.4
      vertex 21.2132 -21.2132 20.4
      vertex 20.7508 -18.1979 20.4
    endloop
  endfacet
  facet normal 0 0 1
    outer loop
      vertex 21.2132 -21.2132 20.4
      vertex 19.5161 -19.5161 20.4
      vertex 19.7804 -22.5552 20.4
    endloop
  endfacet
  facet normal -0 0 1
    outer loop
      vertex 18.1979 -20.7508 20.4
      vertex 19.7804 -22.5552 20.4
      vertex 19.5161 -19.5161 20.4
    endloop
  endfacet
  facet normal 0 0 1
    outer loop
      vertex 19.7804 -22.5552 20.4
      vertex 18.1979 -20.7508 20.4
      vertex 18.2628 -23.8006 20.4
    endloop
  endfacet
  facet normal -0 0 1
    outer loop
      vertex 16.8018 -21.8966 20.4
      vertex 18.2628 -23.8006 20.4
      vertex 18.1979 -20.7508 20.4
    endloop
  endfacet
  facet normal 0 0 1
    outer loop
      vertex 16.8018 -21.8966 20.4
      vertex 16.6671 -24.9441 20.4
      vertex 18.2628 -23.8006 20.4
    endloop
  endfacet
  facet normal -0 0 1
    outer loop
      vertex 15.3337 -22.9486 20.4
      vertex 16.6671 -24.9441 20.4
      vertex 16.8018 -21.8966 20.4
    endloop
  endfacet
  facet normal 0 0 1
    outer loop
      vertex 15.3337 -22.9486 20.4
      vertex 15 -25.9808 20.4
      vertex 16.6671 -24.9441 20.4
    endloop
  endfacet
  facet normal -0 0 1
    outer loop
      vertex 13.8 -23.9023 20.4
      vertex 15 -25.9808 20.4
      vertex 15.3337 -22.9486 20.4
    endloop
  endfacet
  facet normal 0 0 1
    outer loop
      vertex 13.8 -23.9023 20.4
      vertex 13.2687 -26.9062 20.4
      vertex 15 -25.9808 20.4
    endloop
  endfacet
  facet normal -0 0 1
    outer loop
      vertex 12.2072 -24.7537 20.4
      vertex 13.2687 -26.9062 20.4
      vertex 13.8 -23.9023 20.4
    endloop
  endfacet
  facet normal 0 0 1
    outer loop
      vertex 12.2072 -24.7537 20.4
      vertex 11.4805 -27.7164 20.4
      vertex 13.2687 -26.9062 20.4
    endloop
  endfacet
  facet normal -0 0 1
    outer loop
      vertex 10.5621 -25.4991 20.4
      vertex 11.4805 -27.7164 20.4
      vertex 12.2072 -24.7537 20.4
    endloop
  endfacet
  facet normal 0 0 1
    outer loop
      vertex 10.5621 -25.4991 20.4
      vertex 9.64318 -28.4079 20.4
      vertex 11.4805 -27.7164 20.4
    endloop
  endfacet
  facet normal -0 0 1
    outer loop
      vertex 8.87173 -26.1353 20.4
      vertex 9.64318 -28.4079 20.4
      vertex 10.5621 -25.4991 20.4
    endloop
  endfacet
  facet normal 0 0 1
    outer loop
      vertex 8.87173 -26.1353 20.4
      vertex 7.76457 -28.9778 20.4
      vertex 9.64318 -28.4079 20.4
    endloop
  endfacet
  facet normal -0 0 1
    outer loop
      vertex 7.1434 -26.6596 20.4
      vertex 7.76457 -28.9778 20.4
      vertex 8.87173 -26.1353 20.4
    endloop
  endfacet
  facet normal 0 0 1
    outer loop
      vertex 7.1434 -26.6596 20.4
      vertex 5.85271 -29.4236 20.4
      vertex 7.76457 -28.9778 20.4
    endloop
  endfacet
  facet normal -0 0 1
    outer loop
      vertex 5.38449 -27.0697 20.4
      vertex 5.85271 -29.4236 20.4
      vertex 7.1434 -26.6596 20.4
    endloop
  endfacet
  facet normal 0 0 1
    outer loop
      vertex 5.38449 -27.0697 20.4
      vertex 3.91578 -29.7433 20.4
      vertex 5.85271 -29.4236 20.4
    endloop
  endfacet
  facet normal -0 0 1
    outer loop
      vertex 3.60252 -27.3639 20.4
      vertex 3.91578 -29.7433 20.4
      vertex 5.38449 -27.0697 20.4
    endloop
  endfacet
  facet normal 0 0 1
    outer loop
      vertex 3.60252 -27.3639 20.4
      vertex 1.96209 -29.9358 20.4
      vertex 3.91578 -29.7433 20.4
    endloop
  endfacet
  facet normal -0 0 1
    outer loop
      vertex 1.80513 -27.5409 20.4
      vertex 1.96209 -29.9358 20.4
      vertex 3.60252 -27.3639 20.4
    endloop
  endfacet
  facet normal -0 0 1
    outer loop
      vertex 0 -27.6 20.4
      vertex 1.96209 -29.9358 20.4
      vertex 1.80513 -27.5409 20.4
    endloop
  endfacet
  facet normal 0 0 1
    outer loop
      vertex 0 -27.6 20.4
      vertex 0 -30 20.4
      vertex 1.96209 -29.9358 20.4
    endloop
  endfacet
  facet normal 0 0 1
    outer loop
      vertex -1.80513 -27.5409 20.4
      vertex 0 -30 20.4
      vertex 0 -27.6 20.4
    endloop
  endfacet
  facet normal 0 0 1
    outer loop
      vertex -1.80513 -27.5409 20.4
      vertex -1.96209 -29.9358 20.4
      vertex 0 -30 20.4
    endloop
  endfacet
  facet normal 0 0 1
    outer loop
      vertex -3.60252 -27.3639 20.4
      vertex -1.96209 -29.9358 20.4
      vertex -1.80513 -27.5409 20.4
    endloop
  endfacet
  facet normal 0 0 1
    outer loop
      vertex -3.60252 -27.3639 20.4
      vertex -3.91578 -29.7433 20.4
      vertex -1.96209 -29.9358 20.4
    endloop
  endfacet
  facet normal 0 0 1
    outer loop
      vertex -5.38449 -27.0697 20.4
      vertex -3.91578 -29.7433 20.4
      vertex -3.60252 -27.3639 20.4
    endloop
  endfacet
  facet normal 0 0 1
    outer loop
      vertex -5.38449 -27.0697 20.4
      vertex -5.85271 -29.4236 20.4
      vertex -3.91578 -29.7433 20.4
    endloop
  endfacet
  facet normal 0 0 1
    outer loop
      vertex -7.1434 -26.6596 20.4
      vertex -5.85271 -29.4236 20.4
      vertex -5.38449 -27.0697 20.4
    endloop
  endfacet
  facet normal 0 0 1
    outer loop
      vertex -7.1434 -26.6596 20.4
      vertex -7.76457 -28.9778 20.4
      vertex -5.85271 -29.4236 20.4
    endloop
  endfacet
  facet normal 0 0 1
    outer loop
      vertex -8.87173 -26.1353 20.4
      vertex -7.76457 -28.9778 20.4
      vertex -7.1434 -26.6596 20.4
    endloop
  endfacet
  facet normal 0 0 1
    outer loop
      vertex -8.87173 -26.1353 20.4
      vertex -9.64318 -28.4079 20.4
      vertex -7.76457 -28.9778 20.4
    endloop
  endfacet
  facet normal 0 0 1
    outer loop
      vertex -10.5621 -25.4991 20.4
      vertex -9.64318 -28.4079 20.4
      vertex -8.87173 -26.1353 20.4
    endloop
  endfacet
  facet normal 0 0 1
    outer loop
      vertex -10.5621 -25.4991 20.4
      vertex -11.4805 -27.7164 20.4
      vertex -9.64318 -28.4079 20.4
    endloop
  endfacet
  facet normal 0 0 1
    outer loop
      vertex -12.2072 -24.7537 20.4
      vertex -11.4805 -27.7164 20.4
      vertex -10.5621 -25.4991 20.4
    endloop
  endfacet
  facet normal 0 0 1
    outer loop
      vertex -12.2072 -24.7537 20.4
      vertex -13.2687 -26.9062 20.4
      vertex -11.4805 -27.7164 20.4
    endloop
  endfacet
  facet normal 0 0 1
    outer loop
      vertex -13.8 -23.9023 20.4
      vertex -13.2687 -26.9062 20.4
      vertex -12.2072 -24.7537 20.4
    endloop
  endfacet
  facet normal 0 0 1
    outer loop
      vertex -13.8 -23.9023 20.4
      vertex -15 -25.9808 20.4
      vertex -13.2687 -26.9062 20.4
    endloop
  endfacet
  facet normal 0 0 1
    outer loop
      vertex -15.3337 -22.9486 20.4
      vertex -15 -25.9808 20.4
      vertex -13.8 -23.9023 20.4
    endloop
  endfacet
  facet normal 0 0 1
    outer loop
      vertex -15.3337 -22.9486 20.4
      vertex -16.6671 -24.9441 20.4
      vertex -15 -25.9808 20.4
    endloop
  endfacet
  facet normal 0 0 1
    outer loop
      vertex -16.8018 -21.8966 20.4
      vertex -16.6671 -24.9441 20.4
      vertex -15.3337 -22.9486 20.4
    endloop
  endfacet
  facet normal 0 0 1
    outer loop
      vertex -18.2628 -23.8006 20.4
      vertex -16.8018 -21.8966 20.4
      vertex -18.1979 -20.7508 20.4
    endloop
  endfacet
  facet normal 0 0 1
    outer loop
      vertex -16.8018 -21.8966 20.4
      vertex -18.2628 -23.8006 20.4
      vertex -16.6671 -24.9441 20.4
    endloop
  endfacet
  facet normal 0 0 1
    outer loop
      vertex -19.7804 -22.5552 20.4
      vertex -18.1979 -20.7508 20.4
      vertex -19.5161 -19.5161 20.4
    endloop
  endfacet
  facet normal 0 0 1
    outer loop
      vertex -18.1979 -20.7508 20.4
      vertex -19.7804 -22.5552 20.4
      vertex -18.2628 -23.8006 20.4
    endloop
  endfacet
  facet normal 0 0 1
    outer loop
      vertex -21.2132 -21.2132 20.4
      vertex -19.5161 -19.5161 20.4
      vertex -20.7508 -18.1979 20.4
    endloop
  endfacet
  facet normal 0 0 1
    outer loop
      vertex -19.5161 -19.5161 20.4
      vertex -21.2132 -21.2132 20.4
      vertex -19.7804 -22.5552 20.4
    endloop
  endfacet
  facet normal 0 0 1
    outer loop
      vertex -22.5552 -19.7804 20.4
      vertex -20.7508 -18.1979 20.4
      vertex -21.8966 -16.8018 20.4
    endloop
  endfacet
  facet normal 0 0 1
    outer loop
      vertex -20.7508 -18.1979 20.4
      vertex -22.5552 -19.7804 20.4
      vertex -21.2132 -21.2132 20.4
    endloop
  endfacet
  facet normal 0 0 1
    outer loop
      vertex -23.8006 -18.2628 20.4
      vertex -21.8966 -16.8018 20.4
      vertex -22.9486 -15.3337 20.4
    endloop
  endfacet
  facet normal 0 0 1
    outer loop
      vertex -21.8966 -16.8018 20.4
      vertex -23.8006 -18.2628 20.4
      vertex -22.5552 -19.7804 20.4
    endloop
  endfacet
  facet normal 0 0 1
    outer loop
      vertex -24.9441 -16.6671 20.4
      vertex -22.9486 -15.3337 20.4
      vertex -23.9023 -13.8 20.4
    endloop
  endfacet
  facet normal 0 0 1
    outer loop
      vertex -25.9808 -15 20.4
      vertex -23.9023 -13.8 20.4
      vertex -24.7537 -12.2072 20.4
    endloop
  endfacet
  facet normal 0 0 1
    outer loop
      vertex -22.9486 -15.3337 20.4
      vertex -24.9441 -16.6671 20.4
      vertex -23.8006 -18.2628 20.4
    endloop
  endfacet
  facet normal 0 0 1
    outer loop
      vertex -26.9062 -13.2687 20.4
      vertex -24.7537 -12.2072 20.4
      vertex -25.4991 -10.5621 20.4
    endloop
  endfacet
  facet normal 0 0 1
    outer loop
      vertex -23.9023 -13.8 20.4
      vertex -25.9808 -15 20.4
      vertex -24.9441 -16.6671 20.4
    endloop
  endfacet
  facet normal 0 0 1
    outer loop
      vertex -27.7164 -11.4805 20.4
      vertex -25.4991 -10.5621 20.4
      vertex -26.1353 -8.87173 20.4
    endloop
  endfacet
  facet normal 0 0 1
    outer loop
      vertex -28.4079 -9.64318 20.4
      vertex -26.1353 -8.87173 20.4
      vertex -26.6596 -7.1434 20.4
    endloop
  endfacet
  facet normal 0 0 1
    outer loop
      vertex -24.7537 -12.2072 20.4
      vertex -26.9062 -13.2687 20.4
      vertex -25.9808 -15 20.4
    endloop
  endfacet
  facet normal 0 0 1
    outer loop
      vertex -28.9778 -7.76457 20.4
      vertex -26.6596 -7.1434 20.4
      vertex -27.0697 -5.38449 20.4
    endloop
  endfacet
  facet normal 0 0 1
    outer loop
      vertex -29.4236 -5.85271 20.4
      vertex -27.0697 -5.38449 20.4
      vertex -27.3639 -3.60252 20.4
    endloop
  endfacet
  facet normal 0 0 1
    outer loop
      vertex -29.7433 -3.91578 20.4
      vertex -27.3639 -3.60252 20.4
      vertex -27.5409 -1.80513 20.4
    endloop
  endfacet
  facet normal 0 0 1
    outer loop
      vertex -25.4991 -10.5621 20.4
      vertex -27.7164 -11.4805 20.4
      vertex -26.9062 -13.2687 20.4
    endloop
  endfacet
  facet normal 0 0 1
    outer loop
      vertex -29.9358 -1.96209 20.4
      vertex -27.5409 -1.80513 20.4
      vertex -27.6 0 20.4
    endloop
  endfacet
  facet normal 0 0 1
    outer loop
      vertex -27.0697 5.38449 20.4
      vertex -29.4236 5.85271 20.4
      vertex -27.3639 3.60252 20.4
    endloop
  endfacet
  facet normal -0 0 1
    outer loop
      vertex -29.7433 3.91578 20.4
      vertex -27.3639 3.60252 20.4
      vertex -29.4236 5.85271 20.4
    endloop
  endfacet
  facet normal 0 0 1
    outer loop
      vertex -26.1353 -8.87173 20.4
      vertex -28.4079 -9.64318 20.4
      vertex -27.7164 -11.4805 20.4
    endloop
  endfacet
  facet normal 0 0 1
    outer loop
      vertex -27.3639 3.60252 20.4
      vertex -29.7433 3.91578 20.4
      vertex -27.5409 1.80513 20.4
    endloop
  endfacet
  facet normal 0 0 1
    outer loop
      vertex -26.6596 -7.1434 20.4
      vertex -28.9778 -7.76457 20.4
      vertex -28.4079 -9.64318 20.4
    endloop
  endfacet
  facet normal -0 0 1
    outer loop
      vertex -29.9358 1.96209 20.4
      vertex -27.5409 1.80513 20.4
      vertex -29.7433 3.91578 20.4
    endloop
  endfacet
  facet normal 0 0 1
    outer loop
      vertex -27.0697 -5.38449 20.4
      vertex -29.4236 -5.85271 20.4
      vertex -28.9778 -7.76457 20.4
    endloop
  endfacet
  facet normal 0 0 1
    outer loop
      vertex -27.5409 1.80513 20.4
      vertex -29.9358 1.96209 20.4
      vertex -27.6 0 20.4
    endloop
  endfacet
  facet normal 0 0 1
    outer loop
      vertex -27.3639 -3.60252 20.4
      vertex -29.7433 -3.91578 20.4
      vertex -29.4236 -5.85271 20.4
    endloop
  endfacet
  facet normal 0 0 1
    outer loop
      vertex -30 0 20.4
      vertex -27.6 0 20.4
      vertex -29.9358 1.96209 20.4
    endloop
  endfacet
  facet normal 0 0 1
    outer loop
      vertex -27.5409 -1.80513 20.4
      vertex -29.9358 -1.96209 20.4
      vertex -29.7433 -3.91578 20.4
    endloop
  endfacet
  facet normal 0 0 1
    outer loop
      vertex -27.6 0 20.4
      vertex -30 0 20.4
      vertex -29.9358 -1.96209 20.4
    endloop
  endfacet
  facet normal -0.881921 -0.471397 0
    outer loop
      vertex -25.9808 -15 0
      vertex -26.9062 -13.2687 20.4
      vertex -26.9062 -13.2687 0
    endloop
  endfacet
  facet normal -0.881921 -0.471397 0
    outer loop
      vertex -26.9062 -13.2687 20.4
      vertex -25.9808 -15 0
      vertex -25.9808 -15 20.4
    endloop
  endfacet
  facet normal -0.471397 -0.881921 0
    outer loop
      vertex -15 -25.9808 0
      vertex -13.2687 -26.9062 20.4
      vertex -15 -25.9808 20.4
    endloop
  endfacet
  facet normal -0.471397 -0.881921 -0
    outer loop
      vertex -13.2687 -26.9062 20.4
      vertex -15 -25.9808 0
      vertex -13.2687 -26.9062 0
    endloop
  endfacet
  facet normal -0.849195 0.528079 0
    outer loop
      vertex -25.9808 15 0
      vertex -24.9441 16.6671 20.4
      vertex -24.9441 16.6671 0
    endloop
  endfacet
  facet normal -0.849195 0.528079 0
    outer loop
      vertex -24.9441 16.6671 20.4
      vertex -25.9808 15 0
      vertex -25.9808 15 20.4
    endloop
  endfacet
  facet normal 0.470976 -0.882146 0
    outer loop
      vertex -13.7764 23.9149 16.4
      vertex -13.8 23.9023 20.4
      vertex -13.8 23.9023 16.4
    endloop
  endfacet
  facet normal 0.47141 -0.881914 3.28891e-06
    outer loop
      vertex -13.8 23.9023 20.4
      vertex -13.7764 23.9149 16.4
      vertex -12.2072 24.7537 20.4
    endloop
  endfacet
  facet normal 0.471416 -0.881911 0
    outer loop
      vertex -12.2072 24.7537 2.4
      vertex -13.7764 23.9149 16.4
      vertex -13.7764 23.9149 2.4
    endloop
  endfacet
  facet normal 0.471416 -0.881911 0
    outer loop
      vertex -13.7764 23.9149 16.4
      vertex -12.2072 24.7537 2.4
      vertex -12.2072 24.7537 20.4
    endloop
  endfacet
  facet normal -0.995186 -0.0980021 0
    outer loop
      vertex 27.5409 1.80513 2.4
      vertex 27.3639 3.60252 4.4
      vertex 27.3639 3.60252 2.4
    endloop
  endfacet
  facet normal -0.995186 -0.0980021 0
    outer loop
      vertex 27.3639 3.60252 4.4
      vertex 27.5409 1.80513 2.4
      vertex 27.5409 1.80513 4.4
    endloop
  endfacet
  facet normal -0.995186 -0.0980021 0
    outer loop
      vertex 27.5409 1.80513 9.4
      vertex 27.3639 3.60252 20.4
      vertex 27.3639 3.60252 9.4
    endloop
  endfacet
  facet normal -0.995186 -0.0980021 0
    outer loop
      vertex 27.3639 3.60252 20.4
      vertex 27.5409 1.80513 9.4
      vertex 27.5409 1.80513 20.4
    endloop
  endfacet
  facet normal -0.999464 -0.0327225 0
    outer loop
      vertex 27.6 0 2.4
      vertex 27.5409 1.80513 4.4
      vertex 27.5409 1.80513 2.4
    endloop
  endfacet
  facet normal -0.999464 -0.0327225 0
    outer loop
      vertex 27.5409 1.80513 4.4
      vertex 27.6 0 2.4
      vertex 27.6 0 4.4
    endloop
  endfacet
  facet normal -0.999464 -0.0327225 0
    outer loop
      vertex 27.6 0 9.4
      vertex 27.5409 1.80513 20.4
      vertex 27.5409 1.80513 9.4
    endloop
  endfacet
  facet normal -0.999464 -0.0327225 0
    outer loop
      vertex 27.5409 1.80513 20.4
      vertex 27.6 0 9.4
      vertex 27.6 0 20.4
    endloop
  endfacet
  facet normal -0.986644 -0.162893 0
    outer loop
      vertex 27.3639 3.60252 2.4
      vertex 27.0697 5.38449 4.4
      vertex 27.0697 5.38449 2.4
    endloop
  endfacet
  facet normal -0.986644 -0.162893 0
    outer loop
      vertex 27.0697 5.38449 4.4
      vertex 27.3639 3.60252 2.4
      vertex 27.3639 3.60252 4.4
    endloop
  endfacet
  facet normal -0.986644 -0.162893 0
    outer loop
      vertex 27.3639 3.60252 9.4
      vertex 27.0697 5.38449 20.4
      vertex 27.0697 5.38449 9.4
    endloop
  endfacet
  facet normal -0.986644 -0.162893 0
    outer loop
      vertex 27.0697 5.38449 20.4
      vertex 27.3639 3.60252 9.4
      vertex 27.3639 3.60252 20.4
    endloop
  endfacet
  facet normal -0.973878 -0.227073 -0
    outer loop
      vertex 26.9262 6 9.4
      vertex 26.6596 7.1434 2.4
      vertex 26.9262 6 4.4
    endloop
  endfacet
  facet normal -0.973879 -0.227066 4.72458e-06
    outer loop
      vertex 27.0697 5.38449 2.4
      vertex 26.9262 6 4.4
      vertex 26.6596 7.1434 2.4
    endloop
  endfacet
  facet normal -0.973883 -0.227051 0
    outer loop
      vertex 26.9262 6 4.4
      vertex 27.0697 5.38449 2.4
      vertex 27.0697 5.38449 4.4
    endloop
  endfacet
  facet normal -0.973878 -0.227073 0
    outer loop
      vertex 26.6596 7.1434 2.4
      vertex 26.9262 6 9.4
      vertex 26.6596 7.1434 20.4
    endloop
  endfacet
  facet normal -0.973883 -0.227051 -0
    outer loop
      vertex 27.0697 5.38449 20.4
      vertex 26.9262 6 9.4
      vertex 27.0697 5.38449 9.4
    endloop
  endfacet
  facet normal -0.973879 -0.227066 -8.59015e-07
    outer loop
      vertex 26.9262 6 9.4
      vertex 27.0697 5.38449 20.4
      vertex 26.6596 7.1434 20.4
    endloop
  endfacet
  facet normal 0.729844 0.683613 0
    outer loop
      vertex -19.5161 -19.5161 20.4
      vertex -20.7508 -18.1979 2.4
      vertex -20.7508 -18.1979 20.4
    endloop
  endfacet
  facet normal 0.729844 0.683613 0
    outer loop
      vertex -20.7508 -18.1979 2.4
      vertex -19.5161 -19.5161 20.4
      vertex -19.5161 -19.5161 2.4
    endloop
  endfacet
  facet normal -0.729844 0.683613 0
    outer loop
      vertex 19.5161 -19.5161 2.4
      vertex 20.7508 -18.1979 20.4
      vertex 20.7508 -18.1979 2.4
    endloop
  endfacet
  facet normal -0.729844 0.683613 0
    outer loop
      vertex 20.7508 -18.1979 20.4
      vertex 19.5161 -19.5161 2.4
      vertex 19.5161 -19.5161 20.4
    endloop
  endfacet
  facet normal 0.412714 -0.910861 0
    outer loop
      vertex -12.2072 24.7537 2.4
      vertex -10.5621 25.4991 20.4
      vertex -12.2072 24.7537 20.4
    endloop
  endfacet
  facet normal 0.412714 -0.910861 0
    outer loop
      vertex -10.5621 25.4991 20.4
      vertex -12.2072 24.7537 2.4
      vertex -10.5621 25.4991 2.4
    endloop
  endfacet
  facet normal -0.290293 0.956938 0
    outer loop
      vertex 8.87173 -26.1353 2.4
      vertex 7.1434 -26.6596 20.4
      vertex 8.87173 -26.1353 20.4
    endloop
  endfacet
  facet normal -0.290293 0.956938 0
    outer loop
      vertex 7.1434 -26.6596 20.4
      vertex 8.87173 -26.1353 2.4
      vertex 7.1434 -26.6596 2.4
    endloop
  endfacet
  facet normal -0.582468 -0.812853 0
    outer loop
      vertex 15.3337 22.9486 2.4
      vertex 16.8018 21.8966 20.4
      vertex 15.3337 22.9486 20.4
    endloop
  endfacet
  facet normal -0.582468 -0.812853 -0
    outer loop
      vertex 16.8018 21.8966 20.4
      vertex 15.3337 22.9486 2.4
      vertex 16.8018 21.8966 2.4
    endloop
  endfacet
  facet normal -0.849206 -0.528061 0
    outer loop
      vertex 23.9023 13.8 2.4
      vertex 22.9486 15.3337 20.4
      vertex 22.9486 15.3337 2.4
    endloop
  endfacet
  facet normal -0.849206 -0.528061 0
    outer loop
      vertex 22.9486 15.3337 20.4
      vertex 23.9023 13.8 2.4
      vertex 23.9023 13.8 20.4
    endloop
  endfacet
  facet normal -0.935908 0.352245 0
    outer loop
      vertex 25.4991 -10.5621 2.4
      vertex 26.1353 -8.87173 20.4
      vertex 26.1353 -8.87173 2.4
    endloop
  endfacet
  facet normal -0.935908 0.352245 0
    outer loop
      vertex 26.1353 -8.87173 20.4
      vertex 25.4991 -10.5621 2.4
      vertex 25.4991 -10.5621 20.4
    endloop
  endfacet
  facet normal 0.582468 0.812853 -0
    outer loop
      vertex -15.3337 -22.9486 2.4
      vertex -16.8018 -21.8966 20.4
      vertex -15.3337 -22.9486 20.4
    endloop
  endfacet
  facet normal 0.582468 0.812853 0
    outer loop
      vertex -16.8018 -21.8966 20.4
      vertex -15.3337 -22.9486 2.4
      vertex -16.8018 -21.8966 2.4
    endloop
  endfacet
  facet normal 0.528061 -0.849206 0
    outer loop
      vertex -15.3337 22.9486 16.4
      vertex -13.8 23.9023 20.4
      vertex -15.3337 22.9486 20.4
    endloop
  endfacet
  facet normal 0.528061 -0.849206 0
    outer loop
      vertex -13.8 23.9023 20.4
      vertex -15.3337 22.9486 16.4
      vertex -13.8 23.9023 16.4
    endloop
  endfacet
  facet normal -0.528061 -0.849206 0
    outer loop
      vertex 13.8 23.9023 2.4
      vertex 15.3337 22.9486 20.4
      vertex 13.8 23.9023 20.4
    endloop
  endfacet
  facet normal -0.528061 -0.849206 -0
    outer loop
      vertex 15.3337 22.9486 20.4
      vertex 13.8 23.9023 2.4
      vertex 15.3337 22.9486 2.4
    endloop
  endfacet
  facet normal -0.881914 -0.47141 0
    outer loop
      vertex 24.7537 12.2072 2.4
      vertex 23.9023 13.8 20.4
      vertex 23.9023 13.8 2.4
    endloop
  endfacet
  facet normal -0.881914 -0.47141 0
    outer loop
      vertex 23.9023 13.8 20.4
      vertex 24.7537 12.2072 2.4
      vertex 24.7537 12.2072 20.4
    endloop
  endfacet
  facet normal 0.0980021 0.995186 -0
    outer loop
      vertex -1.80513 -27.5409 2.4
      vertex -3.60252 -27.3639 20.4
      vertex -1.80513 -27.5409 20.4
    endloop
  endfacet
  facet normal 0.0980021 0.995186 0
    outer loop
      vertex -3.60252 -27.3639 20.4
      vertex -1.80513 -27.5409 2.4
      vertex -3.60252 -27.3639 2.4
    endloop
  endfacet
  facet normal -0.582468 0.812853 0
    outer loop
      vertex 16.8018 -21.8966 2.4
      vertex 15.3337 -22.9486 20.4
      vertex 16.8018 -21.8966 20.4
    endloop
  endfacet
  facet normal -0.582468 0.812853 0
    outer loop
      vertex 15.3337 -22.9486 20.4
      vertex 16.8018 -21.8966 2.4
      vertex 15.3337 -22.9486 2.4
    endloop
  endfacet
  facet normal -0.910861 0.412714 0
    outer loop
      vertex 24.7537 -12.2072 2.4
      vertex 25.4991 -10.5621 20.4
      vertex 25.4991 -10.5621 2.4
    endloop
  endfacet
  facet normal -0.910861 0.412714 0
    outer loop
      vertex 25.4991 -10.5621 20.4
      vertex 24.7537 -12.2072 2.4
      vertex 24.7537 -12.2072 20.4
    endloop
  endfacet
  facet normal 0.935908 -0.352245 0
    outer loop
      vertex -26.1353 8.87173 20.4
      vertex -25.4991 10.5621 2.4
      vertex -25.4991 10.5621 20.4
    endloop
  endfacet
  facet normal 0.935908 -0.352245 0
    outer loop
      vertex -25.4991 10.5621 2.4
      vertex -26.1353 8.87173 20.4
      vertex -26.1353 8.87173 2.4
    endloop
  endfacet
  facet normal 0.986644 -0.162893 0
    outer loop
      vertex -27.3639 3.60252 20.4
      vertex -27.0697 5.38449 2.4
      vertex -27.0697 5.38449 20.4
    endloop
  endfacet
  facet normal 0.986644 -0.162893 0
    outer loop
      vertex -27.0697 5.38449 2.4
      vertex -27.3639 3.60252 20.4
      vertex -27.3639 3.60252 2.4
    endloop
  endfacet
  facet normal 0.290293 -0.956938 0
    outer loop
      vertex -8.87173 26.1353 2.4
      vertex -7.1434 26.6596 20.4
      vertex -8.87173 26.1353 20.4
    endloop
  endfacet
  facet normal 0.290293 -0.956938 0
    outer loop
      vertex -7.1434 26.6596 20.4
      vertex -8.87173 26.1353 2.4
      vertex -7.1434 26.6596 2.4
    endloop
  endfacet
  facet normal 0.582468 -0.812853 0
    outer loop
      vertex -16.8018 21.8966 16.4
      vertex -15.3337 22.9486 20.4
      vertex -16.8018 21.8966 20.4
    endloop
  endfacet
  facet normal 0.582468 -0.812853 0
    outer loop
      vertex -15.3337 22.9486 20.4
      vertex -16.8018 21.8966 16.4
      vertex -15.3337 22.9486 16.4
    endloop
  endfacet
  facet normal -0.47141 -0.881914 0
    outer loop
      vertex 12.2072 24.7537 2.4
      vertex 13.8 23.9023 20.4
      vertex 12.2072 24.7537 20.4
    endloop
  endfacet
  facet normal -0.47141 -0.881914 -0
    outer loop
      vertex 13.8 23.9023 20.4
      vertex 12.2072 24.7537 2.4
      vertex 13.8 23.9023 2.4
    endloop
  endfacet
  facet normal -0.999464 0.0327225 0
    outer loop
      vertex 27.5409 -1.80513 2.4
      vertex 27.6 0 4.4
      vertex 27.6 0 2.4
    endloop
  endfacet
  facet normal -0.999464 0.0327225 0
    outer loop
      vertex 27.6 0 4.4
      vertex 27.5409 -1.80513 2.4
      vertex 27.5409 -1.80513 4.4
    endloop
  endfacet
  facet normal -0.999464 0.0327225 0
    outer loop
      vertex 27.5409 -1.80513 9.4
      vertex 27.6 0 20.4
      vertex 27.6 0 9.4
    endloop
  endfacet
  facet normal -0.999464 0.0327225 0
    outer loop
      vertex 27.6 0 20.4
      vertex 27.5409 -1.80513 9.4
      vertex 27.5409 -1.80513 20.4
    endloop
  endfacet
  facet normal 0.47141 0.881914 -0
    outer loop
      vertex -12.2072 -24.7537 2.4
      vertex -13.8 -23.9023 20.4
      vertex -12.2072 -24.7537 20.4
    endloop
  endfacet
  facet normal 0.47141 0.881914 0
    outer loop
      vertex -13.8 -23.9023 20.4
      vertex -12.2072 -24.7537 2.4
      vertex -13.8 -23.9023 2.4
    endloop
  endfacet
  facet normal 0.881914 0.47141 0
    outer loop
      vertex -23.9023 -13.8 20.4
      vertex -24.7537 -12.2072 2.4
      vertex -24.7537 -12.2072 20.4
    endloop
  endfacet
  facet normal 0.881914 0.47141 0
    outer loop
      vertex -24.7537 -12.2072 2.4
      vertex -23.9023 -13.8 20.4
      vertex -23.9023 -13.8 2.4
    endloop
  endfacet
  facet normal 0.956938 -0.290293 0
    outer loop
      vertex -26.6596 7.1434 20.4
      vertex -26.1353 8.87173 2.4
      vertex -26.1353 8.87173 20.4
    endloop
  endfacet
  facet normal 0.956938 -0.290293 0
    outer loop
      vertex -26.1353 8.87173 2.4
      vertex -26.6596 7.1434 20.4
      vertex -26.6596 7.1434 2.4
    endloop
  endfacet
  facet normal 0.849206 0.528061 0
    outer loop
      vertex -22.9486 -15.3337 20.4
      vertex -23.9023 -13.8 2.4
      vertex -23.9023 -13.8 20.4
    endloop
  endfacet
  facet normal 0.849206 0.528061 0
    outer loop
      vertex -23.9023 -13.8 2.4
      vertex -22.9486 -15.3337 20.4
      vertex -22.9486 -15.3337 2.4
    endloop
  endfacet
  facet normal -0.849206 0.528061 0
    outer loop
      vertex 22.9486 -15.3337 2.4
      vertex 23.9023 -13.8 20.4
      vertex 23.9023 -13.8 2.4
    endloop
  endfacet
  facet normal -0.849206 0.528061 0
    outer loop
      vertex 23.9023 -13.8 20.4
      vertex 22.9486 -15.3337 2.4
      vertex 22.9486 -15.3337 20.4
    endloop
  endfacet
  facet normal -0.162893 -0.986644 0
    outer loop
      vertex 3.60252 27.3639 2.4
      vertex 5.38449 27.0697 20.4
      vertex 3.60252 27.3639 20.4
    endloop
  endfacet
  facet normal -0.162893 -0.986644 -0
    outer loop
      vertex 5.38449 27.0697 20.4
      vertex 3.60252 27.3639 2.4
      vertex 5.38449 27.0697 2.4
    endloop
  endfacet
  facet normal -0.910861 -0.412714 0
    outer loop
      vertex 25.4991 10.5621 2.4
      vertex 24.7537 12.2072 20.4
      vertex 24.7537 12.2072 2.4
    endloop
  endfacet
  facet normal -0.910861 -0.412714 0
    outer loop
      vertex 24.7537 12.2072 20.4
      vertex 25.4991 10.5621 2.4
      vertex 25.4991 10.5621 20.4
    endloop
  endfacet
  facet normal -0.935908 -0.352245 0
    outer loop
      vertex 26.1353 8.87173 2.4
      vertex 25.4991 10.5621 20.4
      vertex 25.4991 10.5621 2.4
    endloop
  endfacet
  facet normal -0.935908 -0.352245 0
    outer loop
      vertex 25.4991 10.5621 20.4
      vertex 26.1353 8.87173 2.4
      vertex 26.1353 8.87173 20.4
    endloop
  endfacet
  facet normal -0.956938 -0.290293 0
    outer loop
      vertex 26.6596 7.1434 2.4
      vertex 26.1353 8.87173 20.4
      vertex 26.1353 8.87173 2.4
    endloop
  endfacet
  facet normal -0.956938 -0.290293 0
    outer loop
      vertex 26.1353 8.87173 20.4
      vertex 26.6596 7.1434 2.4
      vertex 26.6596 7.1434 20.4
    endloop
  endfacet
  facet normal -0.986644 0.162893 0
    outer loop
      vertex 27.0697 -5.38449 2.4
      vertex 27.3639 -3.60252 4.4
      vertex 27.3639 -3.60252 2.4
    endloop
  endfacet
  facet normal -0.986644 0.162893 0
    outer loop
      vertex 27.3639 -3.60252 4.4
      vertex 27.0697 -5.38449 2.4
      vertex 27.0697 -5.38449 4.4
    endloop
  endfacet
  facet normal -0.986644 0.162893 0
    outer loop
      vertex 27.0697 -5.38449 9.4
      vertex 27.3639 -3.60252 20.4
      vertex 27.3639 -3.60252 9.4
    endloop
  endfacet
  facet normal -0.986644 0.162893 0
    outer loop
      vertex 27.3639 -3.60252 20.4
      vertex 27.0697 -5.38449 9.4
      vertex 27.0697 -5.38449 20.4
    endloop
  endfacet
  facet normal -0.47141 0.881914 0
    outer loop
      vertex 13.8 -23.9023 2.4
      vertex 12.2072 -24.7537 20.4
      vertex 13.8 -23.9023 20.4
    endloop
  endfacet
  facet normal -0.47141 0.881914 0
    outer loop
      vertex 12.2072 -24.7537 20.4
      vertex 13.8 -23.9023 2.4
      vertex 12.2072 -24.7537 2.4
    endloop
  endfacet
  facet normal -0.812853 -0.582468 0
    outer loop
      vertex 22.9486 15.3337 2.4
      vertex 21.8966 16.8018 20.4
      vertex 21.8966 16.8018 2.4
    endloop
  endfacet
  facet normal -0.812853 -0.582468 0
    outer loop
      vertex 21.8966 16.8018 20.4
      vertex 22.9486 15.3337 2.4
      vertex 22.9486 15.3337 20.4
    endloop
  endfacet
  facet normal -0.772997 0.63441 0
    outer loop
      vertex 20.7508 -18.1979 2.4
      vertex 21.8966 -16.8018 20.4
      vertex 21.8966 -16.8018 2.4
    endloop
  endfacet
  facet normal -0.772997 0.63441 0
    outer loop
      vertex 21.8966 -16.8018 20.4
      vertex 20.7508 -18.1979 2.4
      vertex 20.7508 -18.1979 20.4
    endloop
  endfacet
  facet normal -0.352245 -0.935908 0
    outer loop
      vertex 8.87173 26.1353 2.4
      vertex 10.5621 25.4991 20.4
      vertex 8.87173 26.1353 20.4
    endloop
  endfacet
  facet normal -0.352245 -0.935908 -0
    outer loop
      vertex 10.5621 25.4991 20.4
      vertex 8.87173 26.1353 2.4
      vertex 10.5621 25.4991 2.4
    endloop
  endfacet
  facet normal -0.683613 0.729844 0
    outer loop
      vertex 19.5161 -19.5161 2.4
      vertex 18.1979 -20.7508 20.4
      vertex 19.5161 -19.5161 20.4
    endloop
  endfacet
  facet normal -0.683613 0.729844 0
    outer loop
      vertex 18.1979 -20.7508 20.4
      vertex 19.5161 -19.5161 2.4
      vertex 18.1979 -20.7508 2.4
    endloop
  endfacet
  facet normal -0.227066 0.973879 0
    outer loop
      vertex 7.1434 -26.6596 2.4
      vertex 5.38449 -27.0697 20.4
      vertex 7.1434 -26.6596 20.4
    endloop
  endfacet
  facet normal -0.227066 0.973879 0
    outer loop
      vertex 5.38449 -27.0697 20.4
      vertex 7.1434 -26.6596 2.4
      vertex 5.38449 -27.0697 2.4
    endloop
  endfacet
  facet normal -0.881914 0.47141 0
    outer loop
      vertex 23.9023 -13.8 2.4
      vertex 24.7537 -12.2072 20.4
      vertex 24.7537 -12.2072 2.4
    endloop
  endfacet
  facet normal -0.881914 0.47141 0
    outer loop
      vertex 24.7537 -12.2072 20.4
      vertex 23.9023 -13.8 2.4
      vertex 23.9023 -13.8 20.4
    endloop
  endfacet
  facet normal 0.995186 -0.0980021 0
    outer loop
      vertex -27.5409 1.80513 20.4
      vertex -27.3639 3.60252 2.4
      vertex -27.3639 3.60252 20.4
    endloop
  endfacet
  facet normal 0.995186 -0.0980021 0
    outer loop
      vertex -27.3639 3.60252 2.4
      vertex -27.5409 1.80513 20.4
      vertex -27.5409 1.80513 2.4
    endloop
  endfacet
  facet normal -0.63441 -0.772997 0
    outer loop
      vertex 16.8018 21.8966 2.4
      vertex 18.1979 20.7508 20.4
      vertex 16.8018 21.8966 20.4
    endloop
  endfacet
  facet normal -0.63441 -0.772997 -0
    outer loop
      vertex 18.1979 20.7508 20.4
      vertex 16.8018 21.8966 2.4
      vertex 18.1979 20.7508 2.4
    endloop
  endfacet
  facet normal -0.412714 -0.910861 0
    outer loop
      vertex 10.5621 25.4991 2.4
      vertex 12.2072 24.7537 20.4
      vertex 10.5621 25.4991 20.4
    endloop
  endfacet
  facet normal -0.412714 -0.910861 -0
    outer loop
      vertex 12.2072 24.7537 20.4
      vertex 10.5621 25.4991 2.4
      vertex 12.2072 24.7537 2.4
    endloop
  endfacet
  facet normal 0.956938 0.290293 0
    outer loop
      vertex -26.1353 -8.87173 20.4
      vertex -26.6596 -7.1434 2.4
      vertex -26.6596 -7.1434 20.4
    endloop
  endfacet
  facet normal 0.956938 0.290293 0
    outer loop
      vertex -26.6596 -7.1434 2.4
      vertex -26.1353 -8.87173 20.4
      vertex -26.1353 -8.87173 2.4
    endloop
  endfacet
  facet normal 0.849206 -0.528061 0
    outer loop
      vertex -23.9023 13.8 20.4
      vertex -22.9486 15.3337 16.4
      vertex -22.9486 15.3337 20.4
    endloop
  endfacet
  facet normal 0.849206 -0.528061 0
    outer loop
      vertex -22.9486 15.3337 16.4
      vertex -23.9023 13.8 20.4
      vertex -23.9023 13.8 16.4
    endloop
  endfacet
  facet normal 0.162893 0.986644 -0
    outer loop
      vertex -3.60252 -27.3639 2.4
      vertex -5.38449 -27.0697 20.4
      vertex -3.60252 -27.3639 20.4
    endloop
  endfacet
  facet normal 0.162893 0.986644 0
    outer loop
      vertex -5.38449 -27.0697 20.4
      vertex -3.60252 -27.3639 2.4
      vertex -5.38449 -27.0697 2.4
    endloop
  endfacet
  facet normal 0.973879 0.227066 0
    outer loop
      vertex -26.6596 -7.1434 20.4
      vertex -27.0697 -5.38449 2.4
      vertex -27.0697 -5.38449 20.4
    endloop
  endfacet
  facet normal 0.973879 0.227066 0
    outer loop
      vertex -27.0697 -5.38449 2.4
      vertex -26.6596 -7.1434 20.4
      vertex -26.6596 -7.1434 2.4
    endloop
  endfacet
  facet normal 0.772997 0.63441 0
    outer loop
      vertex -20.7508 -18.1979 20.4
      vertex -21.8966 -16.8018 2.4
      vertex -21.8966 -16.8018 20.4
    endloop
  endfacet
  facet normal 0.772997 0.63441 0
    outer loop
      vertex -21.8966 -16.8018 2.4
      vertex -20.7508 -18.1979 20.4
      vertex -20.7508 -18.1979 2.4
    endloop
  endfacet
  facet normal -0.995186 0.0980021 0
    outer loop
      vertex 27.3639 -3.60252 2.4
      vertex 27.5409 -1.80513 4.4
      vertex 27.5409 -1.80513 2.4
    endloop
  endfacet
  facet normal -0.995186 0.0980021 0
    outer loop
      vertex 27.5409 -1.80513 4.4
      vertex 27.3639 -3.60252 2.4
      vertex 27.3639 -3.60252 4.4
    endloop
  endfacet
  facet normal -0.995186 0.0980021 0
    outer loop
      vertex 27.3639 -3.60252 9.4
      vertex 27.5409 -1.80513 20.4
      vertex 27.5409 -1.80513 9.4
    endloop
  endfacet
  facet normal -0.995186 0.0980021 0
    outer loop
      vertex 27.5409 -1.80513 20.4
      vertex 27.3639 -3.60252 9.4
      vertex 27.3639 -3.60252 20.4
    endloop
  endfacet
  facet normal 0.162893 -0.986644 0
    outer loop
      vertex -5.38449 27.0697 2.4
      vertex -3.60252 27.3639 20.4
      vertex -5.38449 27.0697 20.4
    endloop
  endfacet
  facet normal 0.162893 -0.986644 0
    outer loop
      vertex -3.60252 27.3639 20.4
      vertex -5.38449 27.0697 2.4
      vertex -3.60252 27.3639 2.4
    endloop
  endfacet
  facet normal 0.352245 -0.935908 0
    outer loop
      vertex -10.5621 25.4991 2.4
      vertex -8.87173 26.1353 20.4
      vertex -10.5621 25.4991 20.4
    endloop
  endfacet
  facet normal 0.352245 -0.935908 0
    outer loop
      vertex -8.87173 26.1353 20.4
      vertex -10.5621 25.4991 2.4
      vertex -8.87173 26.1353 2.4
    endloop
  endfacet
  facet normal -0.683613 -0.729844 0
    outer loop
      vertex 18.1979 20.7508 2.4
      vertex 19.5161 19.5161 20.4
      vertex 18.1979 20.7508 20.4
    endloop
  endfacet
  facet normal -0.683613 -0.729844 -0
    outer loop
      vertex 19.5161 19.5161 20.4
      vertex 18.1979 20.7508 2.4
      vertex 19.5161 19.5161 2.4
    endloop
  endfacet
  facet normal 0.812853 -0.582468 0
    outer loop
      vertex -22.9486 15.3337 20.4
      vertex -21.8966 16.8018 16.4
      vertex -21.8966 16.8018 20.4
    endloop
  endfacet
  facet normal 0.812853 -0.582468 0
    outer loop
      vertex -21.8966 16.8018 16.4
      vertex -22.9486 15.3337 20.4
      vertex -22.9486 15.3337 16.4
    endloop
  endfacet
  facet normal 0.412714 0.910861 -0
    outer loop
      vertex -10.5621 -25.4991 2.4
      vertex -12.2072 -24.7537 20.4
      vertex -10.5621 -25.4991 20.4
    endloop
  endfacet
  facet normal 0.412714 0.910861 0
    outer loop
      vertex -12.2072 -24.7537 20.4
      vertex -10.5621 -25.4991 2.4
      vertex -12.2072 -24.7537 2.4
    endloop
  endfacet
  facet normal 0.227066 0.973879 -0
    outer loop
      vertex -5.38449 -27.0697 2.4
      vertex -7.1434 -26.6596 20.4
      vertex -5.38449 -27.0697 20.4
    endloop
  endfacet
  facet normal 0.227066 0.973879 0
    outer loop
      vertex -7.1434 -26.6596 20.4
      vertex -5.38449 -27.0697 2.4
      vertex -7.1434 -26.6596 2.4
    endloop
  endfacet
  facet normal 0.986644 0.162893 0
    outer loop
      vertex -27.0697 -5.38449 20.4
      vertex -27.3639 -3.60252 2.4
      vertex -27.3639 -3.60252 20.4
    endloop
  endfacet
  facet normal 0.986644 0.162893 0
    outer loop
      vertex -27.3639 -3.60252 2.4
      vertex -27.0697 -5.38449 20.4
      vertex -27.0697 -5.38449 2.4
    endloop
  endfacet
  facet normal 0.0980021 -0.995186 0
    outer loop
      vertex -3.60252 27.3639 2.4
      vertex -1.80513 27.5409 20.4
      vertex -3.60252 27.3639 20.4
    endloop
  endfacet
  facet normal 0.0980021 -0.995186 0
    outer loop
      vertex -1.80513 27.5409 20.4
      vertex -3.60252 27.3639 2.4
      vertex -1.80513 27.5409 2.4
    endloop
  endfacet
  facet normal -0.63441 0.772997 0
    outer loop
      vertex 18.1979 -20.7508 2.4
      vertex 16.8018 -21.8966 20.4
      vertex 18.1979 -20.7508 20.4
    endloop
  endfacet
  facet normal -0.63441 0.772997 0
    outer loop
      vertex 16.8018 -21.8966 20.4
      vertex 18.1979 -20.7508 2.4
      vertex 16.8018 -21.8966 2.4
    endloop
  endfacet
  facet normal 0.227066 -0.973879 0
    outer loop
      vertex -7.1434 26.6596 2.4
      vertex -5.38449 27.0697 20.4
      vertex -7.1434 26.6596 20.4
    endloop
  endfacet
  facet normal 0.227066 -0.973879 0
    outer loop
      vertex -5.38449 27.0697 20.4
      vertex -7.1434 26.6596 2.4
      vertex -5.38449 27.0697 2.4
    endloop
  endfacet
  facet normal -0.973883 0.227051 0
    outer loop
      vertex 27.0697 -5.38449 2.4
      vertex 26.9262 -6 4.4
      vertex 27.0697 -5.38449 4.4
    endloop
  endfacet
  facet normal -0.973878 0.227073 0
    outer loop
      vertex 26.9262 -6 4.4
      vertex 26.6596 -7.1434 2.4
      vertex 26.9262 -6 9.4
    endloop
  endfacet
  facet normal -0.973879 0.227066 4.72458e-06
    outer loop
      vertex 26.6596 -7.1434 2.4
      vertex 26.9262 -6 4.4
      vertex 27.0697 -5.38449 2.4
    endloop
  endfacet
  facet normal -0.973883 0.227051 0
    outer loop
      vertex 26.9262 -6 9.4
      vertex 27.0697 -5.38449 20.4
      vertex 27.0697 -5.38449 9.4
    endloop
  endfacet
  facet normal -0.973878 0.227073 0
    outer loop
      vertex 26.6596 -7.1434 20.4
      vertex 26.9262 -6 9.4
      vertex 26.6596 -7.1434 2.4
    endloop
  endfacet
  facet normal -0.973879 0.227066 -8.59015e-07
    outer loop
      vertex 26.9262 -6 9.4
      vertex 26.6596 -7.1434 20.4
      vertex 27.0697 -5.38449 20.4
    endloop
  endfacet
  facet normal 0.999464 0.0327225 0
    outer loop
      vertex -27.5409 -1.80513 20.4
      vertex -27.6 0 2.4
      vertex -27.6 0 20.4
    endloop
  endfacet
  facet normal 0.999464 0.0327225 0
    outer loop
      vertex -27.6 0 2.4
      vertex -27.5409 -1.80513 20.4
      vertex -27.5409 -1.80513 2.4
    endloop
  endfacet
  facet normal -0.412714 0.910861 0
    outer loop
      vertex 12.2072 -24.7537 2.4
      vertex 10.5621 -25.4991 20.4
      vertex 12.2072 -24.7537 20.4
    endloop
  endfacet
  facet normal -0.412714 0.910861 0
    outer loop
      vertex 10.5621 -25.4991 20.4
      vertex 12.2072 -24.7537 2.4
      vertex 10.5621 -25.4991 2.4
    endloop
  endfacet
  facet normal 0.812853 0.582468 0
    outer loop
      vertex -21.8966 -16.8018 20.4
      vertex -22.9486 -15.3337 2.4
      vertex -22.9486 -15.3337 20.4
    endloop
  endfacet
  facet normal 0.812853 0.582468 0
    outer loop
      vertex -22.9486 -15.3337 2.4
      vertex -21.8966 -16.8018 20.4
      vertex -21.8966 -16.8018 2.4
    endloop
  endfacet
  facet normal 0.352245 0.935908 -0
    outer loop
      vertex -8.87173 -26.1353 2.4
      vertex -10.5621 -25.4991 20.4
      vertex -8.87173 -26.1353 20.4
    endloop
  endfacet
  facet normal 0.352245 0.935908 0
    outer loop
      vertex -10.5621 -25.4991 20.4
      vertex -8.87173 -26.1353 2.4
      vertex -10.5621 -25.4991 2.4
    endloop
  endfacet
  facet normal 0 0 1
    outer loop
      vertex -17 6.22987 2.4
      vertex -17.3294 6.30667 2.4
      vertex -17 -10 2.4
    endloop
  endfacet
  facet normal -0 0 1
    outer loop
      vertex -6.17293 13.2442 2.4
      vertex 15 10 2.4
      vertex -6.077 13.8253 2.4
    endloop
  endfacet
  facet normal -0 0 1
    outer loop
      vertex -6.30667 12.6706 2.4
      vertex 15 10 2.4
      vertex -6.17293 13.2442 2.4
    endloop
  endfacet
  facet normal -0 0 1
    outer loop
      vertex -6.47763 12.107 2.4
      vertex 15 10 2.4
      vertex -6.30667 12.6706 2.4
    endloop
  endfacet
  facet normal -0 0 1
    outer loop
      vertex -6.68508 11.5558 2.4
      vertex 15 10 2.4
      vertex -6.47763 12.107 2.4
    endloop
  endfacet
  facet normal -0 0 1
    outer loop
      vertex -6.92814 11.0194 2.4
      vertex 15 10 2.4
      vertex -6.68508 11.5558 2.4
    endloop
  endfacet
  facet normal -0 0 1
    outer loop
      vertex -7.20577 10.5 2.4
      vertex 15 10 2.4
      vertex -6.92814 11.0194 2.4
    endloop
  endfacet
  facet normal 0 0 1
    outer loop
      vertex -7.51677 9.99987 2.4
      vertex 15 10 2.4
      vertex -7.20577 10.5 2.4
    endloop
  endfacet
  facet normal 0 0 1
    outer loop
      vertex -7.85982 9.52115 2.4
      vertex 15 10 2.4
      vertex -7.51677 9.99987 2.4
    endloop
  endfacet
  facet normal 0 0 1
    outer loop
      vertex 15 10 2.4
      vertex -7.85982 9.52115 2.4
      vertex 15 -10 2.4
    endloop
  endfacet
  facet normal -0 0 1
    outer loop
      vertex -8.23344 9.06589 2.4
      vertex 15 -10 2.4
      vertex -7.85982 9.52115 2.4
    endloop
  endfacet
  facet normal -0 0 1
    outer loop
      vertex -8.63604 8.63604 2.4
      vertex 15 -10 2.4
      vertex -8.23344 9.06589 2.4
    endloop
  endfacet
  facet normal -0 0 1
    outer loop
      vertex -9.06589 8.23344 2.4
      vertex 15 -10 2.4
      vertex -8.63604 8.63604 2.4
    endloop
  endfacet
  facet normal 0 0 1
    outer loop
      vertex 15 -10 2.4
      vertex -15 -10 2.4
      vertex -5.38449 -27.0697 2.4
    endloop
  endfacet
  facet normal 0 0 1
    outer loop
      vertex -5.38449 -27.0697 2.4
      vertex -15 -10 2.4
      vertex -7.1434 -26.6596 2.4
    endloop
  endfacet
  facet normal -0 0 1
    outer loop
      vertex -9.52115 7.85982 2.4
      vertex 15 -10 2.4
      vertex -9.06589 8.23344 2.4
    endloop
  endfacet
  facet normal 0 0 1
    outer loop
      vertex 15 -10 2.4
      vertex -9.52115 7.85982 2.4
      vertex -15 -10 2.4
    endloop
  endfacet
  facet normal 0 0 1
    outer loop
      vertex -15 -10 2.4
      vertex -9.52115 7.85982 2.4
      vertex -9.99987 7.51677 2.4
    endloop
  endfacet
  facet normal 0 0 1
    outer loop
      vertex -15 -10 2.4
      vertex -9.99987 7.51677 2.4
      vertex -10.5 7.20577 2.4
    endloop
  endfacet
  facet normal 0 0 1
    outer loop
      vertex -7.1434 -26.6596 2.4
      vertex -15 -10 2.4
      vertex -8.87173 -26.1353 2.4
    endloop
  endfacet
  facet normal 0 0 1
    outer loop
      vertex -15 -10 2.4
      vertex -10.5 7.20577 2.4
      vertex -11.0194 6.92814 2.4
    endloop
  endfacet
  facet normal 0 0 1
    outer loop
      vertex -15 -10 2.4
      vertex -11.0194 6.92814 2.4
      vertex -11.5558 6.68508 2.4
    endloop
  endfacet
  facet normal 0 0 1
    outer loop
      vertex -15 -10 2.4
      vertex -11.5558 6.68508 2.4
      vertex -12.107 6.47763 2.4
    endloop
  endfacet
  facet normal 0 0 1
    outer loop
      vertex -8.87173 -26.1353 2.4
      vertex -15 -10 2.4
      vertex -10.5621 -25.4991 2.4
    endloop
  endfacet
  facet normal 0 0 1
    outer loop
      vertex -15 -10 2.4
      vertex -12.107 6.47763 2.4
      vertex -12.6706 6.30667 2.4
    endloop
  endfacet
  facet normal 0 0 1
    outer loop
      vertex -15 -10 2.4
      vertex -12.6706 6.30667 2.4
      vertex -13.2442 6.17293 2.4
    endloop
  endfacet
  facet normal 0 0 1
    outer loop
      vertex -10.5621 -25.4991 2.4
      vertex -15 -10 2.4
      vertex -12.2072 -24.7537 2.4
    endloop
  endfacet
  facet normal 0 0 1
    outer loop
      vertex -15 -10 2.4
      vertex -13.2442 6.17293 2.4
      vertex -13.8253 6.077 2.4
    endloop
  endfacet
  facet normal 0 0 1
    outer loop
      vertex -15 -10 2.4
      vertex -13.8253 6.077 2.4
      vertex -14.4114 6.01927 2.4
    endloop
  endfacet
  facet normal 0 0 1
    outer loop
      vertex -15 -10 2.4
      vertex -14.4114 6.01927 2.4
      vertex -15 6 2.4
    endloop
  endfacet
  facet normal 0 0 1
    outer loop
      vertex -12.2072 -24.7537 2.4
      vertex -15 -10 2.4
      vertex -13.8 -23.9023 2.4
    endloop
  endfacet
  facet normal 0 0 1
    outer loop
      vertex -15 -10 2.4
      vertex -15.3337 -22.9486 2.4
      vertex -13.8 -23.9023 2.4
    endloop
  endfacet
  facet normal 0 0 1
    outer loop
      vertex -15 -10 2.4
      vertex -16.8018 -21.8966 2.4
      vertex -15.3337 -22.9486 2.4
    endloop
  endfacet
  facet normal 0 0 1
    outer loop
      vertex -19.5161 -19.5161 2.4
      vertex -15 -10 2.4
      vertex -17 -10 2.4
    endloop
  endfacet
  facet normal -0 0 1
    outer loop
      vertex -27.3639 -3.60252 2.4
      vertex -17 -10 2.4
      vertex -17.3294 6.30667 2.4
    endloop
  endfacet
  facet normal 0 0 1
    outer loop
      vertex -27.5409 -1.80513 2.4
      vertex -17.3294 6.30667 2.4
      vertex -17.893 6.47763 2.4
    endloop
  endfacet
  facet normal 0 0 1
    outer loop
      vertex -15 -10 2.4
      vertex -18.1979 -20.7508 2.4
      vertex -16.8018 -21.8966 2.4
    endloop
  endfacet
  facet normal 0 0 1
    outer loop
      vertex -27.6 0 2.4
      vertex -17.893 6.47763 2.4
      vertex -18.4441 6.68508 2.4
    endloop
  endfacet
  facet normal 0 0 1
    outer loop
      vertex -27.5409 1.80513 2.4
      vertex -18.4441 6.68508 2.4
      vertex -18.9806 6.92814 2.4
    endloop
  endfacet
  facet normal 0 0 1
    outer loop
      vertex -27.5409 1.80513 2.4
      vertex -18.9806 6.92814 2.4
      vertex -19.5 7.20577 2.4
    endloop
  endfacet
  facet normal 0 0 1
    outer loop
      vertex -15 -10 2.4
      vertex -19.5161 -19.5161 2.4
      vertex -18.1979 -20.7508 2.4
    endloop
  endfacet
  facet normal 0 0 1
    outer loop
      vertex -27.3639 3.60252 2.4
      vertex -19.5 7.20577 2.4
      vertex -20.0001 7.51677 2.4
    endloop
  endfacet
  facet normal 0 0 1
    outer loop
      vertex -27.0697 5.38449 2.4
      vertex -20.0001 7.51677 2.4
      vertex -20.4789 7.85982 2.4
    endloop
  endfacet
  facet normal 0 0 1
    outer loop
      vertex -17 -10 2.4
      vertex -20.7508 -18.1979 2.4
      vertex -19.5161 -19.5161 2.4
    endloop
  endfacet
  facet normal 0 0 1
    outer loop
      vertex -27.0697 5.38449 2.4
      vertex -20.4789 7.85982 2.4
      vertex -20.9341 8.23344 2.4
    endloop
  endfacet
  facet normal 0 0 1
    outer loop
      vertex -26.6596 7.1434 2.4
      vertex -20.9341 8.23344 2.4
      vertex -21.364 8.63604 2.4
    endloop
  endfacet
  facet normal 0 0 1
    outer loop
      vertex -26.6596 7.1434 2.4
      vertex -21.364 8.63604 2.4
      vertex -21.7666 9.06589 2.4
    endloop
  endfacet
  facet normal 0 0 1
    outer loop
      vertex -17 -10 2.4
      vertex -21.8966 -16.8018 2.4
      vertex -20.7508 -18.1979 2.4
    endloop
  endfacet
  facet normal 0 0 1
    outer loop
      vertex -26.1353 8.87173 2.4
      vertex -21.7666 9.06589 2.4
      vertex -22.1402 9.52115 2.4
    endloop
  endfacet
  facet normal 0 0 1
    outer loop
      vertex -26.1353 8.87173 2.4
      vertex -22.1402 9.52115 2.4
      vertex -22.4832 9.99987 2.4
    endloop
  endfacet
  facet normal 0 0 1
    outer loop
      vertex -25.4991 10.5621 2.4
      vertex -22.4832 9.99987 2.4
      vertex -22.7942 10.5 2.4
    endloop
  endfacet
  facet normal 0 0 1
    outer loop
      vertex -17 -10 2.4
      vertex -22.9486 -15.3337 2.4
      vertex -21.8966 -16.8018 2.4
    endloop
  endfacet
  facet normal -0 0 1
    outer loop
      vertex -25.4991 10.5621 2.4
      vertex -22.7942 10.5 2.4
      vertex -23.0719 11.0194 2.4
    endloop
  endfacet
  facet normal 0 0 1
    outer loop
      vertex -25.4991 10.5621 2.4
      vertex -23.0719 11.0194 2.4
      vertex -23.3149 11.5558 2.4
    endloop
  endfacet
  facet normal 0 0 1
    outer loop
      vertex -24.7537 12.2072 2.4
      vertex -23.3149 11.5558 2.4
      vertex -23.5224 12.107 2.4
    endloop
  endfacet
  facet normal -0 0 1
    outer loop
      vertex -24.7537 12.2072 2.4
      vertex -23.5224 12.107 2.4
      vertex -23.6933 12.6706 2.4
    endloop
  endfacet
  facet normal 0 0 1
    outer loop
      vertex -24.7537 12.2072 2.4
      vertex -23.6933 12.6706 2.4
      vertex -23.8271 13.2442 2.4
    endloop
  endfacet
  facet normal 0 0 1
    outer loop
      vertex -17 -10 2.4
      vertex -23.9023 -13.8 2.4
      vertex -22.9486 -15.3337 2.4
    endloop
  endfacet
  facet normal 0 0 1
    outer loop
      vertex -24.7537 12.2072 2.4
      vertex -23.8271 13.2442 2.4
      vertex -23.9149 13.7764 2.4
    endloop
  endfacet
  facet normal 0 0 1
    outer loop
      vertex -23.3149 11.5558 2.4
      vertex -24.7537 12.2072 2.4
      vertex -25.4991 10.5621 2.4
    endloop
  endfacet
  facet normal 0 0 1
    outer loop
      vertex -17 -10 2.4
      vertex -24.7537 -12.2072 2.4
      vertex -23.9023 -13.8 2.4
    endloop
  endfacet
  facet normal 0 0 1
    outer loop
      vertex -22.4832 9.99987 2.4
      vertex -25.4991 10.5621 2.4
      vertex -26.1353 8.87173 2.4
    endloop
  endfacet
  facet normal 0 0 1
    outer loop
      vertex -17 -10 2.4
      vertex -25.4991 -10.5621 2.4
      vertex -24.7537 -12.2072 2.4
    endloop
  endfacet
  facet normal 0 0 1
    outer loop
      vertex -21.7666 9.06589 2.4
      vertex -26.1353 8.87173 2.4
      vertex -26.6596 7.1434 2.4
    endloop
  endfacet
  facet normal 0 0 1
    outer loop
      vertex -17 -10 2.4
      vertex -26.1353 -8.87173 2.4
      vertex -25.4991 -10.5621 2.4
    endloop
  endfacet
  facet normal 0 0 1
    outer loop
      vertex -20.9341 8.23344 2.4
      vertex -26.6596 7.1434 2.4
      vertex -27.0697 5.38449 2.4
    endloop
  endfacet
  facet normal 0 0 1
    outer loop
      vertex -17 -10 2.4
      vertex -26.6596 -7.1434 2.4
      vertex -26.1353 -8.87173 2.4
    endloop
  endfacet
  facet normal 0 0 1
    outer loop
      vertex -20.0001 7.51677 2.4
      vertex -27.0697 5.38449 2.4
      vertex -27.3639 3.60252 2.4
    endloop
  endfacet
  facet normal 0 0 1
    outer loop
      vertex -17 -10 2.4
      vertex -27.0697 -5.38449 2.4
      vertex -26.6596 -7.1434 2.4
    endloop
  endfacet
  facet normal 0 0 1
    outer loop
      vertex -19.5 7.20577 2.4
      vertex -27.3639 3.60252 2.4
      vertex -27.5409 1.80513 2.4
    endloop
  endfacet
  facet normal 0 0 1
    outer loop
      vertex -17 -10 2.4
      vertex -27.3639 -3.60252 2.4
      vertex -27.0697 -5.38449 2.4
    endloop
  endfacet
  facet normal 0 0 1
    outer loop
      vertex -18.4441 6.68508 2.4
      vertex -27.5409 1.80513 2.4
      vertex -27.6 0 2.4
    endloop
  endfacet
  facet normal 0 0 1
    outer loop
      vertex -17.3294 6.30667 2.4
      vertex -27.5409 -1.80513 2.4
      vertex -27.3639 -3.60252 2.4
    endloop
  endfacet
  facet normal 0 0 1
    outer loop
      vertex -17.893 6.47763 2.4
      vertex -27.6 0 2.4
      vertex -27.5409 -1.80513 2.4
    endloop
  endfacet
  facet normal 0 0 1
    outer loop
      vertex 17 10 2.4
      vertex 27.6 0 2.4
      vertex 27.5409 1.80513 2.4
    endloop
  endfacet
  facet normal 0 0 1
    outer loop
      vertex 17 10 2.4
      vertex 27.5409 1.80513 2.4
      vertex 27.3639 3.60252 2.4
    endloop
  endfacet
  facet normal 0 0 1
    outer loop
      vertex 17 -10 2.4
      vertex 27.6 0 2.4
      vertex 17 10 2.4
    endloop
  endfacet
  facet normal 0 0 1
    outer loop
      vertex 17 10 2.4
      vertex 27.3639 3.60252 2.4
      vertex 27.0697 5.38449 2.4
    endloop
  endfacet
  facet normal 0 0 1
    outer loop
      vertex 27.6 0 2.4
      vertex 17 -10 2.4
      vertex 27.5409 -1.80513 2.4
    endloop
  endfacet
  facet normal 0 0 1
    outer loop
      vertex 17 10 2.4
      vertex 27.0697 5.38449 2.4
      vertex 26.6596 7.1434 2.4
    endloop
  endfacet
  facet normal 0 0 1
    outer loop
      vertex 27.5409 -1.80513 2.4
      vertex 17 -10 2.4
      vertex 27.3639 -3.60252 2.4
    endloop
  endfacet
  facet normal 0 0 1
    outer loop
      vertex 17 10 2.4
      vertex 26.6596 7.1434 2.4
      vertex 26.1353 8.87173 2.4
    endloop
  endfacet
  facet normal 0 0 1
    outer loop
      vertex 27.3639 -3.60252 2.4
      vertex 17 -10 2.4
      vertex 27.0697 -5.38449 2.4
    endloop
  endfacet
  facet normal -0 0 1
    outer loop
      vertex 17 10 2.4
      vertex 26.1353 8.87173 2.4
      vertex 25.4991 10.5621 2.4
    endloop
  endfacet
  facet normal 0 0 1
    outer loop
      vertex 27.0697 -5.38449 2.4
      vertex 17 -10 2.4
      vertex 26.6596 -7.1434 2.4
    endloop
  endfacet
  facet normal 0 0 1
    outer loop
      vertex 17 10 2.4
      vertex 25.4991 10.5621 2.4
      vertex 24.7537 12.2072 2.4
    endloop
  endfacet
  facet normal 0 0 1
    outer loop
      vertex 26.6596 -7.1434 2.4
      vertex 17 -10 2.4
      vertex 26.1353 -8.87173 2.4
    endloop
  endfacet
  facet normal 0 0 1
    outer loop
      vertex 17 10 2.4
      vertex 24.7537 12.2072 2.4
      vertex 23.9023 13.8 2.4
    endloop
  endfacet
  facet normal 0 0 1
    outer loop
      vertex 26.1353 -8.87173 2.4
      vertex 17 -10 2.4
      vertex 25.4991 -10.5621 2.4
    endloop
  endfacet
  facet normal 0 0 1
    outer loop
      vertex 17 10 2.4
      vertex 23.9023 13.8 2.4
      vertex 22.9486 15.3337 2.4
    endloop
  endfacet
  facet normal 0 0 1
    outer loop
      vertex 25.4991 -10.5621 2.4
      vertex 17 -10 2.4
      vertex 24.7537 -12.2072 2.4
    endloop
  endfacet
  facet normal 0 0 1
    outer loop
      vertex 17 10 2.4
      vertex 22.9486 15.3337 2.4
      vertex 21.8966 16.8018 2.4
    endloop
  endfacet
  facet normal 0 0 1
    outer loop
      vertex 24.7537 -12.2072 2.4
      vertex 17 -10 2.4
      vertex 23.9023 -13.8 2.4
    endloop
  endfacet
  facet normal 0 0 1
    outer loop
      vertex 17 10 2.4
      vertex 21.8966 16.8018 2.4
      vertex 20.7508 18.1979 2.4
    endloop
  endfacet
  facet normal 0 0 1
    outer loop
      vertex 23.9023 -13.8 2.4
      vertex 17 -10 2.4
      vertex 22.9486 -15.3337 2.4
    endloop
  endfacet
  facet normal 0 0 1
    outer loop
      vertex 17 10 2.4
      vertex 20.7508 18.1979 2.4
      vertex 19.5161 19.5161 2.4
    endloop
  endfacet
  facet normal 0 0 1
    outer loop
      vertex 22.9486 -15.3337 2.4
      vertex 17 -10 2.4
      vertex 21.8966 -16.8018 2.4
    endloop
  endfacet
  facet normal 0 0 1
    outer loop
      vertex 15 10 2.4
      vertex 19.5161 19.5161 2.4
      vertex 18.1979 20.7508 2.4
    endloop
  endfacet
  facet normal 0 0 1
    outer loop
      vertex 21.8966 -16.8018 2.4
      vertex 17 -10 2.4
      vertex 20.7508 -18.1979 2.4
    endloop
  endfacet
  facet normal 0 0 1
    outer loop
      vertex 20.7508 -18.1979 2.4
      vertex 17 -10 2.4
      vertex 19.5161 -19.5161 2.4
    endloop
  endfacet
  facet normal 0 0 1
    outer loop
      vertex 15 10 2.4
      vertex 18.1979 20.7508 2.4
      vertex 16.8018 21.8966 2.4
    endloop
  endfacet
  facet normal 0 0 1
    outer loop
      vertex 15 10 2.4
      vertex 16.8018 21.8966 2.4
      vertex 15.3337 22.9486 2.4
    endloop
  endfacet
  facet normal 0 0 1
    outer loop
      vertex 19.5161 19.5161 2.4
      vertex 15 10 2.4
      vertex 17 10 2.4
    endloop
  endfacet
  facet normal 0 0 1
    outer loop
      vertex 12.2072 24.7537 2.4
      vertex 15 10 2.4
      vertex 13.8 23.9023 2.4
    endloop
  endfacet
  facet normal 0 0 1
    outer loop
      vertex 13.8 23.9023 2.4
      vertex 15 10 2.4
      vertex 15.3337 22.9486 2.4
    endloop
  endfacet
  facet normal -0 0 1
    outer loop
      vertex 15 -10 2.4
      vertex 19.5161 -19.5161 2.4
      vertex 17 -10 2.4
    endloop
  endfacet
  facet normal 0 0 1
    outer loop
      vertex 19.5161 -19.5161 2.4
      vertex 15 -10 2.4
      vertex 18.1979 -20.7508 2.4
    endloop
  endfacet
  facet normal 0 0 1
    outer loop
      vertex 18.1979 -20.7508 2.4
      vertex 15 -10 2.4
      vertex 16.8018 -21.8966 2.4
    endloop
  endfacet
  facet normal 0 0 1
    outer loop
      vertex 16.8018 -21.8966 2.4
      vertex 15 -10 2.4
      vertex 15.3337 -22.9486 2.4
    endloop
  endfacet
  facet normal -0 0 1
    outer loop
      vertex -6.01927 14.4114 2.4
      vertex 15 10 2.4
      vertex -6 15 2.4
    endloop
  endfacet
  facet normal -0 0 1
    outer loop
      vertex -6.077 13.8253 2.4
      vertex 15 10 2.4
      vertex -6.01927 14.4114 2.4
    endloop
  endfacet
  facet normal 0 0 1
    outer loop
      vertex 10.5621 25.4991 2.4
      vertex 15 10 2.4
      vertex 12.2072 24.7537 2.4
    endloop
  endfacet
  facet normal 0 0 1
    outer loop
      vertex 15 -10 2.4
      vertex 13.8 -23.9023 2.4
      vertex 15.3337 -22.9486 2.4
    endloop
  endfacet
  facet normal 0 0 1
    outer loop
      vertex 8.87173 26.1353 2.4
      vertex 15 10 2.4
      vertex 10.5621 25.4991 2.4
    endloop
  endfacet
  facet normal 0 0 1
    outer loop
      vertex 15 -10 2.4
      vertex 12.2072 -24.7537 2.4
      vertex 13.8 -23.9023 2.4
    endloop
  endfacet
  facet normal 0 0 1
    outer loop
      vertex 15 10 2.4
      vertex 8.87173 26.1353 2.4
      vertex -6 15 2.4
    endloop
  endfacet
  facet normal 0 0 1
    outer loop
      vertex 15 -10 2.4
      vertex 10.5621 -25.4991 2.4
      vertex 12.2072 -24.7537 2.4
    endloop
  endfacet
  facet normal 0 0 1
    outer loop
      vertex -6.01927 15.5886 2.4
      vertex 8.87173 26.1353 2.4
      vertex 7.1434 26.6596 2.4
    endloop
  endfacet
  facet normal 0 0 1
    outer loop
      vertex 15 -10 2.4
      vertex 8.87173 -26.1353 2.4
      vertex 10.5621 -25.4991 2.4
    endloop
  endfacet
  facet normal 0 0 1
    outer loop
      vertex -6.077 16.1747 2.4
      vertex 7.1434 26.6596 2.4
      vertex 5.38449 27.0697 2.4
    endloop
  endfacet
  facet normal 0 0 1
    outer loop
      vertex 15 -10 2.4
      vertex 7.1434 -26.6596 2.4
      vertex 8.87173 -26.1353 2.4
    endloop
  endfacet
  facet normal 0 0 1
    outer loop
      vertex -6.17293 16.7558 2.4
      vertex 5.38449 27.0697 2.4
      vertex 3.60252 27.3639 2.4
    endloop
  endfacet
  facet normal 0 0 1
    outer loop
      vertex 15 -10 2.4
      vertex 5.38449 -27.0697 2.4
      vertex 7.1434 -26.6596 2.4
    endloop
  endfacet
  facet normal 0 0 1
    outer loop
      vertex -6.30667 17.3294 2.4
      vertex 3.60252 27.3639 2.4
      vertex 1.80513 27.5409 2.4
    endloop
  endfacet
  facet normal 0 0 1
    outer loop
      vertex 15 -10 2.4
      vertex 3.60252 -27.3639 2.4
      vertex 5.38449 -27.0697 2.4
    endloop
  endfacet
  facet normal 0 0 1
    outer loop
      vertex -6.47763 17.893 2.4
      vertex 1.80513 27.5409 2.4
      vertex 0 27.6 2.4
    endloop
  endfacet
  facet normal 0 0 1
    outer loop
      vertex 15 -10 2.4
      vertex 1.80513 -27.5409 2.4
      vertex 3.60252 -27.3639 2.4
    endloop
  endfacet
  facet normal 0 0 1
    outer loop
      vertex -6.68508 18.4441 2.4
      vertex 0 27.6 2.4
      vertex -1.80513 27.5409 2.4
    endloop
  endfacet
  facet normal 0 0 1
    outer loop
      vertex 15 -10 2.4
      vertex 0 -27.6 2.4
      vertex 1.80513 -27.5409 2.4
    endloop
  endfacet
  facet normal 0 0 1
    outer loop
      vertex -7.20577 19.5 2.4
      vertex -1.80513 27.5409 2.4
      vertex -3.60252 27.3639 2.4
    endloop
  endfacet
  facet normal 0 0 1
    outer loop
      vertex 15 -10 2.4
      vertex -1.80513 -27.5409 2.4
      vertex 0 -27.6 2.4
    endloop
  endfacet
  facet normal 0 0 1
    outer loop
      vertex -7.51677 20.0001 2.4
      vertex -3.60252 27.3639 2.4
      vertex -5.38449 27.0697 2.4
    endloop
  endfacet
  facet normal 0 0 1
    outer loop
      vertex 15 -10 2.4
      vertex -3.60252 -27.3639 2.4
      vertex -1.80513 -27.5409 2.4
    endloop
  endfacet
  facet normal 0 0 1
    outer loop
      vertex 15 -10 2.4
      vertex -5.38449 -27.0697 2.4
      vertex -3.60252 -27.3639 2.4
    endloop
  endfacet
  facet normal 0 0 1
    outer loop
      vertex 8.87173 26.1353 2.4
      vertex -6.01927 15.5886 2.4
      vertex -6 15 2.4
    endloop
  endfacet
  facet normal 0 0 1
    outer loop
      vertex 7.1434 26.6596 2.4
      vertex -6.077 16.1747 2.4
      vertex -6.01927 15.5886 2.4
    endloop
  endfacet
  facet normal 0 0 1
    outer loop
      vertex 5.38449 27.0697 2.4
      vertex -6.17293 16.7558 2.4
      vertex -6.077 16.1747 2.4
    endloop
  endfacet
  facet normal 0 0 1
    outer loop
      vertex 3.60252 27.3639 2.4
      vertex -6.30667 17.3294 2.4
      vertex -6.17293 16.7558 2.4
    endloop
  endfacet
  facet normal 0 0 1
    outer loop
      vertex 1.80513 27.5409 2.4
      vertex -6.47763 17.893 2.4
      vertex -6.30667 17.3294 2.4
    endloop
  endfacet
  facet normal 0 0 1
    outer loop
      vertex 0 27.6 2.4
      vertex -6.68508 18.4441 2.4
      vertex -6.47763 17.893 2.4
    endloop
  endfacet
  facet normal 0 0 1
    outer loop
      vertex -1.80513 27.5409 2.4
      vertex -6.92814 18.9806 2.4
      vertex -6.68508 18.4441 2.4
    endloop
  endfacet
  facet normal 0 0 1
    outer loop
      vertex -8.23344 20.9341 2.4
      vertex -5.38449 27.0697 2.4
      vertex -7.1434 26.6596 2.4
    endloop
  endfacet
  facet normal 0 0 1
    outer loop
      vertex -1.80513 27.5409 2.4
      vertex -7.20577 19.5 2.4
      vertex -6.92814 18.9806 2.4
    endloop
  endfacet
  facet normal 0 0 1
    outer loop
      vertex -3.60252 27.3639 2.4
      vertex -7.51677 20.0001 2.4
      vertex -7.20577 19.5 2.4
    endloop
  endfacet
  facet normal 0 0 1
    outer loop
      vertex -5.38449 27.0697 2.4
      vertex -7.85982 20.4789 2.4
      vertex -7.51677 20.0001 2.4
    endloop
  endfacet
  facet normal 0 0 1
    outer loop
      vertex -5.38449 27.0697 2.4
      vertex -8.23344 20.9341 2.4
      vertex -7.85982 20.4789 2.4
    endloop
  endfacet
  facet normal 0 0 1
    outer loop
      vertex -7.1434 26.6596 2.4
      vertex -8.63604 21.364 2.4
      vertex -8.23344 20.9341 2.4
    endloop
  endfacet
  facet normal 0 0 1
    outer loop
      vertex -9.06589 21.7666 2.4
      vertex -7.1434 26.6596 2.4
      vertex -8.87173 26.1353 2.4
    endloop
  endfacet
  facet normal 0 0 1
    outer loop
      vertex -7.1434 26.6596 2.4
      vertex -9.06589 21.7666 2.4
      vertex -8.63604 21.364 2.4
    endloop
  endfacet
  facet normal 0 0 1
    outer loop
      vertex -8.87173 26.1353 2.4
      vertex -9.52115 22.1402 2.4
      vertex -9.06589 21.7666 2.4
    endloop
  endfacet
  facet normal 0 0 1
    outer loop
      vertex -8.87173 26.1353 2.4
      vertex -9.99987 22.4832 2.4
      vertex -9.52115 22.1402 2.4
    endloop
  endfacet
  facet normal -0 0 1
    outer loop
      vertex -10.5621 25.4991 2.4
      vertex -9.99987 22.4832 2.4
      vertex -8.87173 26.1353 2.4
    endloop
  endfacet
  facet normal 0 0 1
    outer loop
      vertex -9.99987 22.4832 2.4
      vertex -10.5621 25.4991 2.4
      vertex -10.5 22.7942 2.4
    endloop
  endfacet
  facet normal 0 0 1
    outer loop
      vertex -10.5621 25.4991 2.4
      vertex -11.0194 23.0719 2.4
      vertex -10.5 22.7942 2.4
    endloop
  endfacet
  facet normal 0 0 1
    outer loop
      vertex -10.5621 25.4991 2.4
      vertex -11.5558 23.3149 2.4
      vertex -11.0194 23.0719 2.4
    endloop
  endfacet
  facet normal -0 0 1
    outer loop
      vertex -12.2072 24.7537 2.4
      vertex -11.5558 23.3149 2.4
      vertex -10.5621 25.4991 2.4
    endloop
  endfacet
  facet normal 0 0 1
    outer loop
      vertex -11.5558 23.3149 2.4
      vertex -12.2072 24.7537 2.4
      vertex -12.107 23.5224 2.4
    endloop
  endfacet
  facet normal 0 0 1
    outer loop
      vertex -12.2072 24.7537 2.4
      vertex -12.6706 23.6933 2.4
      vertex -12.107 23.5224 2.4
    endloop
  endfacet
  facet normal 0 0 1
    outer loop
      vertex -12.2072 24.7537 2.4
      vertex -13.2442 23.8271 2.4
      vertex -12.6706 23.6933 2.4
    endloop
  endfacet
  facet normal 0 -0 1
    outer loop
      vertex -13.2442 23.8271 2.4
      vertex -12.2072 24.7537 2.4
      vertex -13.7764 23.9149 2.4
    endloop
  endfacet
  facet normal 0 0 -1
    outer loop
      vertex -19.7804 22.5552 2.4
      vertex -19.5 22.7942 2.4
      vertex -19.4688 22.8109 2.4
    endloop
  endfacet
  facet normal -0 0 -1
    outer loop
      vertex -19.7804 22.5552 2.4
      vertex -20.0001 22.4832 2.4
      vertex -19.5 22.7942 2.4
    endloop
  endfacet
  facet normal 0 0 -1
    outer loop
      vertex -19.7804 22.5552 2.4
      vertex -20.4789 22.1402 2.4
      vertex -20.0001 22.4832 2.4
    endloop
  endfacet
  facet normal 0 0 -1
    outer loop
      vertex -21.2132 21.2132 2.4
      vertex -20.4789 22.1402 2.4
      vertex -19.7804 22.5552 2.4
    endloop
  endfacet
  facet normal 0 0 -1
    outer loop
      vertex -20.4789 22.1402 2.4
      vertex -21.2132 21.2132 2.4
      vertex -20.9341 21.7666 2.4
    endloop
  endfacet
  facet normal 0 0 -1
    outer loop
      vertex -21.2132 21.2132 2.4
      vertex -21.364 21.364 2.4
      vertex -20.9341 21.7666 2.4
    endloop
  endfacet
  facet normal -0 0 -1
    outer loop
      vertex -21.2132 21.2132 2.4
      vertex -21.7666 20.9341 2.4
      vertex -21.364 21.364 2.4
    endloop
  endfacet
  facet normal 0 0 -1
    outer loop
      vertex -21.2132 21.2132 2.4
      vertex -22.1402 20.4789 2.4
      vertex -21.7666 20.9341 2.4
    endloop
  endfacet
  facet normal 0 0 -1
    outer loop
      vertex -22.5552 19.7804 2.4
      vertex -22.1402 20.4789 2.4
      vertex -21.2132 21.2132 2.4
    endloop
  endfacet
  facet normal 0 0 -1
    outer loop
      vertex -22.1402 20.4789 2.4
      vertex -22.5552 19.7804 2.4
      vertex -22.4832 20.0001 2.4
    endloop
  endfacet
  facet normal -0 0 -1
    outer loop
      vertex -22.5552 19.7804 2.4
      vertex -22.7942 19.5 2.4
      vertex -22.4832 20.0001 2.4
    endloop
  endfacet
  facet normal 0 -0 -1
    outer loop
      vertex -22.7942 19.5 2.4
      vertex -22.5552 19.7804 2.4
      vertex -22.8109 19.4688 2.4
    endloop
  endfacet
  facet normal 0.683613 0.729844 -0
    outer loop
      vertex -18.1979 -20.7508 2.4
      vertex -19.5161 -19.5161 20.4
      vertex -18.1979 -20.7508 20.4
    endloop
  endfacet
  facet normal 0.683613 0.729844 0
    outer loop
      vertex -19.5161 -19.5161 20.4
      vertex -18.1979 -20.7508 2.4
      vertex -19.5161 -19.5161 2.4
    endloop
  endfacet
  facet normal 0.973879 -0.227066 0
    outer loop
      vertex -27.0697 5.38449 20.4
      vertex -26.6596 7.1434 2.4
      vertex -26.6596 7.1434 20.4
    endloop
  endfacet
  facet normal 0.973879 -0.227066 0
    outer loop
      vertex -26.6596 7.1434 2.4
      vertex -27.0697 5.38449 20.4
      vertex -27.0697 5.38449 2.4
    endloop
  endfacet
  facet normal -0.0980021 0.995186 0
    outer loop
      vertex 3.60252 -27.3639 2.4
      vertex 1.80513 -27.5409 20.4
      vertex 3.60252 -27.3639 20.4
    endloop
  endfacet
  facet normal -0.0980021 0.995186 0
    outer loop
      vertex 1.80513 -27.5409 20.4
      vertex 3.60252 -27.3639 2.4
      vertex 1.80513 -27.5409 2.4
    endloop
  endfacet
  facet normal -0.352245 0.935908 0
    outer loop
      vertex 10.5621 -25.4991 2.4
      vertex 8.87173 -26.1353 20.4
      vertex 10.5621 -25.4991 20.4
    endloop
  endfacet
  facet normal -0.352245 0.935908 0
    outer loop
      vertex 8.87173 -26.1353 20.4
      vertex 10.5621 -25.4991 2.4
      vertex 8.87173 -26.1353 2.4
    endloop
  endfacet
  facet normal -0.812853 0.582468 0
    outer loop
      vertex 21.8966 -16.8018 2.4
      vertex 22.9486 -15.3337 20.4
      vertex 22.9486 -15.3337 2.4
    endloop
  endfacet
  facet normal -0.812853 0.582468 0
    outer loop
      vertex 22.9486 -15.3337 20.4
      vertex 21.8966 -16.8018 2.4
      vertex 21.8966 -16.8018 20.4
    endloop
  endfacet
  facet normal -0.0980021 -0.995186 0
    outer loop
      vertex 1.80513 27.5409 2.4
      vertex 3.60252 27.3639 20.4
      vertex 1.80513 27.5409 20.4
    endloop
  endfacet
  facet normal -0.0980021 -0.995186 -0
    outer loop
      vertex 3.60252 27.3639 20.4
      vertex 1.80513 27.5409 2.4
      vertex 3.60252 27.3639 2.4
    endloop
  endfacet
  facet normal -0.162893 0.986644 0
    outer loop
      vertex 5.38449 -27.0697 2.4
      vertex 3.60252 -27.3639 20.4
      vertex 5.38449 -27.0697 20.4
    endloop
  endfacet
  facet normal -0.162893 0.986644 0
    outer loop
      vertex 3.60252 -27.3639 20.4
      vertex 5.38449 -27.0697 2.4
      vertex 3.60252 -27.3639 2.4
    endloop
  endfacet
  facet normal -0.290293 -0.956938 0
    outer loop
      vertex 7.1434 26.6596 2.4
      vertex 8.87173 26.1353 20.4
      vertex 7.1434 26.6596 20.4
    endloop
  endfacet
  facet normal -0.290293 -0.956938 -0
    outer loop
      vertex 8.87173 26.1353 20.4
      vertex 7.1434 26.6596 2.4
      vertex 8.87173 26.1353 2.4
    endloop
  endfacet
  facet normal -0.956938 0.290293 0
    outer loop
      vertex 26.1353 -8.87173 2.4
      vertex 26.6596 -7.1434 20.4
      vertex 26.6596 -7.1434 2.4
    endloop
  endfacet
  facet normal -0.956938 0.290293 0
    outer loop
      vertex 26.6596 -7.1434 20.4
      vertex 26.1353 -8.87173 2.4
      vertex 26.1353 -8.87173 20.4
    endloop
  endfacet
  facet normal 0.935908 0.352245 0
    outer loop
      vertex -25.4991 -10.5621 20.4
      vertex -26.1353 -8.87173 2.4
      vertex -26.1353 -8.87173 20.4
    endloop
  endfacet
  facet normal 0.935908 0.352245 0
    outer loop
      vertex -26.1353 -8.87173 2.4
      vertex -25.4991 -10.5621 20.4
      vertex -25.4991 -10.5621 2.4
    endloop
  endfacet
  facet normal 0.63441 -0.772997 0
    outer loop
      vertex -18.1979 20.7508 16.4
      vertex -16.8018 21.8966 20.4
      vertex -18.1979 20.7508 20.4
    endloop
  endfacet
  facet normal 0.63441 -0.772997 0
    outer loop
      vertex -16.8018 21.8966 20.4
      vertex -18.1979 20.7508 16.4
      vertex -16.8018 21.8966 16.4
    endloop
  endfacet
  facet normal 0.683613 -0.729844 0
    outer loop
      vertex -19.5161 19.5161 16.4
      vertex -18.1979 20.7508 20.4
      vertex -19.5161 19.5161 20.4
    endloop
  endfacet
  facet normal 0.683613 -0.729844 0
    outer loop
      vertex -18.1979 20.7508 20.4
      vertex -19.5161 19.5161 16.4
      vertex -18.1979 20.7508 16.4
    endloop
  endfacet
  facet normal 0.882146 -0.470976 0
    outer loop
      vertex -23.9023 13.8 20.4
      vertex -23.9149 13.7764 16.4
      vertex -23.9023 13.8 16.4
    endloop
  endfacet
  facet normal 0.881914 -0.47141 3.28891e-06
    outer loop
      vertex -24.7537 12.2072 20.4
      vertex -23.9149 13.7764 16.4
      vertex -23.9023 13.8 20.4
    endloop
  endfacet
  facet normal 0.881911 -0.471416 0
    outer loop
      vertex -24.7537 12.2072 2.4
      vertex -23.9149 13.7764 16.4
      vertex -24.7537 12.2072 20.4
    endloop
  endfacet
  facet normal 0.881911 -0.471416 0
    outer loop
      vertex -23.9149 13.7764 16.4
      vertex -24.7537 12.2072 2.4
      vertex -23.9149 13.7764 2.4
    endloop
  endfacet
  facet normal 0.910861 -0.412714 0
    outer loop
      vertex -25.4991 10.5621 20.4
      vertex -24.7537 12.2072 2.4
      vertex -24.7537 12.2072 20.4
    endloop
  endfacet
  facet normal 0.910861 -0.412714 0
    outer loop
      vertex -24.7537 12.2072 2.4
      vertex -25.4991 10.5621 20.4
      vertex -25.4991 10.5621 2.4
    endloop
  endfacet
  facet normal 0.729844 -0.683613 0
    outer loop
      vertex -20.7508 18.1979 20.4
      vertex -19.5161 19.5161 16.4
      vertex -19.5161 19.5161 20.4
    endloop
  endfacet
  facet normal 0.729844 -0.683613 0
    outer loop
      vertex -19.5161 19.5161 16.4
      vertex -20.7508 18.1979 20.4
      vertex -20.7508 18.1979 16.4
    endloop
  endfacet
  facet normal 0.63441 0.772997 -0
    outer loop
      vertex -16.8018 -21.8966 2.4
      vertex -18.1979 -20.7508 20.4
      vertex -16.8018 -21.8966 20.4
    endloop
  endfacet
  facet normal 0.63441 0.772997 0
    outer loop
      vertex -18.1979 -20.7508 20.4
      vertex -16.8018 -21.8966 2.4
      vertex -18.1979 -20.7508 2.4
    endloop
  endfacet
  facet normal 0.999464 -0.0327225 0
    outer loop
      vertex -27.6 0 20.4
      vertex -27.5409 1.80513 2.4
      vertex -27.5409 1.80513 20.4
    endloop
  endfacet
  facet normal 0.999464 -0.0327225 0
    outer loop
      vertex -27.5409 1.80513 2.4
      vertex -27.6 0 20.4
      vertex -27.6 0 2.4
    endloop
  endfacet
  facet normal -0.729844 -0.683613 0
    outer loop
      vertex 20.7508 18.1979 2.4
      vertex 19.5161 19.5161 20.4
      vertex 19.5161 19.5161 2.4
    endloop
  endfacet
  facet normal -0.729844 -0.683613 0
    outer loop
      vertex 19.5161 19.5161 20.4
      vertex 20.7508 18.1979 2.4
      vertex 20.7508 18.1979 20.4
    endloop
  endfacet
  facet normal -0.0327225 0.999464 0
    outer loop
      vertex 1.80513 -27.5409 2.4
      vertex 0 -27.6 20.4
      vertex 1.80513 -27.5409 20.4
    endloop
  endfacet
  facet normal -0.0327225 0.999464 0
    outer loop
      vertex 0 -27.6 20.4
      vertex 1.80513 -27.5409 2.4
      vertex 0 -27.6 2.4
    endloop
  endfacet
  facet normal -0.528061 0.849206 0
    outer loop
      vertex 15.3337 -22.9486 2.4
      vertex 13.8 -23.9023 20.4
      vertex 15.3337 -22.9486 20.4
    endloop
  endfacet
  facet normal -0.528061 0.849206 0
    outer loop
      vertex 13.8 -23.9023 20.4
      vertex 15.3337 -22.9486 2.4
      vertex 13.8 -23.9023 2.4
    endloop
  endfacet
  facet normal 0.995186 0.0980021 0
    outer loop
      vertex -27.3639 -3.60252 20.4
      vertex -27.5409 -1.80513 2.4
      vertex -27.5409 -1.80513 20.4
    endloop
  endfacet
  facet normal 0.995186 0.0980021 0
    outer loop
      vertex -27.5409 -1.80513 2.4
      vertex -27.3639 -3.60252 20.4
      vertex -27.3639 -3.60252 2.4
    endloop
  endfacet
  facet normal 0.910861 0.412714 0
    outer loop
      vertex -24.7537 -12.2072 20.4
      vertex -25.4991 -10.5621 2.4
      vertex -25.4991 -10.5621 20.4
    endloop
  endfacet
  facet normal 0.910861 0.412714 0
    outer loop
      vertex -25.4991 -10.5621 2.4
      vertex -24.7537 -12.2072 20.4
      vertex -24.7537 -12.2072 2.4
    endloop
  endfacet
  facet normal -0.0327225 -0.999464 0
    outer loop
      vertex 0 27.6 2.4
      vertex 1.80513 27.5409 20.4
      vertex 0 27.6 20.4
    endloop
  endfacet
  facet normal -0.0327225 -0.999464 -0
    outer loop
      vertex 1.80513 27.5409 20.4
      vertex 0 27.6 2.4
      vertex 1.80513 27.5409 2.4
    endloop
  endfacet
  facet normal 0.0327225 -0.999464 0
    outer loop
      vertex -1.80513 27.5409 2.4
      vertex 0 27.6 20.4
      vertex -1.80513 27.5409 20.4
    endloop
  endfacet
  facet normal 0.0327225 -0.999464 0
    outer loop
      vertex 0 27.6 20.4
      vertex -1.80513 27.5409 2.4
      vertex 0 27.6 2.4
    endloop
  endfacet
  facet normal -0.772997 -0.63441 0
    outer loop
      vertex 21.8966 16.8018 2.4
      vertex 20.7508 18.1979 20.4
      vertex 20.7508 18.1979 2.4
    endloop
  endfacet
  facet normal -0.772997 -0.63441 0
    outer loop
      vertex 20.7508 18.1979 20.4
      vertex 21.8966 16.8018 2.4
      vertex 21.8966 16.8018 20.4
    endloop
  endfacet
  facet normal 0.528061 0.849206 -0
    outer loop
      vertex -13.8 -23.9023 2.4
      vertex -15.3337 -22.9486 20.4
      vertex -13.8 -23.9023 20.4
    endloop
  endfacet
  facet normal 0.528061 0.849206 0
    outer loop
      vertex -15.3337 -22.9486 20.4
      vertex -13.8 -23.9023 2.4
      vertex -15.3337 -22.9486 2.4
    endloop
  endfacet
  facet normal 0.290293 0.956938 -0
    outer loop
      vertex -7.1434 -26.6596 2.4
      vertex -8.87173 -26.1353 20.4
      vertex -7.1434 -26.6596 20.4
    endloop
  endfacet
  facet normal 0.290293 0.956938 0
    outer loop
      vertex -8.87173 -26.1353 20.4
      vertex -7.1434 -26.6596 2.4
      vertex -8.87173 -26.1353 2.4
    endloop
  endfacet
  facet normal 0.0327225 0.999464 -0
    outer loop
      vertex 0 -27.6 2.4
      vertex -1.80513 -27.5409 20.4
      vertex 0 -27.6 20.4
    endloop
  endfacet
  facet normal 0.0327225 0.999464 0
    outer loop
      vertex -1.80513 -27.5409 20.4
      vertex 0 -27.6 2.4
      vertex -1.80513 -27.5409 2.4
    endloop
  endfacet
  facet normal -0.227066 -0.973879 0
    outer loop
      vertex 5.38449 27.0697 2.4
      vertex 7.1434 26.6596 20.4
      vertex 5.38449 27.0697 20.4
    endloop
  endfacet
  facet normal -0.227066 -0.973879 -0
    outer loop
      vertex 7.1434 26.6596 20.4
      vertex 5.38449 27.0697 2.4
      vertex 7.1434 26.6596 2.4
    endloop
  endfacet
  facet normal 0.772997 -0.63441 0
    outer loop
      vertex -21.8966 16.8018 20.4
      vertex -20.7508 18.1979 16.4
      vertex -20.7508 18.1979 20.4
    endloop
  endfacet
  facet normal 0.772997 -0.63441 0
    outer loop
      vertex -20.7508 18.1979 16.4
      vertex -21.8966 16.8018 20.4
      vertex -21.8966 16.8018 16.4
    endloop
  endfacet
  facet normal 0 0 -1
    outer loop
      vertex 27.6 0 9.4
      vertex 30 0 9.4
      vertex 29.9358 -1.96209 9.4
    endloop
  endfacet
  facet normal 0 0 -1
    outer loop
      vertex 27.5409 -1.80513 9.4
      vertex 29.9358 -1.96209 9.4
      vertex 29.7433 -3.91578 9.4
    endloop
  endfacet
  facet normal 0 0 -1
    outer loop
      vertex 30 0 9.4
      vertex 27.6 0 9.4
      vertex 29.9358 1.96209 9.4
    endloop
  endfacet
  facet normal 0 0 -1
    outer loop
      vertex 27.3639 -3.60252 9.4
      vertex 29.7433 -3.91578 9.4
      vertex 29.4236 -5.85271 9.4
    endloop
  endfacet
  facet normal 0 0 -1
    outer loop
      vertex 27.5409 1.80513 9.4
      vertex 29.9358 1.96209 9.4
      vertex 27.6 0 9.4
    endloop
  endfacet
  facet normal 0 0 -1
    outer loop
      vertex 27.0697 -5.38449 9.4
      vertex 29.4236 -5.85271 9.4
      vertex 29.3892 -6 9.4
    endloop
  endfacet
  facet normal -0 0 -1
    outer loop
      vertex 29.9358 1.96209 9.4
      vertex 27.5409 1.80513 9.4
      vertex 29.7433 3.91578 9.4
    endloop
  endfacet
  facet normal 0 0 -1
    outer loop
      vertex 27.3639 3.60252 9.4
      vertex 29.7433 3.91578 9.4
      vertex 27.5409 1.80513 9.4
    endloop
  endfacet
  facet normal 0 0 -1
    outer loop
      vertex 29.9358 -1.96209 9.4
      vertex 27.5409 -1.80513 9.4
      vertex 27.6 0 9.4
    endloop
  endfacet
  facet normal 0 0 -1
    outer loop
      vertex 29.7433 -3.91578 9.4
      vertex 27.3639 -3.60252 9.4
      vertex 27.5409 -1.80513 9.4
    endloop
  endfacet
  facet normal 0 0 -1
    outer loop
      vertex 29.4236 -5.85271 9.4
      vertex 27.0697 -5.38449 9.4
      vertex 27.3639 -3.60252 9.4
    endloop
  endfacet
  facet normal 0 -0 -1
    outer loop
      vertex 27.0697 -5.38449 9.4
      vertex 29.3892 -6 9.4
      vertex 26.9262 -6 9.4
    endloop
  endfacet
  facet normal -0 0 -1
    outer loop
      vertex 29.7433 3.91578 9.4
      vertex 27.3639 3.60252 9.4
      vertex 29.4236 5.85271 9.4
    endloop
  endfacet
  facet normal 0 0 -1
    outer loop
      vertex 27.0697 5.38449 9.4
      vertex 29.4236 5.85271 9.4
      vertex 27.3639 3.60252 9.4
    endloop
  endfacet
  facet normal -0 0 -1
    outer loop
      vertex 29.4236 5.85271 9.4
      vertex 27.0697 5.38449 9.4
      vertex 29.3892 6 9.4
    endloop
  endfacet
  facet normal -0 0 -1
    outer loop
      vertex 29.3892 6 9.4
      vertex 27.0697 5.38449 9.4
      vertex 26.9262 6 9.4
    endloop
  endfacet
  facet normal 0 0 1
    outer loop
      vertex 27.6 0 4.4
      vertex 30 0 4.4
      vertex 29.9358 1.96209 4.4
    endloop
  endfacet
  facet normal 0 0 1
    outer loop
      vertex 27.5409 1.80513 4.4
      vertex 29.9358 1.96209 4.4
      vertex 29.7433 3.91578 4.4
    endloop
  endfacet
  facet normal 0 0 1
    outer loop
      vertex 30 0 4.4
      vertex 27.6 0 4.4
      vertex 29.9358 -1.96209 4.4
    endloop
  endfacet
  facet normal 0 0 1
    outer loop
      vertex 27.3639 3.60252 4.4
      vertex 29.7433 3.91578 4.4
      vertex 29.4236 5.85271 4.4
    endloop
  endfacet
  facet normal -0 0 1
    outer loop
      vertex 27.5409 -1.80513 4.4
      vertex 29.9358 -1.96209 4.4
      vertex 27.6 0 4.4
    endloop
  endfacet
  facet normal 0 0 1
    outer loop
      vertex 27.0697 5.38449 4.4
      vertex 29.4236 5.85271 4.4
      vertex 29.3892 6 4.4
    endloop
  endfacet
  facet normal 0 0 1
    outer loop
      vertex 29.9358 -1.96209 4.4
      vertex 27.5409 -1.80513 4.4
      vertex 29.7433 -3.91578 4.4
    endloop
  endfacet
  facet normal -0 0 1
    outer loop
      vertex 27.3639 -3.60252 4.4
      vertex 29.7433 -3.91578 4.4
      vertex 27.5409 -1.80513 4.4
    endloop
  endfacet
  facet normal 0 0 1
    outer loop
      vertex 29.9358 1.96209 4.4
      vertex 27.5409 1.80513 4.4
      vertex 27.6 0 4.4
    endloop
  endfacet
  facet normal 0 0 1
    outer loop
      vertex 29.7433 3.91578 4.4
      vertex 27.3639 3.60252 4.4
      vertex 27.5409 1.80513 4.4
    endloop
  endfacet
  facet normal 0 0 1
    outer loop
      vertex 29.4236 5.85271 4.4
      vertex 27.0697 5.38449 4.4
      vertex 27.3639 3.60252 4.4
    endloop
  endfacet
  facet normal 0 -0 1
    outer loop
      vertex 27.0697 5.38449 4.4
      vertex 29.3892 6 4.4
      vertex 26.9262 6 4.4
    endloop
  endfacet
  facet normal 0 0 1
    outer loop
      vertex 29.7433 -3.91578 4.4
      vertex 27.3639 -3.60252 4.4
      vertex 29.4236 -5.85271 4.4
    endloop
  endfacet
  facet normal -0 0 1
    outer loop
      vertex 27.0697 -5.38449 4.4
      vertex 29.4236 -5.85271 4.4
      vertex 27.3639 -3.60252 4.4
    endloop
  endfacet
  facet normal 0 0 1
    outer loop
      vertex 29.4236 -5.85271 4.4
      vertex 27.0697 -5.38449 4.4
      vertex 29.3892 -6 4.4
    endloop
  endfacet
  facet normal 0 0 1
    outer loop
      vertex 29.3892 -6 4.4
      vertex 27.0697 -5.38449 4.4
      vertex 26.9262 -6 4.4
    endloop
  endfacet
  facet normal 0 -1 0
    outer loop
      vertex 26.9262 6 4.4
      vertex 29.3892 6 9.4
      vertex 26.9262 6 9.4
    endloop
  endfacet
  facet normal 0 -1 -0
    outer loop
      vertex 29.3892 6 9.4
      vertex 26.9262 6 4.4
      vertex 29.3892 6 4.4
    endloop
  endfacet
  facet normal 0 1 -0
    outer loop
      vertex 29.3892 -6 4.4
      vertex 26.9262 -6 9.4
      vertex 29.3892 -6 9.4
    endloop
  endfacet
  facet normal 0 1 0
    outer loop
      vertex 26.9262 -6 9.4
      vertex 29.3892 -6 4.4
      vertex 26.9262 -6 4.4
    endloop
  endfacet
  facet normal 1 -0 0
    outer loop
      vertex -15 -10 5.4
      vertex -15 6 2.4
      vertex -15 6 5.4
    endloop
  endfacet
  facet normal 1 0 0
    outer loop
      vertex -15 6 2.4
      vertex -15 -10 5.4
      vertex -15 -10 2.4
    endloop
  endfacet
  facet normal 0 0 1
    outer loop
      vertex -15.5886 6.01927 5.4
      vertex -15 -10 5.4
      vertex -15 6 5.4
    endloop
  endfacet
  facet normal 0 0 1
    outer loop
      vertex -17 -10 5.4
      vertex -15.5886 6.01927 5.4
      vertex -16.1747 6.077 5.4
    endloop
  endfacet
  facet normal 0 0 1
    outer loop
      vertex -17 -10 5.4
      vertex -16.1747 6.077 5.4
      vertex -16.7558 6.17293 5.4
    endloop
  endfacet
  facet normal 0 0 1
    outer loop
      vertex -17 -10 5.4
      vertex -16.7558 6.17293 5.4
      vertex -17 6.22987 5.4
    endloop
  endfacet
  facet normal 0 0 1
    outer loop
      vertex -15.5886 6.01927 5.4
      vertex -17 -10 5.4
      vertex -15 -10 5.4
    endloop
  endfacet
  facet normal -1 0 0
    outer loop
      vertex -17 -10 2.4
      vertex -17 6.22987 5.4
      vertex -17 6.22987 2.4
    endloop
  endfacet
  facet normal -1 -0 0
    outer loop
      vertex -17 6.22987 5.4
      vertex -17 -10 2.4
      vertex -17 -10 5.4
    endloop
  endfacet
  facet normal 0 -1 0
    outer loop
      vertex -17 -10 2.4
      vertex -15 -10 5.4
      vertex -17 -10 5.4
    endloop
  endfacet
  facet normal 0 -1 -0
    outer loop
      vertex -15 -10 5.4
      vertex -17 -10 2.4
      vertex -15 -10 2.4
    endloop
  endfacet
  facet normal 1 -0 0
    outer loop
      vertex 17 -10 5.4
      vertex 17 10 2.4
      vertex 17 10 5.4
    endloop
  endfacet
  facet normal 1 0 0
    outer loop
      vertex 17 10 2.4
      vertex 17 -10 5.4
      vertex 17 -10 2.4
    endloop
  endfacet
  facet normal -0 0 1
    outer loop
      vertex 15 10 5.4
      vertex 17 -10 5.4
      vertex 17 10 5.4
    endloop
  endfacet
  facet normal 0 0 1
    outer loop
      vertex 17 -10 5.4
      vertex 15 10 5.4
      vertex 15 -10 5.4
    endloop
  endfacet
  facet normal -1 0 0
    outer loop
      vertex 15 -10 2.4
      vertex 15 10 5.4
      vertex 15 10 2.4
    endloop
  endfacet
  facet normal -1 -0 0
    outer loop
      vertex 15 10 5.4
      vertex 15 -10 2.4
      vertex 15 -10 5.4
    endloop
  endfacet
  facet normal 0 1 -0
    outer loop
      vertex 17 10 2.4
      vertex 15 10 5.4
      vertex 17 10 5.4
    endloop
  endfacet
  facet normal 0 1 0
    outer loop
      vertex 15 10 5.4
      vertex 17 10 2.4
      vertex 15 10 2.4
    endloop
  endfacet
  facet normal 0 -1 0
    outer loop
      vertex 15 -10 2.4
      vertex 17 -10 5.4
      vertex 15 -10 5.4
    endloop
  endfacet
  facet normal 0 -1 -0
    outer loop
      vertex 17 -10 5.4
      vertex 15 -10 2.4
      vertex 17 -10 2.4
    endloop
  endfacet
  facet normal 0.995184 0.0980242 0
    outer loop
      vertex -6.01927 15.5886 16.4
      vertex -6.077 16.1747 2.4
      vertex -6.077 16.1747 16.4
    endloop
  endfacet
  facet normal 0.995184 0.0980242 0
    outer loop
      vertex -6.077 16.1747 2.4
      vertex -6.01927 15.5886 16.4
      vertex -6.01927 15.5886 2.4
    endloop
  endfacet
  facet normal 0.999465 0.0327212 0
    outer loop
      vertex -6 15 16.4
      vertex -6.01927 15.5886 2.4
      vertex -6.01927 15.5886 16.4
    endloop
  endfacet
  facet normal 0.999465 0.0327212 0
    outer loop
      vertex -6.01927 15.5886 2.4
      vertex -6 15 16.4
      vertex -6 15 2.4
    endloop
  endfacet
  facet normal 0.986646 0.162879 0
    outer loop
      vertex -6.077 16.1747 16.4
      vertex -6.17293 16.7558 2.4
      vertex -6.17293 16.7558 16.4
    endloop
  endfacet
  facet normal 0.986646 0.162879 0
    outer loop
      vertex -6.17293 16.7558 2.4
      vertex -6.077 16.1747 16.4
      vertex -6.077 16.1747 2.4
    endloop
  endfacet
  facet normal 0.973879 0.227069 0
    outer loop
      vertex -6.17293 16.7558 16.4
      vertex -6.30667 17.3294 2.4
      vertex -6.30667 17.3294 16.4
    endloop
  endfacet
  facet normal 0.973879 0.227069 0
    outer loop
      vertex -6.30667 17.3294 2.4
      vertex -6.17293 16.7558 16.4
      vertex -6.17293 16.7558 2.4
    endloop
  endfacet
  facet normal -0.582362 0.81293 0
    outer loop
      vertex -20.0001 22.4832 2.4
      vertex -20.4789 22.1402 16.4
      vertex -20.0001 22.4832 16.4
    endloop
  endfacet
  facet normal -0.582362 0.81293 0
    outer loop
      vertex -20.4789 22.1402 16.4
      vertex -20.0001 22.4832 2.4
      vertex -20.4789 22.1402 2.4
    endloop
  endfacet
  facet normal -0.52809 -0.849189 0
    outer loop
      vertex -20.0001 7.51677 2.4
      vertex -19.5 7.20577 16.4
      vertex -20.0001 7.51677 16.4
    endloop
  endfacet
  facet normal -0.52809 -0.849189 -0
    outer loop
      vertex -19.5 7.20577 16.4
      vertex -20.0001 7.51677 2.4
      vertex -19.5 7.20577 2.4
    endloop
  endfacet
  facet normal 0.412651 0.910889 -0
    outer loop
      vertex -11.0194 23.0719 2.4
      vertex -11.5558 23.3149 16.4
      vertex -11.0194 23.0719 16.4
    endloop
  endfacet
  facet normal 0.412651 0.910889 0
    outer loop
      vertex -11.5558 23.3149 16.4
      vertex -11.0194 23.0719 2.4
      vertex -11.5558 23.3149 2.4
    endloop
  endfacet
  facet normal 0.986646 -0.162879 0
    outer loop
      vertex -6.17293 13.2442 16.4
      vertex -6.077 13.8253 2.4
      vertex -6.077 13.8253 16.4
    endloop
  endfacet
  facet normal 0.986646 -0.162879 0
    outer loop
      vertex -6.077 13.8253 2.4
      vertex -6.17293 13.2442 16.4
      vertex -6.17293 13.2442 2.4
    endloop
  endfacet
  facet normal 0.0327212 -0.999465 0
    outer loop
      vertex -15 6 5.4
      vertex -14.4114 6.01927 16.4
      vertex -15 6 16.4
    endloop
  endfacet
  facet normal 0.0327212 -0.999465 0
    outer loop
      vertex -14.4114 6.01927 2.4
      vertex -15 6 5.4
      vertex -15 6 2.4
    endloop
  endfacet
  facet normal 0.0327212 -0.999465 0
    outer loop
      vertex -15 6 5.4
      vertex -14.4114 6.01927 2.4
      vertex -14.4114 6.01927 16.4
    endloop
  endfacet
  facet normal 0.227069 -0.973879 0
    outer loop
      vertex -13.2442 6.17293 2.4
      vertex -12.6706 6.30667 16.4
      vertex -13.2442 6.17293 16.4
    endloop
  endfacet
  facet normal 0.227069 -0.973879 0
    outer loop
      vertex -12.6706 6.30667 16.4
      vertex -13.2442 6.17293 2.4
      vertex -12.6706 6.30667 2.4
    endloop
  endfacet
  facet normal 0.35224 -0.93591 0
    outer loop
      vertex -12.107 6.47763 2.4
      vertex -11.5558 6.68508 16.4
      vertex -12.107 6.47763 16.4
    endloop
  endfacet
  facet normal 0.35224 -0.93591 0
    outer loop
      vertex -11.5558 6.68508 16.4
      vertex -12.107 6.47763 2.4
      vertex -11.5558 6.68508 2.4
    endloop
  endfacet
  facet normal 0.290182 0.956972 -0
    outer loop
      vertex -12.107 23.5224 2.4
      vertex -12.6706 23.6933 16.4
      vertex -12.107 23.5224 16.4
    endloop
  endfacet
  facet normal 0.290182 0.956972 0
    outer loop
      vertex -12.6706 23.6933 16.4
      vertex -12.107 23.5224 2.4
      vertex -12.6706 23.6933 2.4
    endloop
  endfacet
  facet normal 0.935889 0.352296 0
    outer loop
      vertex -6.47763 17.893 16.4
      vertex -6.68508 18.4441 2.4
      vertex -6.68508 18.4441 16.4
    endloop
  endfacet
  facet normal 0.935889 0.352296 0
    outer loop
      vertex -6.68508 18.4441 2.4
      vertex -6.47763 17.893 16.4
      vertex -6.47763 17.893 2.4
    endloop
  endfacet
  facet normal 0.528067 -0.849203 0
    outer loop
      vertex -10.5 7.20577 2.4
      vertex -9.99987 7.51677 16.4
      vertex -10.5 7.20577 16.4
    endloop
  endfacet
  facet normal 0.528067 -0.849203 0
    outer loop
      vertex -9.99987 7.51677 16.4
      vertex -10.5 7.20577 2.4
      vertex -9.99987 7.51677 2.4
    endloop
  endfacet
  facet normal -0.729902 0.683551 0
    outer loop
      vertex -21.7666 20.9341 2.4
      vertex -21.364 21.364 16.4
      vertex -21.364 21.364 2.4
    endloop
  endfacet
  facet normal -0.729902 0.683551 0
    outer loop
      vertex -21.364 21.364 16.4
      vertex -21.7666 20.9341 2.4
      vertex -21.7666 20.9341 16.4
    endloop
  endfacet
  facet normal 0.881918 0.471403 0
    outer loop
      vertex -6.92814 18.9806 16.4
      vertex -7.20577 19.5 2.4
      vertex -7.20577 19.5 16.4
    endloop
  endfacet
  facet normal 0.881918 0.471403 0
    outer loop
      vertex -7.20577 19.5 2.4
      vertex -6.92814 18.9806 16.4
      vertex -6.92814 18.9806 2.4
    endloop
  endfacet
  facet normal -0.634421 0.772988 0
    outer loop
      vertex -20.4789 22.1402 2.4
      vertex -20.9341 21.7666 16.4
      vertex -20.4789 22.1402 16.4
    endloop
  endfacet
  facet normal -0.634421 0.772988 0
    outer loop
      vertex -20.9341 21.7666 16.4
      vertex -20.4789 22.1402 2.4
      vertex -20.9341 21.7666 2.4
    endloop
  endfacet
  facet normal 0.849203 -0.528067 0
    outer loop
      vertex -7.51677 9.99987 16.4
      vertex -7.20577 10.5 2.4
      vertex -7.20577 10.5 16.4
    endloop
  endfacet
  facet normal 0.849203 -0.528067 0
    outer loop
      vertex -7.20577 10.5 2.4
      vertex -7.51677 9.99987 16.4
      vertex -7.51677 9.99987 2.4
    endloop
  endfacet
  facet normal -0.52809 0.849189 0
    outer loop
      vertex -19.5 22.7942 2.4
      vertex -20.0001 22.4832 16.4
      vertex -19.5 22.7942 16.4
    endloop
  endfacet
  facet normal -0.52809 0.849189 0
    outer loop
      vertex -20.0001 22.4832 16.4
      vertex -19.5 22.7942 2.4
      vertex -20.0001 22.4832 2.4
    endloop
  endfacet
  facet normal 0.849189 0.52809 0
    outer loop
      vertex -7.20577 19.5 16.4
      vertex -7.51677 20.0001 2.4
      vertex -7.51677 20.0001 16.4
    endloop
  endfacet
  facet normal 0.849189 0.52809 0
    outer loop
      vertex -7.51677 20.0001 2.4
      vertex -7.20577 19.5 16.4
      vertex -7.20577 19.5 2.4
    endloop
  endfacet
  facet normal 0.162879 -0.986646 0
    outer loop
      vertex -13.8253 6.077 2.4
      vertex -13.2442 6.17293 16.4
      vertex -13.8253 6.077 16.4
    endloop
  endfacet
  facet normal 0.162879 -0.986646 0
    outer loop
      vertex -13.2442 6.17293 16.4
      vertex -13.8253 6.077 2.4
      vertex -13.2442 6.17293 2.4
    endloop
  endfacet
  facet normal -0.772988 0.634421 0
    outer loop
      vertex -22.1402 20.4789 2.4
      vertex -21.7666 20.9341 16.4
      vertex -21.7666 20.9341 2.4
    endloop
  endfacet
  facet normal -0.772988 0.634421 0
    outer loop
      vertex -21.7666 20.9341 16.4
      vertex -22.1402 20.4789 2.4
      vertex -22.1402 20.4789 16.4
    endloop
  endfacet
  facet normal -0.773029 -0.634371 0
    outer loop
      vertex -21.7666 9.06589 2.4
      vertex -22.1402 9.52115 16.4
      vertex -22.1402 9.52115 2.4
    endloop
  endfacet
  facet normal -0.773029 -0.634371 0
    outer loop
      vertex -22.1402 9.52115 16.4
      vertex -21.7666 9.06589 2.4
      vertex -21.7666 9.06589 16.4
    endloop
  endfacet
  facet normal -0.729863 -0.683594 0
    outer loop
      vertex -21.364 8.63604 2.4
      vertex -21.7666 9.06589 16.4
      vertex -21.7666 9.06589 2.4
    endloop
  endfacet
  facet normal -0.729863 -0.683594 0
    outer loop
      vertex -21.7666 9.06589 16.4
      vertex -21.364 8.63604 2.4
      vertex -21.364 8.63604 16.4
    endloop
  endfacet
  facet normal -0.227069 -0.973879 -2.27819e-07
    outer loop
      vertex -17.3294 6.30667 16.4
      vertex -17 6.22987 5.4
      vertex -16.7558 6.17293 16.4
    endloop
  endfacet
  facet normal -0.227061 -0.97388 0
    outer loop
      vertex -17.3294 6.30667 2.4
      vertex -17 6.22987 5.4
      vertex -17.3294 6.30667 16.4
    endloop
  endfacet
  facet normal -0.227061 -0.97388 -0
    outer loop
      vertex -17 6.22987 5.4
      vertex -17.3294 6.30667 2.4
      vertex -17 6.22987 2.4
    endloop
  endfacet
  facet normal -0.227078 -0.973876 -0
    outer loop
      vertex -16.7558 6.17293 16.4
      vertex -17 6.22987 5.4
      vertex -16.7558 6.17293 5.4
    endloop
  endfacet
  facet normal -0.986663 -0.162775 0
    outer loop
      vertex -23.8271 13.2442 2.4
      vertex -23.9149 13.7764 16.4
      vertex -23.9149 13.7764 2.4
    endloop
  endfacet
  facet normal -0.986663 -0.162775 0
    outer loop
      vertex -23.9149 13.7764 16.4
      vertex -23.8271 13.2442 2.4
      vertex -23.8271 13.2442 16.4
    endloop
  endfacet
  facet normal 0.910851 -0.412736 0
    outer loop
      vertex -6.92814 11.0194 16.4
      vertex -6.68508 11.5558 2.4
      vertex -6.68508 11.5558 16.4
    endloop
  endfacet
  facet normal 0.910851 -0.412736 0
    outer loop
      vertex -6.68508 11.5558 2.4
      vertex -6.92814 11.0194 16.4
      vertex -6.92814 11.0194 2.4
    endloop
  endfacet
  facet normal 0.582482 -0.812843 0
    outer loop
      vertex -9.99987 7.51677 2.4
      vertex -9.52115 7.85982 16.4
      vertex -9.99987 7.51677 16.4
    endloop
  endfacet
  facet normal 0.582482 -0.812843 0
    outer loop
      vertex -9.52115 7.85982 16.4
      vertex -9.99987 7.51677 2.4
      vertex -9.52115 7.85982 2.4
    endloop
  endfacet
  facet normal -0.881648 0.471908 0
    outer loop
      vertex -22.8109 19.4688 2.4
      vertex -22.7942 19.5 16.4
      vertex -22.7942 19.5 2.4
    endloop
  endfacet
  facet normal -0.881648 0.471908 0
    outer loop
      vertex -22.7942 19.5 16.4
      vertex -22.8109 19.4688 2.4
      vertex -22.8109 19.4688 16.4
    endloop
  endfacet
  facet normal 0.881918 -0.471403 0
    outer loop
      vertex -7.20577 10.5 16.4
      vertex -6.92814 11.0194 2.4
      vertex -6.92814 11.0194 16.4
    endloop
  endfacet
  facet normal 0.881918 -0.471403 0
    outer loop
      vertex -6.92814 11.0194 2.4
      vertex -7.20577 10.5 16.4
      vertex -7.20577 10.5 2.4
    endloop
  endfacet
  facet normal -0.582418 -0.812889 0
    outer loop
      vertex -20.4789 7.85982 2.4
      vertex -20.0001 7.51677 16.4
      vertex -20.4789 7.85982 16.4
    endloop
  endfacet
  facet normal -0.582418 -0.812889 -0
    outer loop
      vertex -20.0001 7.51677 16.4
      vertex -20.4789 7.85982 2.4
      vertex -20.0001 7.51677 2.4
    endloop
  endfacet
  facet normal 0.634391 -0.773012 0
    outer loop
      vertex -9.52115 7.85982 2.4
      vertex -9.06589 8.23344 16.4
      vertex -9.52115 7.85982 16.4
    endloop
  endfacet
  facet normal 0.634391 -0.773012 0
    outer loop
      vertex -9.06589 8.23344 16.4
      vertex -9.52115 7.85982 2.4
      vertex -9.06589 8.23344 2.4
    endloop
  endfacet
  facet normal 0.412736 -0.910851 0
    outer loop
      vertex -11.5558 6.68508 2.4
      vertex -11.0194 6.92814 16.4
      vertex -11.5558 6.68508 16.4
    endloop
  endfacet
  facet normal 0.412736 -0.910851 0
    outer loop
      vertex -11.0194 6.92814 16.4
      vertex -11.5558 6.68508 2.4
      vertex -11.0194 6.92814 2.4
    endloop
  endfacet
  facet normal 0.91088 0.412672 0
    outer loop
      vertex -6.68508 18.4441 16.4
      vertex -6.92814 18.9806 2.4
      vertex -6.92814 18.9806 16.4
    endloop
  endfacet
  facet normal 0.91088 0.412672 0
    outer loop
      vertex -6.92814 18.9806 2.4
      vertex -6.68508 18.4441 16.4
      vertex -6.68508 18.4441 2.4
    endloop
  endfacet
  facet normal 0.812889 0.582418 0
    outer loop
      vertex -7.51677 20.0001 16.4
      vertex -7.85982 20.4789 2.4
      vertex -7.85982 20.4789 16.4
    endloop
  endfacet
  facet normal 0.812889 0.582418 0
    outer loop
      vertex -7.85982 20.4789 2.4
      vertex -7.51677 20.0001 16.4
      vertex -7.51677 20.0001 2.4
    endloop
  endfacet
  facet normal 0.227165 0.973856 -0
    outer loop
      vertex -12.6706 23.6933 2.4
      vertex -13.2442 23.8271 16.4
      vertex -12.6706 23.6933 16.4
    endloop
  endfacet
  facet normal 0.227165 0.973856 0
    outer loop
      vertex -13.2442 23.8271 16.4
      vertex -12.6706 23.6933 2.4
      vertex -13.2442 23.8271 2.4
    endloop
  endfacet
  facet normal 0.995184 -0.0980242 0
    outer loop
      vertex -6.077 13.8253 16.4
      vertex -6.01927 14.4114 2.4
      vertex -6.01927 14.4114 16.4
    endloop
  endfacet
  facet normal 0.995184 -0.0980242 0
    outer loop
      vertex -6.01927 14.4114 2.4
      vertex -6.077 13.8253 16.4
      vertex -6.077 13.8253 2.4
    endloop
  endfacet
  facet normal -0.0327212 -0.999465 0
    outer loop
      vertex -15.5886 6.01927 5.4
      vertex -15 6 16.4
      vertex -15.5886 6.01927 16.4
    endloop
  endfacet
  facet normal -0.0327212 -0.999465 -0
    outer loop
      vertex -15 6 16.4
      vertex -15.5886 6.01927 5.4
      vertex -15 6 5.4
    endloop
  endfacet
  facet normal 0.471496 0.881868 -0
    outer loop
      vertex -10.5 22.7942 2.4
      vertex -11.0194 23.0719 16.4
      vertex -10.5 22.7942 16.4
    endloop
  endfacet
  facet normal 0.471496 0.881868 0
    outer loop
      vertex -11.0194 23.0719 16.4
      vertex -10.5 22.7942 2.4
      vertex -11.0194 23.0719 2.4
    endloop
  endfacet
  facet normal 0.999465 -0.0327212 0
    outer loop
      vertex -6.01927 14.4114 16.4
      vertex -6 15 2.4
      vertex -6 15 16.4
    endloop
  endfacet
  facet normal 0.999465 -0.0327212 0
    outer loop
      vertex -6 15 2.4
      vertex -6.01927 14.4114 16.4
      vertex -6.01927 14.4114 2.4
    endloop
  endfacet
  facet normal 0.634371 0.773029 -0
    outer loop
      vertex -9.06589 21.7666 2.4
      vertex -9.52115 22.1402 16.4
      vertex -9.06589 21.7666 16.4
    endloop
  endfacet
  facet normal 0.634371 0.773029 0
    outer loop
      vertex -9.52115 22.1402 16.4
      vertex -9.06589 21.7666 2.4
      vertex -9.52115 22.1402 2.4
    endloop
  endfacet
  facet normal 0.93591 -0.35224 0
    outer loop
      vertex -6.68508 11.5558 16.4
      vertex -6.47763 12.107 2.4
      vertex -6.47763 12.107 16.4
    endloop
  endfacet
  facet normal 0.93591 -0.35224 0
    outer loop
      vertex -6.47763 12.107 2.4
      vertex -6.68508 11.5558 16.4
      vertex -6.68508 11.5558 2.4
    endloop
  endfacet
  facet normal -0.162879 -0.986646 0
    outer loop
      vertex -16.7558 6.17293 5.4
      vertex -16.1747 6.077 16.4
      vertex -16.7558 6.17293 16.4
    endloop
  endfacet
  facet normal -0.162879 -0.986646 -0
    outer loop
      vertex -16.1747 6.077 16.4
      vertex -16.7558 6.17293 5.4
      vertex -16.1747 6.077 5.4
    endloop
  endfacet
  facet normal 0.352314 0.935882 -0
    outer loop
      vertex -11.5558 23.3149 2.4
      vertex -12.107 23.5224 16.4
      vertex -11.5558 23.3149 16.4
    endloop
  endfacet
  facet normal 0.352314 0.935882 0
    outer loop
      vertex -12.107 23.5224 16.4
      vertex -11.5558 23.3149 2.4
      vertex -12.107 23.5224 2.4
    endloop
  endfacet
  facet normal -0.683551 0.729902 0
    outer loop
      vertex -20.9341 21.7666 2.4
      vertex -21.364 21.364 16.4
      vertex -20.9341 21.7666 16.4
    endloop
  endfacet
  facet normal -0.683551 0.729902 0
    outer loop
      vertex -21.364 21.364 16.4
      vertex -20.9341 21.7666 2.4
      vertex -21.364 21.364 2.4
    endloop
  endfacet
  facet normal 0.956943 0.290275 0
    outer loop
      vertex -6.30667 17.3294 16.4
      vertex -6.47763 17.893 2.4
      vertex -6.47763 17.893 16.4
    endloop
  endfacet
  facet normal 0.956943 0.290275 0
    outer loop
      vertex -6.47763 17.893 2.4
      vertex -6.30667 17.3294 16.4
      vertex -6.30667 17.3294 2.4
    endloop
  endfacet
  facet normal -0.935882 -0.352314 0
    outer loop
      vertex -23.3149 11.5558 2.4
      vertex -23.5224 12.107 16.4
      vertex -23.5224 12.107 2.4
    endloop
  endfacet
  facet normal -0.935882 -0.352314 0
    outer loop
      vertex -23.5224 12.107 16.4
      vertex -23.3149 11.5558 2.4
      vertex -23.3149 11.5558 16.4
    endloop
  endfacet
  facet normal -0.881868 -0.471496 0
    outer loop
      vertex -22.7942 10.5 2.4
      vertex -23.0719 11.0194 16.4
      vertex -23.0719 11.0194 2.4
    endloop
  endfacet
  facet normal -0.881868 -0.471496 0
    outer loop
      vertex -23.0719 11.0194 16.4
      vertex -22.7942 10.5 2.4
      vertex -22.7942 10.5 16.4
    endloop
  endfacet
  facet normal 0.471403 -0.881918 0
    outer loop
      vertex -11.0194 6.92814 2.4
      vertex -10.5 7.20577 16.4
      vertex -11.0194 6.92814 16.4
    endloop
  endfacet
  facet normal 0.471403 -0.881918 0
    outer loop
      vertex -10.5 7.20577 16.4
      vertex -11.0194 6.92814 2.4
      vertex -10.5 7.20577 2.4
    endloop
  endfacet
  facet normal -0.352296 -0.935889 0
    outer loop
      vertex -18.4441 6.68508 2.4
      vertex -17.893 6.47763 16.4
      vertex -18.4441 6.68508 16.4
    endloop
  endfacet
  facet normal -0.352296 -0.935889 -0
    outer loop
      vertex -17.893 6.47763 16.4
      vertex -18.4441 6.68508 2.4
      vertex -17.893 6.47763 2.4
    endloop
  endfacet
  facet normal 0.582426 0.812884 -0
    outer loop
      vertex -9.52115 22.1402 2.4
      vertex -9.99987 22.4832 16.4
      vertex -9.52115 22.1402 16.4
    endloop
  endfacet
  facet normal 0.582426 0.812884 0
    outer loop
      vertex -9.99987 22.4832 16.4
      vertex -9.52115 22.1402 2.4
      vertex -9.99987 22.4832 2.4
    endloop
  endfacet
  facet normal 0.772971 0.634441 0
    outer loop
      vertex -7.85982 20.4789 16.4
      vertex -8.23344 20.9341 2.4
      vertex -8.23344 20.9341 16.4
    endloop
  endfacet
  facet normal 0.772971 0.634441 0
    outer loop
      vertex -8.23344 20.9341 2.4
      vertex -7.85982 20.4789 16.4
      vertex -7.85982 20.4789 2.4
    endloop
  endfacet
  facet normal 0.729863 -0.683594 0
    outer loop
      vertex -8.63604 8.63604 16.4
      vertex -8.23344 9.06589 2.4
      vertex -8.23344 9.06589 16.4
    endloop
  endfacet
  facet normal 0.729863 -0.683594 0
    outer loop
      vertex -8.23344 9.06589 2.4
      vertex -8.63604 8.63604 16.4
      vertex -8.63604 8.63604 2.4
    endloop
  endfacet
  facet normal -0.956972 -0.290182 0
    outer loop
      vertex -23.5224 12.107 2.4
      vertex -23.6933 12.6706 16.4
      vertex -23.6933 12.6706 2.4
    endloop
  endfacet
  facet normal -0.956972 -0.290182 0
    outer loop
      vertex -23.6933 12.6706 16.4
      vertex -23.5224 12.107 2.4
      vertex -23.5224 12.107 16.4
    endloop
  endfacet
  facet normal 0.0980242 -0.995184 0
    outer loop
      vertex -14.4114 6.01927 2.4
      vertex -13.8253 6.077 16.4
      vertex -14.4114 6.01927 16.4
    endloop
  endfacet
  facet normal 0.0980242 -0.995184 0
    outer loop
      vertex -13.8253 6.077 16.4
      vertex -14.4114 6.01927 2.4
      vertex -13.8253 6.077 2.4
    endloop
  endfacet
  facet normal 0.773012 -0.634391 0
    outer loop
      vertex -8.23344 9.06589 16.4
      vertex -7.85982 9.52115 2.4
      vertex -7.85982 9.52115 16.4
    endloop
  endfacet
  facet normal 0.773012 -0.634391 0
    outer loop
      vertex -7.85982 9.52115 2.4
      vertex -8.23344 9.06589 16.4
      vertex -8.23344 9.06589 2.4
    endloop
  endfacet
  facet normal 0.812843 -0.582482 0
    outer loop
      vertex -7.85982 9.52115 16.4
      vertex -7.51677 9.99987 2.4
      vertex -7.51677 9.99987 16.4
    endloop
  endfacet
  facet normal 0.812843 -0.582482 0
    outer loop
      vertex -7.51677 9.99987 2.4
      vertex -7.85982 9.52115 16.4
      vertex -7.85982 9.52115 2.4
    endloop
  endfacet
  facet normal 0.528067 0.849203 -0
    outer loop
      vertex -9.99987 22.4832 2.4
      vertex -10.5 22.7942 16.4
      vertex -9.99987 22.4832 16.4
    endloop
  endfacet
  facet normal 0.528067 0.849203 0
    outer loop
      vertex -10.5 22.7942 16.4
      vertex -9.99987 22.4832 2.4
      vertex -10.5 22.7942 2.4
    endloop
  endfacet
  facet normal -0.812884 -0.582426 0
    outer loop
      vertex -22.1402 9.52115 2.4
      vertex -22.4832 9.99987 16.4
      vertex -22.4832 9.99987 2.4
    endloop
  endfacet
  facet normal -0.812884 -0.582426 0
    outer loop
      vertex -22.4832 9.99987 16.4
      vertex -22.1402 9.52115 2.4
      vertex -22.1402 9.52115 16.4
    endloop
  endfacet
  facet normal 0.162775 0.986663 -0
    outer loop
      vertex -13.2442 23.8271 2.4
      vertex -13.7764 23.9149 16.4
      vertex -13.2442 23.8271 16.4
    endloop
  endfacet
  facet normal 0.162775 0.986663 0
    outer loop
      vertex -13.7764 23.9149 16.4
      vertex -13.2442 23.8271 2.4
      vertex -13.7764 23.9149 2.4
    endloop
  endfacet
  facet normal -0.683551 -0.729902 0
    outer loop
      vertex -21.364 8.63604 2.4
      vertex -20.9341 8.23344 16.4
      vertex -21.364 8.63604 16.4
    endloop
  endfacet
  facet normal -0.683551 -0.729902 -0
    outer loop
      vertex -20.9341 8.23344 16.4
      vertex -21.364 8.63604 2.4
      vertex -20.9341 8.23344 2.4
    endloop
  endfacet
  facet normal 0.683594 -0.729863 0
    outer loop
      vertex -9.06589 8.23344 2.4
      vertex -8.63604 8.63604 16.4
      vertex -9.06589 8.23344 16.4
    endloop
  endfacet
  facet normal 0.683594 -0.729863 0
    outer loop
      vertex -8.63604 8.63604 16.4
      vertex -9.06589 8.23344 2.4
      vertex -8.63604 8.63604 2.4
    endloop
  endfacet
  facet normal 0.729902 0.683551 0
    outer loop
      vertex -8.23344 20.9341 16.4
      vertex -8.63604 21.364 2.4
      vertex -8.63604 21.364 16.4
    endloop
  endfacet
  facet normal 0.729902 0.683551 0
    outer loop
      vertex -8.63604 21.364 2.4
      vertex -8.23344 20.9341 16.4
      vertex -8.23344 20.9341 2.4
    endloop
  endfacet
  facet normal -0.290275 -0.956943 0
    outer loop
      vertex -17.893 6.47763 2.4
      vertex -17.3294 6.30667 16.4
      vertex -17.893 6.47763 16.4
    endloop
  endfacet
  facet normal -0.290275 -0.956943 -0
    outer loop
      vertex -17.3294 6.30667 16.4
      vertex -17.893 6.47763 2.4
      vertex -17.3294 6.30667 2.4
    endloop
  endfacet
  facet normal 0.290275 -0.956943 0
    outer loop
      vertex -12.6706 6.30667 2.4
      vertex -12.107 6.47763 16.4
      vertex -12.6706 6.30667 16.4
    endloop
  endfacet
  facet normal 0.290275 -0.956943 0
    outer loop
      vertex -12.107 6.47763 16.4
      vertex -12.6706 6.30667 2.4
      vertex -12.107 6.47763 2.4
    endloop
  endfacet
  facet normal 0.956943 -0.290275 0
    outer loop
      vertex -6.47763 12.107 16.4
      vertex -6.30667 12.6706 2.4
      vertex -6.30667 12.6706 16.4
    endloop
  endfacet
  facet normal 0.956943 -0.290275 0
    outer loop
      vertex -6.30667 12.6706 2.4
      vertex -6.47763 12.107 16.4
      vertex -6.47763 12.107 2.4
    endloop
  endfacet
  facet normal 0.683594 0.729863 -0
    outer loop
      vertex -8.63604 21.364 2.4
      vertex -9.06589 21.7666 16.4
      vertex -8.63604 21.364 16.4
    endloop
  endfacet
  facet normal 0.683594 0.729863 0
    outer loop
      vertex -9.06589 21.7666 16.4
      vertex -8.63604 21.364 2.4
      vertex -9.06589 21.7666 2.4
    endloop
  endfacet
  facet normal -0.81293 0.582362 0
    outer loop
      vertex -22.4832 20.0001 2.4
      vertex -22.1402 20.4789 16.4
      vertex -22.1402 20.4789 2.4
    endloop
  endfacet
  facet normal -0.81293 0.582362 0
    outer loop
      vertex -22.1402 20.4789 16.4
      vertex -22.4832 20.0001 2.4
      vertex -22.4832 20.0001 16.4
    endloop
  endfacet
  facet normal 0 0 1
    outer loop
      vertex -18.1979 20.7508 16.4
      vertex -6 15 16.4
      vertex -6.01927 15.5886 16.4
    endloop
  endfacet
  facet normal 0 0 1
    outer loop
      vertex -18.1979 20.7508 16.4
      vertex -6.01927 15.5886 16.4
      vertex -6.077 16.1747 16.4
    endloop
  endfacet
  facet normal 0 0 1
    outer loop
      vertex -6 15 16.4
      vertex -18.1979 20.7508 16.4
      vertex -6.01927 14.4114 16.4
    endloop
  endfacet
  facet normal 0 0 1
    outer loop
      vertex -18.1979 20.7508 16.4
      vertex -6.077 16.1747 16.4
      vertex -6.17293 16.7558 16.4
    endloop
  endfacet
  facet normal 0 0 1
    outer loop
      vertex -6.01927 14.4114 16.4
      vertex -18.1979 20.7508 16.4
      vertex -6.077 13.8253 16.4
    endloop
  endfacet
  facet normal 0 0 1
    outer loop
      vertex -18.1979 20.7508 16.4
      vertex -6.17293 16.7558 16.4
      vertex -6.30667 17.3294 16.4
    endloop
  endfacet
  facet normal 0 0 1
    outer loop
      vertex -6.077 13.8253 16.4
      vertex -18.1979 20.7508 16.4
      vertex -6.17293 13.2442 16.4
    endloop
  endfacet
  facet normal 0 0 1
    outer loop
      vertex -18.1979 20.7508 16.4
      vertex -6.30667 17.3294 16.4
      vertex -6.47763 17.893 16.4
    endloop
  endfacet
  facet normal 0 0 1
    outer loop
      vertex -6.17293 13.2442 16.4
      vertex -18.1979 20.7508 16.4
      vertex -6.30667 12.6706 16.4
    endloop
  endfacet
  facet normal 0 0 1
    outer loop
      vertex -18.1979 20.7508 16.4
      vertex -6.47763 17.893 16.4
      vertex -6.68508 18.4441 16.4
    endloop
  endfacet
  facet normal 0 0 1
    outer loop
      vertex -6.30667 12.6706 16.4
      vertex -18.1979 20.7508 16.4
      vertex -6.47763 12.107 16.4
    endloop
  endfacet
  facet normal 0 0 1
    outer loop
      vertex -18.1979 20.7508 16.4
      vertex -6.68508 18.4441 16.4
      vertex -6.92814 18.9806 16.4
    endloop
  endfacet
  facet normal -0 0 1
    outer loop
      vertex -19.5161 19.5161 16.4
      vertex -6.47763 12.107 16.4
      vertex -18.1979 20.7508 16.4
    endloop
  endfacet
  facet normal 0 0 1
    outer loop
      vertex -18.1979 20.7508 16.4
      vertex -6.92814 18.9806 16.4
      vertex -7.20577 19.5 16.4
    endloop
  endfacet
  facet normal 0 0 1
    outer loop
      vertex -6.47763 12.107 16.4
      vertex -19.5161 19.5161 16.4
      vertex -6.68508 11.5558 16.4
    endloop
  endfacet
  facet normal 0 0 1
    outer loop
      vertex -16.8018 21.8966 16.4
      vertex -7.20577 19.5 16.4
      vertex -7.51677 20.0001 16.4
    endloop
  endfacet
  facet normal 0 0 1
    outer loop
      vertex -6.68508 11.5558 16.4
      vertex -19.5161 19.5161 16.4
      vertex -6.92814 11.0194 16.4
    endloop
  endfacet
  facet normal 0 0 1
    outer loop
      vertex -16.8018 21.8966 16.4
      vertex -7.51677 20.0001 16.4
      vertex -7.85982 20.4789 16.4
    endloop
  endfacet
  facet normal 0 0 1
    outer loop
      vertex -6.92814 11.0194 16.4
      vertex -19.5161 19.5161 16.4
      vertex -7.20577 10.5 16.4
    endloop
  endfacet
  facet normal 0 0 1
    outer loop
      vertex -16.8018 21.8966 16.4
      vertex -7.85982 20.4789 16.4
      vertex -8.23344 20.9341 16.4
    endloop
  endfacet
  facet normal 0 0 1
    outer loop
      vertex -7.20577 10.5 16.4
      vertex -19.5161 19.5161 16.4
      vertex -7.51677 9.99987 16.4
    endloop
  endfacet
  facet normal 0 0 1
    outer loop
      vertex -16.8018 21.8966 16.4
      vertex -8.23344 20.9341 16.4
      vertex -8.63604 21.364 16.4
    endloop
  endfacet
  facet normal 0 0 1
    outer loop
      vertex -7.51677 9.99987 16.4
      vertex -19.5161 19.5161 16.4
      vertex -7.85982 9.52115 16.4
    endloop
  endfacet
  facet normal 0 0 1
    outer loop
      vertex -16.8018 21.8966 16.4
      vertex -8.63604 21.364 16.4
      vertex -9.06589 21.7666 16.4
    endloop
  endfacet
  facet normal 0 0 1
    outer loop
      vertex -7.85982 9.52115 16.4
      vertex -19.5161 19.5161 16.4
      vertex -8.23344 9.06589 16.4
    endloop
  endfacet
  facet normal -0 0 1
    outer loop
      vertex -16.8018 21.8966 16.4
      vertex -9.06589 21.7666 16.4
      vertex -9.52115 22.1402 16.4
    endloop
  endfacet
  facet normal 0 0 1
    outer loop
      vertex -8.23344 9.06589 16.4
      vertex -19.5161 19.5161 16.4
      vertex -8.63604 8.63604 16.4
    endloop
  endfacet
  facet normal 0 0 1
    outer loop
      vertex -16.8018 21.8966 16.4
      vertex -9.52115 22.1402 16.4
      vertex -9.99987 22.4832 16.4
    endloop
  endfacet
  facet normal 0 0 1
    outer loop
      vertex -8.63604 8.63604 16.4
      vertex -19.5161 19.5161 16.4
      vertex -9.06589 8.23344 16.4
    endloop
  endfacet
  facet normal 0 0 1
    outer loop
      vertex -16.8018 21.8966 16.4
      vertex -9.99987 22.4832 16.4
      vertex -10.5 22.7942 16.4
    endloop
  endfacet
  facet normal 0 0 1
    outer loop
      vertex -9.06589 8.23344 16.4
      vertex -19.5161 19.5161 16.4
      vertex -9.52115 7.85982 16.4
    endloop
  endfacet
  facet normal -0 0 1
    outer loop
      vertex -15.3337 22.9486 16.4
      vertex -10.5 22.7942 16.4
      vertex -11.0194 23.0719 16.4
    endloop
  endfacet
  facet normal 0 0 1
    outer loop
      vertex -7.20577 19.5 16.4
      vertex -16.8018 21.8966 16.4
      vertex -18.1979 20.7508 16.4
    endloop
  endfacet
  facet normal 0 0 1
    outer loop
      vertex -15.3337 22.9486 16.4
      vertex -11.0194 23.0719 16.4
      vertex -11.5558 23.3149 16.4
    endloop
  endfacet
  facet normal 0 0 1
    outer loop
      vertex -9.52115 7.85982 16.4
      vertex -19.5161 19.5161 16.4
      vertex -9.99987 7.51677 16.4
    endloop
  endfacet
  facet normal 0 0 1
    outer loop
      vertex -15.3337 22.9486 16.4
      vertex -11.5558 23.3149 16.4
      vertex -12.107 23.5224 16.4
    endloop
  endfacet
  facet normal 0 0 1
    outer loop
      vertex -9.99987 7.51677 16.4
      vertex -19.5161 19.5161 16.4
      vertex -10.5 7.20577 16.4
    endloop
  endfacet
  facet normal 0 0 1
    outer loop
      vertex -15.3337 22.9486 16.4
      vertex -12.107 23.5224 16.4
      vertex -12.6706 23.6933 16.4
    endloop
  endfacet
  facet normal 0 0 1
    outer loop
      vertex -10.5 7.20577 16.4
      vertex -19.5161 19.5161 16.4
      vertex -11.0194 6.92814 16.4
    endloop
  endfacet
  facet normal 0 0 1
    outer loop
      vertex -15.3337 22.9486 16.4
      vertex -12.6706 23.6933 16.4
      vertex -13.2442 23.8271 16.4
    endloop
  endfacet
  facet normal 0 0 1
    outer loop
      vertex -10.5 22.7942 16.4
      vertex -15.3337 22.9486 16.4
      vertex -16.8018 21.8966 16.4
    endloop
  endfacet
  facet normal -0 0 1
    outer loop
      vertex -13.8 23.9023 16.4
      vertex -13.2442 23.8271 16.4
      vertex -13.7764 23.9149 16.4
    endloop
  endfacet
  facet normal 0 0 1
    outer loop
      vertex -15.3337 22.9486 16.4
      vertex -13.2442 23.8271 16.4
      vertex -13.8 23.9023 16.4
    endloop
  endfacet
  facet normal 0 0 1
    outer loop
      vertex -11.0194 6.92814 16.4
      vertex -19.5161 19.5161 16.4
      vertex -11.5558 6.68508 16.4
    endloop
  endfacet
  facet normal 0 0 1
    outer loop
      vertex -11.5558 6.68508 16.4
      vertex -19.5161 19.5161 16.4
      vertex -12.107 6.47763 16.4
    endloop
  endfacet
  facet normal 0 0 1
    outer loop
      vertex -12.107 6.47763 16.4
      vertex -19.5161 19.5161 16.4
      vertex -12.6706 6.30667 16.4
    endloop
  endfacet
  facet normal -0 0 1
    outer loop
      vertex -20.7508 18.1979 16.4
      vertex -12.6706 6.30667 16.4
      vertex -19.5161 19.5161 16.4
    endloop
  endfacet
  facet normal 0 0 1
    outer loop
      vertex -12.6706 6.30667 16.4
      vertex -20.7508 18.1979 16.4
      vertex -13.2442 6.17293 16.4
    endloop
  endfacet
  facet normal 0 0 1
    outer loop
      vertex -13.2442 6.17293 16.4
      vertex -20.7508 18.1979 16.4
      vertex -13.8253 6.077 16.4
    endloop
  endfacet
  facet normal 0 0 1
    outer loop
      vertex -13.8253 6.077 16.4
      vertex -20.7508 18.1979 16.4
      vertex -14.4114 6.01927 16.4
    endloop
  endfacet
  facet normal 0 0 1
    outer loop
      vertex -14.4114 6.01927 16.4
      vertex -20.7508 18.1979 16.4
      vertex -15 6 16.4
    endloop
  endfacet
  facet normal 0 0 1
    outer loop
      vertex -15 6 16.4
      vertex -20.7508 18.1979 16.4
      vertex -15.5886 6.01927 16.4
    endloop
  endfacet
  facet normal 0 0 1
    outer loop
      vertex -15.5886 6.01927 16.4
      vertex -20.7508 18.1979 16.4
      vertex -16.1747 6.077 16.4
    endloop
  endfacet
  facet normal 0 0 1
    outer loop
      vertex -16.1747 6.077 16.4
      vertex -20.7508 18.1979 16.4
      vertex -16.7558 6.17293 16.4
    endloop
  endfacet
  facet normal 0 0 1
    outer loop
      vertex -16.7558 6.17293 16.4
      vertex -20.7508 18.1979 16.4
      vertex -17.3294 6.30667 16.4
    endloop
  endfacet
  facet normal 0 0 1
    outer loop
      vertex -17.3294 6.30667 16.4
      vertex -20.7508 18.1979 16.4
      vertex -17.893 6.47763 16.4
    endloop
  endfacet
  facet normal 0 0 1
    outer loop
      vertex -17.893 6.47763 16.4
      vertex -20.7508 18.1979 16.4
      vertex -18.4441 6.68508 16.4
    endloop
  endfacet
  facet normal 0 0 1
    outer loop
      vertex -18.4441 6.68508 16.4
      vertex -20.7508 18.1979 16.4
      vertex -18.9806 6.92814 16.4
    endloop
  endfacet
  facet normal 0 0 1
    outer loop
      vertex -18.9806 6.92814 16.4
      vertex -20.7508 18.1979 16.4
      vertex -19.5 7.20577 16.4
    endloop
  endfacet
  facet normal -0 0 1
    outer loop
      vertex -21.8966 16.8018 16.4
      vertex -19.5 7.20577 16.4
      vertex -20.7508 18.1979 16.4
    endloop
  endfacet
  facet normal 0 0 1
    outer loop
      vertex -19.5 7.20577 16.4
      vertex -21.8966 16.8018 16.4
      vertex -20.0001 7.51677 16.4
    endloop
  endfacet
  facet normal 0 0 1
    outer loop
      vertex -20.0001 7.51677 16.4
      vertex -21.8966 16.8018 16.4
      vertex -20.4789 7.85982 16.4
    endloop
  endfacet
  facet normal 0 0 1
    outer loop
      vertex -20.4789 7.85982 16.4
      vertex -21.8966 16.8018 16.4
      vertex -20.9341 8.23344 16.4
    endloop
  endfacet
  facet normal 0 0 1
    outer loop
      vertex -20.9341 8.23344 16.4
      vertex -21.8966 16.8018 16.4
      vertex -21.364 8.63604 16.4
    endloop
  endfacet
  facet normal 0 0 1
    outer loop
      vertex -21.364 8.63604 16.4
      vertex -21.8966 16.8018 16.4
      vertex -21.7666 9.06589 16.4
    endloop
  endfacet
  facet normal 0 0 1
    outer loop
      vertex -21.8966 16.8018 16.4
      vertex -22.1402 9.52115 16.4
      vertex -21.7666 9.06589 16.4
    endloop
  endfacet
  facet normal 0 0 1
    outer loop
      vertex -21.8966 16.8018 16.4
      vertex -22.4832 9.99987 16.4
      vertex -22.1402 9.52115 16.4
    endloop
  endfacet
  facet normal 0 0 1
    outer loop
      vertex -21.8966 16.8018 16.4
      vertex -22.7942 10.5 16.4
      vertex -22.4832 9.99987 16.4
    endloop
  endfacet
  facet normal -0 0 1
    outer loop
      vertex -22.9486 15.3337 16.4
      vertex -22.7942 10.5 16.4
      vertex -21.8966 16.8018 16.4
    endloop
  endfacet
  facet normal 0 0 1
    outer loop
      vertex -22.9486 15.3337 16.4
      vertex -23.0719 11.0194 16.4
      vertex -22.7942 10.5 16.4
    endloop
  endfacet
  facet normal 0 0 1
    outer loop
      vertex -22.9486 15.3337 16.4
      vertex -23.3149 11.5558 16.4
      vertex -23.0719 11.0194 16.4
    endloop
  endfacet
  facet normal 0 0 1
    outer loop
      vertex -22.9486 15.3337 16.4
      vertex -23.5224 12.107 16.4
      vertex -23.3149 11.5558 16.4
    endloop
  endfacet
  facet normal 0 0 1
    outer loop
      vertex -22.9486 15.3337 16.4
      vertex -23.6933 12.6706 16.4
      vertex -23.5224 12.107 16.4
    endloop
  endfacet
  facet normal 0 0 1
    outer loop
      vertex -22.9486 15.3337 16.4
      vertex -23.8271 13.2442 16.4
      vertex -23.6933 12.6706 16.4
    endloop
  endfacet
  facet normal -0 0 1
    outer loop
      vertex -23.9023 13.8 16.4
      vertex -23.8271 13.2442 16.4
      vertex -22.9486 15.3337 16.4
    endloop
  endfacet
  facet normal 0 0 1
    outer loop
      vertex -23.8271 13.2442 16.4
      vertex -23.9023 13.8 16.4
      vertex -23.9149 13.7764 16.4
    endloop
  endfacet
  facet normal -0 0 1
    outer loop
      vertex -19.5 22.7942 16.4
      vertex -19.7804 22.5552 16.4
      vertex -19.4688 22.8109 16.4
    endloop
  endfacet
  facet normal 0 0 1
    outer loop
      vertex -20.0001 22.4832 16.4
      vertex -19.7804 22.5552 16.4
      vertex -19.5 22.7942 16.4
    endloop
  endfacet
  facet normal 0 0 1
    outer loop
      vertex -20.4789 22.1402 16.4
      vertex -19.7804 22.5552 16.4
      vertex -20.0001 22.4832 16.4
    endloop
  endfacet
  facet normal 0 0 1
    outer loop
      vertex -21.2132 21.2132 16.4
      vertex -20.4789 22.1402 16.4
      vertex -20.9341 21.7666 16.4
    endloop
  endfacet
  facet normal -0 0 1
    outer loop
      vertex -20.4789 22.1402 16.4
      vertex -21.2132 21.2132 16.4
      vertex -19.7804 22.5552 16.4
    endloop
  endfacet
  facet normal -0 0 1
    outer loop
      vertex -21.364 21.364 16.4
      vertex -21.2132 21.2132 16.4
      vertex -20.9341 21.7666 16.4
    endloop
  endfacet
  facet normal 0 0 1
    outer loop
      vertex -21.7666 20.9341 16.4
      vertex -21.2132 21.2132 16.4
      vertex -21.364 21.364 16.4
    endloop
  endfacet
  facet normal 0 0 1
    outer loop
      vertex -22.1402 20.4789 16.4
      vertex -21.2132 21.2132 16.4
      vertex -21.7666 20.9341 16.4
    endloop
  endfacet
  facet normal 0 0 1
    outer loop
      vertex -22.5552 19.7804 16.4
      vertex -22.1402 20.4789 16.4
      vertex -22.4832 20.0001 16.4
    endloop
  endfacet
  facet normal -0 0 1
    outer loop
      vertex -22.1402 20.4789 16.4
      vertex -22.5552 19.7804 16.4
      vertex -21.2132 21.2132 16.4
    endloop
  endfacet
  facet normal 0 0 1
    outer loop
      vertex -22.7942 19.5 16.4
      vertex -22.5552 19.7804 16.4
      vertex -22.4832 20.0001 16.4
    endloop
  endfacet
  facet normal 0 0 1
    outer loop
      vertex -22.5552 19.7804 16.4
      vertex -22.7942 19.5 16.4
      vertex -22.8109 19.4688 16.4
    endloop
  endfacet
  facet normal -0.910889 -0.412651 0
    outer loop
      vertex -23.0719 11.0194 2.4
      vertex -23.3149 11.5558 16.4
      vertex -23.3149 11.5558 2.4
    endloop
  endfacet
  facet normal -0.910889 -0.412651 0
    outer loop
      vertex -23.3149 11.5558 16.4
      vertex -23.0719 11.0194 2.4
      vertex -23.0719 11.0194 16.4
    endloop
  endfacet
  facet normal -0.849203 -0.528067 0
    outer loop
      vertex -22.4832 9.99987 2.4
      vertex -22.7942 10.5 16.4
      vertex -22.7942 10.5 2.4
    endloop
  endfacet
  facet normal -0.849203 -0.528067 0
    outer loop
      vertex -22.7942 10.5 16.4
      vertex -22.4832 9.99987 2.4
      vertex -22.4832 9.99987 16.4
    endloop
  endfacet
  facet normal 0.973879 -0.227069 0
    outer loop
      vertex -6.30667 12.6706 16.4
      vertex -6.17293 13.2442 2.4
      vertex -6.17293 13.2442 16.4
    endloop
  endfacet
  facet normal 0.973879 -0.227069 0
    outer loop
      vertex -6.17293 13.2442 2.4
      vertex -6.30667 12.6706 16.4
      vertex -6.30667 12.6706 2.4
    endloop
  endfacet
  facet normal -0.973856 -0.227165 0
    outer loop
      vertex -23.6933 12.6706 2.4
      vertex -23.8271 13.2442 16.4
      vertex -23.8271 13.2442 2.4
    endloop
  endfacet
  facet normal -0.973856 -0.227165 0
    outer loop
      vertex -23.8271 13.2442 16.4
      vertex -23.6933 12.6706 2.4
      vertex -23.6933 12.6706 16.4
    endloop
  endfacet
  facet normal -0.634441 -0.772971 0
    outer loop
      vertex -20.9341 8.23344 2.4
      vertex -20.4789 7.85982 16.4
      vertex -20.9341 8.23344 16.4
    endloop
  endfacet
  facet normal -0.634441 -0.772971 -0
    outer loop
      vertex -20.4789 7.85982 16.4
      vertex -20.9341 8.23344 2.4
      vertex -20.4789 7.85982 2.4
    endloop
  endfacet
  facet normal -0.412672 -0.91088 0
    outer loop
      vertex -18.9806 6.92814 2.4
      vertex -18.4441 6.68508 16.4
      vertex -18.9806 6.92814 16.4
    endloop
  endfacet
  facet normal -0.412672 -0.91088 -0
    outer loop
      vertex -18.4441 6.68508 16.4
      vertex -18.9806 6.92814 2.4
      vertex -18.4441 6.68508 2.4
    endloop
  endfacet
  facet normal -0.849189 0.52809 0
    outer loop
      vertex -22.7942 19.5 2.4
      vertex -22.4832 20.0001 16.4
      vertex -22.4832 20.0001 2.4
    endloop
  endfacet
  facet normal -0.849189 0.52809 0
    outer loop
      vertex -22.4832 20.0001 16.4
      vertex -22.7942 19.5 2.4
      vertex -22.7942 19.5 16.4
    endloop
  endfacet
  facet normal -0.0980242 -0.995184 0
    outer loop
      vertex -16.1747 6.077 5.4
      vertex -15.5886 6.01927 16.4
      vertex -16.1747 6.077 16.4
    endloop
  endfacet
  facet normal -0.0980242 -0.995184 -0
    outer loop
      vertex -15.5886 6.01927 16.4
      vertex -16.1747 6.077 5.4
      vertex -15.5886 6.01927 5.4
    endloop
  endfacet
  facet normal -0.471908 0.881648 0
    outer loop
      vertex -19.4688 22.8109 2.4
      vertex -19.5 22.7942 16.4
      vertex -19.4688 22.8109 16.4
    endloop
  endfacet
  facet normal -0.471908 0.881648 0
    outer loop
      vertex -19.5 22.7942 16.4
      vertex -19.4688 22.8109 2.4
      vertex -19.5 22.7942 2.4
    endloop
  endfacet
  facet normal -0.471403 -0.881918 0
    outer loop
      vertex -19.5 7.20577 2.4
      vertex -18.9806 6.92814 16.4
      vertex -19.5 7.20577 16.4
    endloop
  endfacet
  facet normal -0.471403 -0.881918 -0
    outer loop
      vertex -18.9806 6.92814 16.4
      vertex -19.5 7.20577 2.4
      vertex -18.9806 6.92814 2.4
    endloop
  endfacet
  facet normal -0.999464 0.0327379 0
    outer loop
      vertex 93.9443 -1.70048 0
      vertex 94 0 3
      vertex 94 0 0
    endloop
  endfacet
  facet normal -0.999464 0.0327379 0
    outer loop
      vertex 94 0 3
      vertex 93.9443 -1.70048 0
      vertex 93.9443 -1.70048 3
    endloop
  endfacet
  facet normal -0.995188 -0.0979789 0
    outer loop
      vertex 93.9443 1.70048 0
      vertex 93.7776 3.39368 3
      vertex 93.7776 3.39368 0
    endloop
  endfacet
  facet normal -0.995188 -0.0979789 0
    outer loop
      vertex 93.7776 3.39368 3
      vertex 93.9443 1.70048 0
      vertex 93.9443 1.70048 3
    endloop
  endfacet
  facet normal -0.999464 -0.0327379 0
    outer loop
      vertex 94 0 0
      vertex 93.9443 1.70048 3
      vertex 93.9443 1.70048 0
    endloop
  endfacet
  facet normal -0.999464 -0.0327379 0
    outer loop
      vertex 93.9443 1.70048 3
      vertex 94 0 0
      vertex 94 0 3
    endloop
  endfacet
  facet normal 0.582461 0.812859 -0
    outer loop
      vertex 53.5552 -21.6182 0
      vertex 52.1722 -20.6272 3
      vertex 53.5552 -21.6182 3
    endloop
  endfacet
  facet normal 0.582461 0.812859 0
    outer loop
      vertex 52.1722 -20.6272 3
      vertex 53.5552 -21.6182 0
      vertex 52.1722 -20.6272 0
    endloop
  endfacet
  facet normal -0.412727 0.910855 0
    outer loop
      vertex 79.4995 -23.3187 0
      vertex 77.9498 -24.0209 3
      vertex 79.4995 -23.3187 3
    endloop
  endfacet
  facet normal -0.412727 0.910855 0
    outer loop
      vertex 77.9498 -24.0209 3
      vertex 79.4995 -23.3187 0
      vertex 77.9498 -24.0209 0
    endloop
  endfacet
  facet normal 0.935909 0.352243 0
    outer loop
      vertex 43.9791 -9.94977 3
      vertex 43.3798 -8.35743 0
      vertex 43.3798 -8.35743 3
    endloop
  endfacet
  facet normal 0.935909 0.352243 0
    outer loop
      vertex 43.3798 -8.35743 0
      vertex 43.9791 -9.94977 3
      vertex 43.9791 -9.94977 0
    endloop
  endfacet
  facet normal -0.528096 0.849185 0
    outer loop
      vertex 82.4448 -21.6182 0
      vertex 81 -22.5167 3
      vertex 82.4448 -21.6182 3
    endloop
  endfacet
  facet normal -0.528096 0.849185 0
    outer loop
      vertex 81 -22.5167 3
      vertex 82.4448 -21.6182 0
      vertex 81 -22.5167 0
    endloop
  endfacet
  facet normal 0.227044 -0.973885 0
    outer loop
      vertex 61.2707 25.1141 0
      vertex 62.9277 25.5004 3
      vertex 61.2707 25.1141 3
    endloop
  endfacet
  facet normal 0.227044 -0.973885 0
    outer loop
      vertex 62.9277 25.5004 3
      vertex 61.2707 25.1141 0
      vertex 62.9277 25.5004 0
    endloop
  endfacet
  facet normal -0.471381 -0.88193 0
    outer loop
      vertex 79.4995 23.3187 0
      vertex 81 22.5167 3
      vertex 79.4995 23.3187 3
    endloop
  endfacet
  facet normal -0.471381 -0.88193 -0
    outer loop
      vertex 81 22.5167 3
      vertex 79.4995 23.3187 0
      vertex 81 22.5167 0
    endloop
  endfacet
  facet normal 0.162931 0.986637 -0
    outer loop
      vertex 64.6063 -25.7776 0
      vertex 62.9277 -25.5004 3
      vertex 64.6063 -25.7776 3
    endloop
  endfacet
  facet normal 0.162931 0.986637 0
    outer loop
      vertex 62.9277 -25.5004 3
      vertex 64.6063 -25.7776 0
      vertex 62.9277 -25.5004 0
    endloop
  endfacet
  facet normal -0.0327375 0.999464 0
    outer loop
      vertex 69.7005 -25.9443 0
      vertex 68 -26 3
      vertex 69.7005 -25.9443 3
    endloop
  endfacet
  facet normal -0.0327375 0.999464 0
    outer loop
      vertex 68 -26 3
      vertex 69.7005 -25.9443 0
      vertex 68 -26 0
    endloop
  endfacet
  facet normal -0.162931 0.986637 0
    outer loop
      vertex 73.0723 -25.5004 0
      vertex 71.3937 -25.7776 3
      vertex 73.0723 -25.5004 3
    endloop
  endfacet
  facet normal -0.162931 0.986637 0
    outer loop
      vertex 71.3937 -25.7776 3
      vertex 73.0723 -25.5004 0
      vertex 71.3937 -25.7776 0
    endloop
  endfacet
  facet normal -0.162931 -0.986637 0
    outer loop
      vertex 71.3937 25.7776 0
      vertex 73.0723 25.5004 3
      vertex 71.3937 25.7776 3
    endloop
  endfacet
  facet normal -0.162931 -0.986637 -0
    outer loop
      vertex 73.0723 25.5004 3
      vertex 71.3937 25.7776 0
      vertex 73.0723 25.5004 0
    endloop
  endfacet
  facet normal 0.352231 0.935913 -0
    outer loop
      vertex 59.6426 -24.6202 0
      vertex 58.0502 -24.0209 3
      vertex 59.6426 -24.6202 3
    endloop
  endfacet
  facet normal 0.352231 0.935913 0
    outer loop
      vertex 58.0502 -24.0209 3
      vertex 59.6426 -24.6202 0
      vertex 58.0502 -24.0209 0
    endloop
  endfacet
  facet normal -0.935909 0.352243 0
    outer loop
      vertex 92.0209 -9.94977 0
      vertex 92.6202 -8.35743 3
      vertex 92.6202 -8.35743 0
    endloop
  endfacet
  facet normal -0.935909 0.352243 0
    outer loop
      vertex 92.6202 -8.35743 3
      vertex 92.0209 -9.94977 0
      vertex 92.0209 -9.94977 3
    endloop
  endfacet
  facet normal 0.634408 0.772998 -0
    outer loop
      vertex 52.1722 -20.6272 0
      vertex 50.857 -19.5478 3
      vertex 52.1722 -20.6272 3
    endloop
  endfacet
  facet normal 0.634408 0.772998 0
    outer loop
      vertex 50.857 -19.5478 3
      vertex 52.1722 -20.6272 0
      vertex 50.857 -19.5478 0
    endloop
  endfacet
  facet normal -0.935909 -0.352243 0
    outer loop
      vertex 92.6202 8.35743 0
      vertex 92.0209 9.94977 3
      vertex 92.0209 9.94977 0
    endloop
  endfacet
  facet normal -0.935909 -0.352243 0
    outer loop
      vertex 92.0209 9.94977 3
      vertex 92.6202 8.35743 0
      vertex 92.6202 8.35743 3
    endloop
  endfacet
  facet normal -0.582461 -0.812859 0
    outer loop
      vertex 82.4448 21.6182 0
      vertex 83.8278 20.6272 3
      vertex 82.4448 21.6182 3
    endloop
  endfacet
  facet normal -0.582461 -0.812859 -0
    outer loop
      vertex 83.8278 20.6272 3
      vertex 82.4448 21.6182 0
      vertex 83.8278 20.6272 0
    endloop
  endfacet
  facet normal 0.729885 -0.68357 0
    outer loop
      vertex 48.4522 17.143 3
      vertex 49.6152 18.3848 0
      vertex 49.6152 18.3848 3
    endloop
  endfacet
  facet normal 0.729885 -0.68357 0
    outer loop
      vertex 49.6152 18.3848 0
      vertex 48.4522 17.143 3
      vertex 48.4522 17.143 0
    endloop
  endfacet
  facet normal -0.910858 0.41272 0
    outer loop
      vertex 91.3187 -11.4995 0
      vertex 92.0209 -9.94977 3
      vertex 92.0209 -9.94977 0
    endloop
  endfacet
  facet normal -0.910858 0.41272 0
    outer loop
      vertex 92.0209 -9.94977 3
      vertex 91.3187 -11.4995 0
      vertex 91.3187 -11.4995 3
    endloop
  endfacet
  facet normal 0.995188 0.0979789 0
    outer loop
      vertex 42.2224 -3.39368 3
      vertex 42.0557 -1.70048 0
      vertex 42.0557 -1.70048 3
    endloop
  endfacet
  facet normal 0.995188 0.0979789 0
    outer loop
      vertex 42.0557 -1.70048 0
      vertex 42.2224 -3.39368 3
      vertex 42.2224 -3.39368 0
    endloop
  endfacet
  facet normal -0.412727 -0.910855 0
    outer loop
      vertex 77.9498 24.0209 0
      vertex 79.4995 23.3187 3
      vertex 77.9498 24.0209 3
    endloop
  endfacet
  facet normal -0.412727 -0.910855 -0
    outer loop
      vertex 79.4995 23.3187 3
      vertex 77.9498 24.0209 0
      vertex 79.4995 23.3187 0
    endloop
  endfacet
  facet normal 0.0979789 -0.995188 0
    outer loop
      vertex 64.6063 25.7776 0
      vertex 66.2995 25.9443 3
      vertex 64.6063 25.7776 3
    endloop
  endfacet
  facet normal 0.0979789 -0.995188 0
    outer loop
      vertex 66.2995 25.9443 3
      vertex 64.6063 25.7776 0
      vertex 66.2995 25.9443 0
    endloop
  endfacet
  facet normal 0.412727 -0.910855 0
    outer loop
      vertex 56.5005 23.3187 0
      vertex 58.0502 24.0209 3
      vertex 56.5005 23.3187 3
    endloop
  endfacet
  facet normal 0.412727 -0.910855 0
    outer loop
      vertex 58.0502 24.0209 3
      vertex 56.5005 23.3187 0
      vertex 58.0502 24.0209 0
    endloop
  endfacet
  facet normal 0.352231 -0.935913 0
    outer loop
      vertex 58.0502 24.0209 0
      vertex 59.6426 24.6202 3
      vertex 58.0502 24.0209 3
    endloop
  endfacet
  facet normal 0.352231 -0.935913 0
    outer loop
      vertex 59.6426 24.6202 3
      vertex 58.0502 24.0209 0
      vertex 59.6426 24.6202 0
    endloop
  endfacet
  facet normal 0.849185 0.528096 0
    outer loop
      vertex 46.3818 -14.4448 3
      vertex 45.4833 -13 0
      vertex 45.4833 -13 3
    endloop
  endfacet
  facet normal 0.849185 0.528096 0
    outer loop
      vertex 45.4833 -13 0
      vertex 46.3818 -14.4448 3
      vertex 46.3818 -14.4448 0
    endloop
  endfacet
  facet normal 0.290296 -0.956937 0
    outer loop
      vertex 59.6426 24.6202 0
      vertex 61.2707 25.1141 3
      vertex 59.6426 24.6202 3
    endloop
  endfacet
  facet normal 0.290296 -0.956937 0
    outer loop
      vertex 61.2707 25.1141 3
      vertex 59.6426 24.6202 0
      vertex 61.2707 25.1141 0
    endloop
  endfacet
  facet normal -0.910858 -0.41272 0
    outer loop
      vertex 92.0209 9.94977 0
      vertex 91.3187 11.4995 3
      vertex 91.3187 11.4995 0
    endloop
  endfacet
  facet normal -0.910858 -0.41272 0
    outer loop
      vertex 91.3187 11.4995 3
      vertex 92.0209 9.94977 0
      vertex 92.0209 9.94977 3
    endloop
  endfacet
  facet normal 0.471381 -0.88193 0
    outer loop
      vertex 55 22.5167 0
      vertex 56.5005 23.3187 3
      vertex 55 22.5167 3
    endloop
  endfacet
  facet normal 0.471381 -0.88193 0
    outer loop
      vertex 56.5005 23.3187 3
      vertex 55 22.5167 0
      vertex 56.5005 23.3187 0
    endloop
  endfacet
  facet normal -0.68357 0.729885 0
    outer loop
      vertex 86.3848 -18.3848 0
      vertex 85.143 -19.5478 3
      vertex 86.3848 -18.3848 3
    endloop
  endfacet
  facet normal -0.68357 0.729885 0
    outer loop
      vertex 85.143 -19.5478 3
      vertex 86.3848 -18.3848 0
      vertex 85.143 -19.5478 0
    endloop
  endfacet
  facet normal 0.956939 0.29029 0
    outer loop
      vertex 43.3798 -8.35743 3
      vertex 42.8859 -6.72929 0
      vertex 42.8859 -6.72929 3
    endloop
  endfacet
  facet normal 0.956939 0.29029 0
    outer loop
      vertex 42.8859 -6.72929 0
      vertex 43.3798 -8.35743 3
      vertex 43.3798 -8.35743 0
    endloop
  endfacet
  facet normal -0.729885 0.68357 0
    outer loop
      vertex 86.3848 -18.3848 0
      vertex 87.5478 -17.143 3
      vertex 87.5478 -17.143 0
    endloop
  endfacet
  facet normal -0.729885 0.68357 0
    outer loop
      vertex 87.5478 -17.143 3
      vertex 86.3848 -18.3848 0
      vertex 86.3848 -18.3848 3
    endloop
  endfacet
  facet normal 0.956939 -0.29029 0
    outer loop
      vertex 42.8859 6.72929 3
      vertex 43.3798 8.35743 0
      vertex 43.3798 8.35743 3
    endloop
  endfacet
  facet normal 0.956939 -0.29029 0
    outer loop
      vertex 43.3798 8.35743 0
      vertex 42.8859 6.72929 3
      vertex 42.8859 6.72929 0
    endloop
  endfacet
  facet normal 0.849185 -0.528096 0
    outer loop
      vertex 45.4833 13 3
      vertex 46.3818 14.4448 0
      vertex 46.3818 14.4448 3
    endloop
  endfacet
  facet normal 0.849185 -0.528096 0
    outer loop
      vertex 46.3818 14.4448 0
      vertex 45.4833 13 3
      vertex 45.4833 13 0
    endloop
  endfacet
  facet normal 0.528096 -0.849185 0
    outer loop
      vertex 53.5552 21.6182 0
      vertex 55 22.5167 3
      vertex 53.5552 21.6182 3
    endloop
  endfacet
  facet normal 0.528096 -0.849185 0
    outer loop
      vertex 55 22.5167 3
      vertex 53.5552 21.6182 0
      vertex 55 22.5167 0
    endloop
  endfacet
  facet normal -0.812859 -0.582461 0
    outer loop
      vertex 89.6182 14.4448 0
      vertex 88.6272 15.8278 3
      vertex 88.6272 15.8278 0
    endloop
  endfacet
  facet normal -0.812859 -0.582461 0
    outer loop
      vertex 88.6272 15.8278 3
      vertex 89.6182 14.4448 0
      vertex 89.6182 14.4448 3
    endloop
  endfacet
  facet normal -0.986639 -0.162924 0
    outer loop
      vertex 93.7776 3.39368 0
      vertex 93.5004 5.07235 3
      vertex 93.5004 5.07235 0
    endloop
  endfacet
  facet normal -0.986639 -0.162924 0
    outer loop
      vertex 93.5004 5.07235 3
      vertex 93.7776 3.39368 0
      vertex 93.7776 3.39368 3
    endloop
  endfacet
  facet normal 0.162931 -0.986637 0
    outer loop
      vertex 62.9277 25.5004 0
      vertex 64.6063 25.7776 3
      vertex 62.9277 25.5004 3
    endloop
  endfacet
  facet normal 0.162931 -0.986637 0
    outer loop
      vertex 64.6063 25.7776 3
      vertex 62.9277 25.5004 0
      vertex 64.6063 25.7776 0
    endloop
  endfacet
  facet normal -0.290296 0.956937 0
    outer loop
      vertex 76.3574 -24.6202 0
      vertex 74.7293 -25.1141 3
      vertex 76.3574 -24.6202 3
    endloop
  endfacet
  facet normal -0.290296 0.956937 0
    outer loop
      vertex 74.7293 -25.1141 3
      vertex 76.3574 -24.6202 0
      vertex 74.7293 -25.1141 0
    endloop
  endfacet
  facet normal -0.986639 0.162924 0
    outer loop
      vertex 93.5004 -5.07235 0
      vertex 93.7776 -3.39368 3
      vertex 93.7776 -3.39368 0
    endloop
  endfacet
  facet normal -0.986639 0.162924 0
    outer loop
      vertex 93.7776 -3.39368 3
      vertex 93.5004 -5.07235 0
      vertex 93.5004 -5.07235 3
    endloop
  endfacet
  facet normal 0.68357 0.729885 -0
    outer loop
      vertex 50.857 -19.5478 0
      vertex 49.6152 -18.3848 3
      vertex 50.857 -19.5478 3
    endloop
  endfacet
  facet normal 0.68357 0.729885 0
    outer loop
      vertex 49.6152 -18.3848 3
      vertex 50.857 -19.5478 0
      vertex 49.6152 -18.3848 0
    endloop
  endfacet
  facet normal -0.956939 -0.29029 0
    outer loop
      vertex 93.1141 6.72929 0
      vertex 92.6202 8.35743 3
      vertex 92.6202 8.35743 0
    endloop
  endfacet
  facet normal -0.956939 -0.29029 0
    outer loop
      vertex 92.6202 8.35743 3
      vertex 93.1141 6.72929 0
      vertex 93.1141 6.72929 3
    endloop
  endfacet
  facet normal -0.812859 0.582461 0
    outer loop
      vertex 88.6272 -15.8278 0
      vertex 89.6182 -14.4448 3
      vertex 89.6182 -14.4448 0
    endloop
  endfacet
  facet normal -0.812859 0.582461 0
    outer loop
      vertex 89.6182 -14.4448 3
      vertex 88.6272 -15.8278 0
      vertex 88.6272 -15.8278 3
    endloop
  endfacet
  facet normal -0.956939 0.29029 0
    outer loop
      vertex 92.6202 -8.35743 0
      vertex 93.1141 -6.72929 3
      vertex 93.1141 -6.72929 0
    endloop
  endfacet
  facet normal -0.956939 0.29029 0
    outer loop
      vertex 93.1141 -6.72929 3
      vertex 92.6202 -8.35743 0
      vertex 92.6202 -8.35743 3
    endloop
  endfacet
  facet normal -0.471381 0.88193 0
    outer loop
      vertex 81 -22.5167 0
      vertex 79.4995 -23.3187 3
      vertex 81 -22.5167 3
    endloop
  endfacet
  facet normal -0.471381 0.88193 0
    outer loop
      vertex 79.4995 -23.3187 3
      vertex 81 -22.5167 0
      vertex 79.4995 -23.3187 0
    endloop
  endfacet
  facet normal 0.582461 -0.812859 0
    outer loop
      vertex 52.1722 20.6272 0
      vertex 53.5552 21.6182 3
      vertex 52.1722 20.6272 3
    endloop
  endfacet
  facet normal 0.582461 -0.812859 0
    outer loop
      vertex 53.5552 21.6182 3
      vertex 52.1722 20.6272 0
      vertex 53.5552 21.6182 0
    endloop
  endfacet
  facet normal 0.0979789 0.995188 -0
    outer loop
      vertex 66.2995 -25.9443 0
      vertex 64.6063 -25.7776 3
      vertex 66.2995 -25.9443 3
    endloop
  endfacet
  facet normal 0.0979789 0.995188 0
    outer loop
      vertex 64.6063 -25.7776 3
      vertex 66.2995 -25.9443 0
      vertex 64.6063 -25.7776 0
    endloop
  endfacet
  facet normal -0.995188 0.0979789 0
    outer loop
      vertex 93.7776 -3.39368 0
      vertex 93.9443 -1.70048 3
      vertex 93.9443 -1.70048 0
    endloop
  endfacet
  facet normal -0.995188 0.0979789 0
    outer loop
      vertex 93.9443 -1.70048 3
      vertex 93.7776 -3.39368 0
      vertex 93.7776 -3.39368 3
    endloop
  endfacet
  facet normal -0.88193 -0.471381 0
    outer loop
      vertex 91.3187 11.4995 0
      vertex 90.5167 13 3
      vertex 90.5167 13 0
    endloop
  endfacet
  facet normal -0.88193 -0.471381 0
    outer loop
      vertex 90.5167 13 3
      vertex 91.3187 11.4995 0
      vertex 91.3187 11.4995 3
    endloop
  endfacet
  facet normal 0.986639 0.162924 0
    outer loop
      vertex 42.4996 -5.07235 3
      vertex 42.2224 -3.39368 0
      vertex 42.2224 -3.39368 3
    endloop
  endfacet
  facet normal 0.986639 0.162924 0
    outer loop
      vertex 42.2224 -3.39368 0
      vertex 42.4996 -5.07235 3
      vertex 42.4996 -5.07235 0
    endloop
  endfacet
  facet normal 0.227044 0.973885 -0
    outer loop
      vertex 62.9277 -25.5004 0
      vertex 61.2707 -25.1141 3
      vertex 62.9277 -25.5004 3
    endloop
  endfacet
  facet normal 0.227044 0.973885 0
    outer loop
      vertex 61.2707 -25.1141 3
      vertex 62.9277 -25.5004 0
      vertex 61.2707 -25.1141 0
    endloop
  endfacet
  facet normal -0.772998 0.634408 0
    outer loop
      vertex 87.5478 -17.143 0
      vertex 88.6272 -15.8278 3
      vertex 88.6272 -15.8278 0
    endloop
  endfacet
  facet normal -0.772998 0.634408 0
    outer loop
      vertex 88.6272 -15.8278 3
      vertex 87.5478 -17.143 0
      vertex 87.5478 -17.143 3
    endloop
  endfacet
  facet normal 0.935909 -0.352243 0
    outer loop
      vertex 43.3798 8.35743 3
      vertex 43.9791 9.94977 0
      vertex 43.9791 9.94977 3
    endloop
  endfacet
  facet normal 0.935909 -0.352243 0
    outer loop
      vertex 43.9791 9.94977 0
      vertex 43.3798 8.35743 3
      vertex 43.3798 8.35743 0
    endloop
  endfacet
  facet normal -0.729885 -0.68357 0
    outer loop
      vertex 87.5478 17.143 0
      vertex 86.3848 18.3848 3
      vertex 86.3848 18.3848 0
    endloop
  endfacet
  facet normal -0.729885 -0.68357 0
    outer loop
      vertex 86.3848 18.3848 3
      vertex 87.5478 17.143 0
      vertex 87.5478 17.143 3
    endloop
  endfacet
  facet normal -0.528096 -0.849185 0
    outer loop
      vertex 81 22.5167 0
      vertex 82.4448 21.6182 3
      vertex 81 22.5167 3
    endloop
  endfacet
  facet normal -0.528096 -0.849185 -0
    outer loop
      vertex 82.4448 21.6182 3
      vertex 81 22.5167 0
      vertex 82.4448 21.6182 0
    endloop
  endfacet
  facet normal 0.973883 0.227052 0
    outer loop
      vertex 42.8859 -6.72929 3
      vertex 42.4996 -5.07235 0
      vertex 42.4996 -5.07235 3
    endloop
  endfacet
  facet normal 0.973883 0.227052 0
    outer loop
      vertex 42.4996 -5.07235 0
      vertex 42.8859 -6.72929 3
      vertex 42.8859 -6.72929 0
    endloop
  endfacet
  facet normal 0.634408 -0.772998 0
    outer loop
      vertex 50.857 19.5478 0
      vertex 52.1722 20.6272 3
      vertex 50.857 19.5478 3
    endloop
  endfacet
  facet normal 0.634408 -0.772998 0
    outer loop
      vertex 52.1722 20.6272 3
      vertex 50.857 19.5478 0
      vertex 52.1722 20.6272 0
    endloop
  endfacet
  facet normal 0.0327375 0.999464 -0
    outer loop
      vertex 68 -26 0
      vertex 66.2995 -25.9443 3
      vertex 68 -26 3
    endloop
  endfacet
  facet normal 0.0327375 0.999464 0
    outer loop
      vertex 66.2995 -25.9443 3
      vertex 68 -26 0
      vertex 66.2995 -25.9443 0
    endloop
  endfacet
  facet normal -0.227044 0.973885 0
    outer loop
      vertex 74.7293 -25.1141 0
      vertex 73.0723 -25.5004 3
      vertex 74.7293 -25.1141 3
    endloop
  endfacet
  facet normal -0.227044 0.973885 0
    outer loop
      vertex 73.0723 -25.5004 3
      vertex 74.7293 -25.1141 0
      vertex 73.0723 -25.5004 0
    endloop
  endfacet
  facet normal -0.352231 -0.935913 0
    outer loop
      vertex 76.3574 24.6202 0
      vertex 77.9498 24.0209 3
      vertex 76.3574 24.6202 3
    endloop
  endfacet
  facet normal -0.352231 -0.935913 -0
    outer loop
      vertex 77.9498 24.0209 3
      vertex 76.3574 24.6202 0
      vertex 77.9498 24.0209 0
    endloop
  endfacet
  facet normal -0.68357 -0.729885 0
    outer loop
      vertex 85.143 19.5478 0
      vertex 86.3848 18.3848 3
      vertex 85.143 19.5478 3
    endloop
  endfacet
  facet normal -0.68357 -0.729885 -0
    outer loop
      vertex 86.3848 18.3848 3
      vertex 85.143 19.5478 0
      vertex 86.3848 18.3848 0
    endloop
  endfacet
  facet normal -0.88193 0.471381 0
    outer loop
      vertex 90.5167 -13 0
      vertex 91.3187 -11.4995 3
      vertex 91.3187 -11.4995 0
    endloop
  endfacet
  facet normal -0.88193 0.471381 0
    outer loop
      vertex 91.3187 -11.4995 3
      vertex 90.5167 -13 0
      vertex 90.5167 -13 3
    endloop
  endfacet
  facet normal 0.812859 0.582461 0
    outer loop
      vertex 47.3728 -15.8278 3
      vertex 46.3818 -14.4448 0
      vertex 46.3818 -14.4448 3
    endloop
  endfacet
  facet normal 0.812859 0.582461 0
    outer loop
      vertex 46.3818 -14.4448 0
      vertex 47.3728 -15.8278 3
      vertex 47.3728 -15.8278 0
    endloop
  endfacet
  facet normal -0.0979789 0.995188 0
    outer loop
      vertex 71.3937 -25.7776 0
      vertex 69.7005 -25.9443 3
      vertex 71.3937 -25.7776 3
    endloop
  endfacet
  facet normal -0.0979789 0.995188 0
    outer loop
      vertex 69.7005 -25.9443 3
      vertex 71.3937 -25.7776 0
      vertex 69.7005 -25.9443 0
    endloop
  endfacet
  facet normal -0.772998 -0.634408 0
    outer loop
      vertex 88.6272 15.8278 0
      vertex 87.5478 17.143 3
      vertex 87.5478 17.143 0
    endloop
  endfacet
  facet normal -0.772998 -0.634408 0
    outer loop
      vertex 87.5478 17.143 3
      vertex 88.6272 15.8278 0
      vertex 88.6272 15.8278 3
    endloop
  endfacet
  facet normal -0.0327375 -0.999464 0
    outer loop
      vertex 68 26 0
      vertex 69.7005 25.9443 3
      vertex 68 26 3
    endloop
  endfacet
  facet normal -0.0327375 -0.999464 -0
    outer loop
      vertex 69.7005 25.9443 3
      vertex 68 26 0
      vertex 69.7005 25.9443 0
    endloop
  endfacet
  facet normal -0.352231 0.935913 0
    outer loop
      vertex 77.9498 -24.0209 0
      vertex 76.3574 -24.6202 3
      vertex 77.9498 -24.0209 3
    endloop
  endfacet
  facet normal -0.352231 0.935913 0
    outer loop
      vertex 76.3574 -24.6202 3
      vertex 77.9498 -24.0209 0
      vertex 76.3574 -24.6202 0
    endloop
  endfacet
  facet normal -0.849185 -0.528096 0
    outer loop
      vertex 90.5167 13 0
      vertex 89.6182 14.4448 3
      vertex 89.6182 14.4448 0
    endloop
  endfacet
  facet normal -0.849185 -0.528096 0
    outer loop
      vertex 89.6182 14.4448 3
      vertex 90.5167 13 0
      vertex 90.5167 13 3
    endloop
  endfacet
  facet normal -0.634408 -0.772998 0
    outer loop
      vertex 83.8278 20.6272 0
      vertex 85.143 19.5478 3
      vertex 83.8278 20.6272 3
    endloop
  endfacet
  facet normal -0.634408 -0.772998 -0
    outer loop
      vertex 85.143 19.5478 3
      vertex 83.8278 20.6272 0
      vertex 85.143 19.5478 0
    endloop
  endfacet
  facet normal -0.973883 0.227052 0
    outer loop
      vertex 93.1141 -6.72929 0
      vertex 93.5004 -5.07235 3
      vertex 93.5004 -5.07235 0
    endloop
  endfacet
  facet normal -0.973883 0.227052 0
    outer loop
      vertex 93.5004 -5.07235 3
      vertex 93.1141 -6.72929 0
      vertex 93.1141 -6.72929 3
    endloop
  endfacet
  facet normal 0.995188 -0.0979789 0
    outer loop
      vertex 42.0557 1.70048 3
      vertex 42.2224 3.39368 0
      vertex 42.2224 3.39368 3
    endloop
  endfacet
  facet normal 0.995188 -0.0979789 0
    outer loop
      vertex 42.2224 3.39368 0
      vertex 42.0557 1.70048 3
      vertex 42.0557 1.70048 0
    endloop
  endfacet
  facet normal 0.68357 -0.729885 0
    outer loop
      vertex 49.6152 18.3848 0
      vertex 50.857 19.5478 3
      vertex 49.6152 18.3848 3
    endloop
  endfacet
  facet normal 0.68357 -0.729885 0
    outer loop
      vertex 50.857 19.5478 3
      vertex 49.6152 18.3848 0
      vertex 50.857 19.5478 0
    endloop
  endfacet
  facet normal 0.986639 -0.162924 0
    outer loop
      vertex 42.2224 3.39368 3
      vertex 42.4996 5.07235 0
      vertex 42.4996 5.07235 3
    endloop
  endfacet
  facet normal 0.986639 -0.162924 0
    outer loop
      vertex 42.4996 5.07235 0
      vertex 42.2224 3.39368 3
      vertex 42.2224 3.39368 0
    endloop
  endfacet
  facet normal -0.973883 -0.227052 0
    outer loop
      vertex 93.5004 5.07235 0
      vertex 93.1141 6.72929 3
      vertex 93.1141 6.72929 0
    endloop
  endfacet
  facet normal -0.973883 -0.227052 0
    outer loop
      vertex 93.1141 6.72929 3
      vertex 93.5004 5.07235 0
      vertex 93.5004 5.07235 3
    endloop
  endfacet
  facet normal 0.471381 0.88193 -0
    outer loop
      vertex 56.5005 -23.3187 0
      vertex 55 -22.5167 3
      vertex 56.5005 -23.3187 3
    endloop
  endfacet
  facet normal 0.471381 0.88193 0
    outer loop
      vertex 55 -22.5167 3
      vertex 56.5005 -23.3187 0
      vertex 55 -22.5167 0
    endloop
  endfacet
  facet normal 0.772998 0.634408 0
    outer loop
      vertex 48.4522 -17.143 3
      vertex 47.3728 -15.8278 0
      vertex 47.3728 -15.8278 3
    endloop
  endfacet
  facet normal 0.772998 0.634408 0
    outer loop
      vertex 47.3728 -15.8278 0
      vertex 48.4522 -17.143 3
      vertex 48.4522 -17.143 0
    endloop
  endfacet
  facet normal 0.999464 0.0327379 0
    outer loop
      vertex 42.0557 -1.70048 3
      vertex 42 0 0
      vertex 42 0 3
    endloop
  endfacet
  facet normal 0.999464 0.0327379 0
    outer loop
      vertex 42 0 0
      vertex 42.0557 -1.70048 3
      vertex 42.0557 -1.70048 0
    endloop
  endfacet
  facet normal 0.910858 0.41272 0
    outer loop
      vertex 44.6813 -11.4995 3
      vertex 43.9791 -9.94977 0
      vertex 43.9791 -9.94977 3
    endloop
  endfacet
  facet normal 0.910858 0.41272 0
    outer loop
      vertex 43.9791 -9.94977 0
      vertex 44.6813 -11.4995 3
      vertex 44.6813 -11.4995 0
    endloop
  endfacet
  facet normal -0.0979789 -0.995188 0
    outer loop
      vertex 69.7005 25.9443 0
      vertex 71.3937 25.7776 3
      vertex 69.7005 25.9443 3
    endloop
  endfacet
  facet normal -0.0979789 -0.995188 -0
    outer loop
      vertex 71.3937 25.7776 3
      vertex 69.7005 25.9443 0
      vertex 71.3937 25.7776 0
    endloop
  endfacet
  facet normal 0.973883 -0.227052 0
    outer loop
      vertex 42.4996 5.07235 3
      vertex 42.8859 6.72929 0
      vertex 42.8859 6.72929 3
    endloop
  endfacet
  facet normal 0.973883 -0.227052 0
    outer loop
      vertex 42.8859 6.72929 0
      vertex 42.4996 5.07235 3
      vertex 42.4996 5.07235 0
    endloop
  endfacet
  facet normal 0.88193 0.471381 0
    outer loop
      vertex 45.4833 -13 3
      vertex 44.6813 -11.4995 0
      vertex 44.6813 -11.4995 3
    endloop
  endfacet
  facet normal 0.88193 0.471381 0
    outer loop
      vertex 44.6813 -11.4995 0
      vertex 45.4833 -13 3
      vertex 45.4833 -13 0
    endloop
  endfacet
  facet normal -0.290296 -0.956937 0
    outer loop
      vertex 74.7293 25.1141 0
      vertex 76.3574 24.6202 3
      vertex 74.7293 25.1141 3
    endloop
  endfacet
  facet normal -0.290296 -0.956937 -0
    outer loop
      vertex 76.3574 24.6202 3
      vertex 74.7293 25.1141 0
      vertex 76.3574 24.6202 0
    endloop
  endfacet
  facet normal 0.0327375 -0.999464 0
    outer loop
      vertex 66.2995 25.9443 0
      vertex 68 26 3
      vertex 66.2995 25.9443 3
    endloop
  endfacet
  facet normal 0.0327375 -0.999464 0
    outer loop
      vertex 68 26 3
      vertex 66.2995 25.9443 0
      vertex 68 26 0
    endloop
  endfacet
  facet normal 0.729885 0.68357 0
    outer loop
      vertex 49.6152 -18.3848 3
      vertex 48.4522 -17.143 0
      vertex 48.4522 -17.143 3
    endloop
  endfacet
  facet normal 0.729885 0.68357 0
    outer loop
      vertex 48.4522 -17.143 0
      vertex 49.6152 -18.3848 3
      vertex 49.6152 -18.3848 0
    endloop
  endfacet
  facet normal 0.812859 -0.582461 0
    outer loop
      vertex 46.3818 14.4448 3
      vertex 47.3728 15.8278 0
      vertex 47.3728 15.8278 3
    endloop
  endfacet
  facet normal 0.812859 -0.582461 0
    outer loop
      vertex 47.3728 15.8278 0
      vertex 46.3818 14.4448 3
      vertex 46.3818 14.4448 0
    endloop
  endfacet
  facet normal -0.582461 0.812859 0
    outer loop
      vertex 83.8278 -20.6272 0
      vertex 82.4448 -21.6182 3
      vertex 83.8278 -20.6272 3
    endloop
  endfacet
  facet normal -0.582461 0.812859 0
    outer loop
      vertex 82.4448 -21.6182 3
      vertex 83.8278 -20.6272 0
      vertex 82.4448 -21.6182 0
    endloop
  endfacet
  facet normal 0.88193 -0.471381 0
    outer loop
      vertex 44.6813 11.4995 3
      vertex 45.4833 13 0
      vertex 45.4833 13 3
    endloop
  endfacet
  facet normal 0.88193 -0.471381 0
    outer loop
      vertex 45.4833 13 0
      vertex 44.6813 11.4995 3
      vertex 44.6813 11.4995 0
    endloop
  endfacet
  facet normal 0.772998 -0.634408 0
    outer loop
      vertex 47.3728 15.8278 3
      vertex 48.4522 17.143 0
      vertex 48.4522 17.143 3
    endloop
  endfacet
  facet normal 0.772998 -0.634408 0
    outer loop
      vertex 48.4522 17.143 0
      vertex 47.3728 15.8278 3
      vertex 47.3728 15.8278 0
    endloop
  endfacet
  facet normal -0.849185 0.528096 0
    outer loop
      vertex 89.6182 -14.4448 0
      vertex 90.5167 -13 3
      vertex 90.5167 -13 0
    endloop
  endfacet
  facet normal -0.849185 0.528096 0
    outer loop
      vertex 90.5167 -13 3
      vertex 89.6182 -14.4448 0
      vertex 89.6182 -14.4448 3
    endloop
  endfacet
  facet normal 0.290296 0.956937 -0
    outer loop
      vertex 61.2707 -25.1141 0
      vertex 59.6426 -24.6202 3
      vertex 61.2707 -25.1141 3
    endloop
  endfacet
  facet normal 0.290296 0.956937 0
    outer loop
      vertex 59.6426 -24.6202 3
      vertex 61.2707 -25.1141 0
      vertex 59.6426 -24.6202 0
    endloop
  endfacet
  facet normal 0.528096 0.849185 -0
    outer loop
      vertex 55 -22.5167 0
      vertex 53.5552 -21.6182 3
      vertex 55 -22.5167 3
    endloop
  endfacet
  facet normal 0.528096 0.849185 0
    outer loop
      vertex 53.5552 -21.6182 3
      vertex 55 -22.5167 0
      vertex 53.5552 -21.6182 0
    endloop
  endfacet
  facet normal 0.999464 -0.0327379 0
    outer loop
      vertex 42 0 3
      vertex 42.0557 1.70048 0
      vertex 42.0557 1.70048 3
    endloop
  endfacet
  facet normal 0.999464 -0.0327379 0
    outer loop
      vertex 42.0557 1.70048 0
      vertex 42 0 3
      vertex 42 0 0
    endloop
  endfacet
  facet normal 0.910858 -0.41272 0
    outer loop
      vertex 43.9791 9.94977 3
      vertex 44.6813 11.4995 0
      vertex 44.6813 11.4995 3
    endloop
  endfacet
  facet normal 0.910858 -0.41272 0
    outer loop
      vertex 44.6813 11.4995 0
      vertex 43.9791 9.94977 3
      vertex 43.9791 9.94977 0
    endloop
  endfacet
  facet normal -0.227044 -0.973885 0
    outer loop
      vertex 73.0723 25.5004 0
      vertex 74.7293 25.1141 3
      vertex 73.0723 25.5004 3
    endloop
  endfacet
  facet normal -0.227044 -0.973885 -0
    outer loop
      vertex 74.7293 25.1141 3
      vertex 73.0723 25.5004 0
      vertex 74.7293 25.1141 0
    endloop
  endfacet
  facet normal -0.634408 0.772998 0
    outer loop
      vertex 85.143 -19.5478 0
      vertex 83.8278 -20.6272 3
      vertex 85.143 -19.5478 3
    endloop
  endfacet
  facet normal -0.634408 0.772998 0
    outer loop
      vertex 83.8278 -20.6272 3
      vertex 85.143 -19.5478 0
      vertex 83.8278 -20.6272 0
    endloop
  endfacet
  facet normal 0.412727 0.910855 -0
    outer loop
      vertex 58.0502 -24.0209 0
      vertex 56.5005 -23.3187 3
      vertex 58.0502 -24.0209 3
    endloop
  endfacet
  facet normal 0.412727 0.910855 0
    outer loop
      vertex 56.5005 -23.3187 3
      vertex 58.0502 -24.0209 0
      vertex 56.5005 -23.3187 0
    endloop
  endfacet
  facet normal 0.995184 0.0980208 0
    outer loop
      vertex 88.955 1.37347 3
      vertex 88.8203 2.74105 0
      vertex 88.8203 2.74105 3
    endloop
  endfacet
  facet normal 0.995184 0.0980208 0
    outer loop
      vertex 88.8203 2.74105 0
      vertex 88.955 1.37347 3
      vertex 88.955 1.37347 0
    endloop
  endfacet
  facet normal 0.999464 0.0327462 0
    outer loop
      vertex 89 0 3
      vertex 88.955 1.37347 0
      vertex 88.955 1.37347 3
    endloop
  endfacet
  facet normal 0.999464 0.0327462 0
    outer loop
      vertex 88.955 1.37347 0
      vertex 89 0 3
      vertex 89 0 0
    endloop
  endfacet
  facet normal -0.935921 -0.352211 0
    outer loop
      vertex 48.5985 -8.03635 0
      vertex 48.1145 -6.75023 3
      vertex 48.1145 -6.75023 0
    endloop
  endfacet
  facet normal -0.935921 -0.352211 0
    outer loop
      vertex 48.1145 -6.75023 3
      vertex 48.5985 -8.03635 0
      vertex 48.5985 -8.03635 3
    endloop
  endfacet
  facet normal 0.227112 -0.973869 0
    outer loop
      vertex 72.0969 -20.5965 0
      vertex 73.4352 -20.2844 3
      vertex 72.0969 -20.5965 3
    endloop
  endfacet
  facet normal 0.227112 -0.973869 0
    outer loop
      vertex 73.4352 -20.2844 3
      vertex 72.0969 -20.5965 0
      vertex 73.4352 -20.2844 0
    endloop
  endfacet
  facet normal -0.0327454 -0.999464 0
    outer loop
      vertex 66.6265 -20.955 0
      vertex 68 -21 3
      vertex 66.6265 -20.955 3
    endloop
  endfacet
  facet normal -0.0327454 -0.999464 -0
    outer loop
      vertex 68 -21 3
      vertex 66.6265 -20.955 0
      vertex 68 -21 0
    endloop
  endfacet
  facet normal -0.290284 -0.956941 0
    outer loop
      vertex 61.2498 -19.8855 0
      vertex 62.5648 -20.2844 3
      vertex 61.2498 -19.8855 3
    endloop
  endfacet
  facet normal -0.290284 -0.956941 -0
    outer loop
      vertex 62.5648 -20.2844 3
      vertex 61.2498 -19.8855 0
      vertex 62.5648 -20.2844 0
    endloop
  endfacet
  facet normal -0.812823 0.582511 0
    outer loop
      vertex 50.5391 11.667 0
      vertex 51.3396 12.784 3
      vertex 51.3396 12.784 0
    endloop
  endfacet
  facet normal -0.812823 0.582511 0
    outer loop
      vertex 51.3396 12.784 3
      vertex 50.5391 11.667 0
      vertex 50.5391 11.667 3
    endloop
  endfacet
  facet normal -0.999464 -0.0327462 0
    outer loop
      vertex 47.045 -1.37347 0
      vertex 47 0 3
      vertex 47 0 0
    endloop
  endfacet
  facet normal -0.999464 -0.0327462 0
    outer loop
      vertex 47 0 3
      vertex 47.045 -1.37347 0
      vertex 47.045 -1.37347 3
    endloop
  endfacet
  facet normal -0.995184 0.0980208 0
    outer loop
      vertex 47.045 1.37347 0
      vertex 47.1797 2.74105 3
      vertex 47.1797 2.74105 0
    endloop
  endfacet
  facet normal -0.995184 0.0980208 0
    outer loop
      vertex 47.1797 2.74105 3
      vertex 47.045 1.37347 0
      vertex 47.045 1.37347 3
    endloop
  endfacet
  facet normal -0.995184 -0.0980208 0
    outer loop
      vertex 47.1797 -2.74105 0
      vertex 47.045 -1.37347 3
      vertex 47.045 -1.37347 0
    endloop
  endfacet
  facet normal -0.995184 -0.0980208 0
    outer loop
      vertex 47.045 -1.37347 3
      vertex 47.1797 -2.74105 0
      vertex 47.1797 -2.74105 3
    endloop
  endfacet
  facet normal -0.88192 0.471399 0
    outer loop
      vertex 49.1657 9.28806 0
      vertex 49.8135 10.5 3
      vertex 49.8135 10.5 0
    endloop
  endfacet
  facet normal -0.88192 0.471399 0
    outer loop
      vertex 49.8135 10.5 3
      vertex 49.1657 9.28806 0
      vertex 49.1657 9.28806 3
    endloop
  endfacet
  facet normal -0.352192 0.935928 0
    outer loop
      vertex 61.2498 19.8855 0
      vertex 59.9636 19.4015 3
      vertex 61.2498 19.8855 3
    endloop
  endfacet
  facet normal -0.352192 0.935928 0
    outer loop
      vertex 59.9636 19.4015 3
      vertex 61.2498 19.8855 0
      vertex 59.9636 19.4015 0
    endloop
  endfacet
  facet normal 0.986649 0.162859 0
    outer loop
      vertex 88.8203 2.74105 3
      vertex 88.5965 4.0969 0
      vertex 88.5965 4.0969 3
    endloop
  endfacet
  facet normal 0.986649 0.162859 0
    outer loop
      vertex 88.5965 4.0969 0
      vertex 88.8203 2.74105 3
      vertex 88.8203 2.74105 0
    endloop
  endfacet
  facet normal -0.88192 -0.471399 0
    outer loop
      vertex 49.8135 -10.5 0
      vertex 49.1657 -9.28806 3
      vertex 49.1657 -9.28806 0
    endloop
  endfacet
  facet normal -0.88192 -0.471399 0
    outer loop
      vertex 49.1657 -9.28806 3
      vertex 49.8135 -10.5 0
      vertex 49.8135 -10.5 3
    endloop
  endfacet
  facet normal -0.773013 -0.63439 0
    outer loop
      vertex 52.2114 -13.8463 0
      vertex 51.3396 -12.784 3
      vertex 51.3396 -12.784 0
    endloop
  endfacet
  facet normal -0.773013 -0.63439 0
    outer loop
      vertex 51.3396 -12.784 3
      vertex 52.2114 -13.8463 0
      vertex 52.2114 -13.8463 3
    endloop
  endfacet
  facet normal 0.995184 -0.0980208 0
    outer loop
      vertex 88.8203 -2.74105 3
      vertex 88.955 -1.37347 0
      vertex 88.955 -1.37347 3
    endloop
  endfacet
  facet normal 0.995184 -0.0980208 0
    outer loop
      vertex 88.955 -1.37347 0
      vertex 88.8203 -2.74105 3
      vertex 88.8203 -2.74105 0
    endloop
  endfacet
  facet normal 0.0327454 -0.999464 0
    outer loop
      vertex 68 -21 0
      vertex 69.3735 -20.955 3
      vertex 68 -21 3
    endloop
  endfacet
  facet normal 0.0327454 -0.999464 0
    outer loop
      vertex 69.3735 -20.955 3
      vertex 68 -21 0
      vertex 69.3735 -20.955 0
    endloop
  endfacet
  facet normal 0.352192 0.935928 -0
    outer loop
      vertex 76.0364 19.4015 0
      vertex 74.7502 19.8855 3
      vertex 76.0364 19.4015 3
    endloop
  endfacet
  facet normal 0.352192 0.935928 0
    outer loop
      vertex 74.7502 19.8855 3
      vertex 76.0364 19.4015 0
      vertex 74.7502 19.8855 0
    endloop
  endfacet
  facet normal 0.582511 0.812823 -0
    outer loop
      vertex 80.784 16.6604 0
      vertex 79.667 17.4609 3
      vertex 80.784 16.6604 3
    endloop
  endfacet
  facet normal 0.582511 0.812823 0
    outer loop
      vertex 79.667 17.4609 3
      vertex 80.784 16.6604 0
      vertex 79.667 17.4609 0
    endloop
  endfacet
  facet normal -0.910848 -0.412742 0
    outer loop
      vertex 49.1657 -9.28806 0
      vertex 48.5985 -8.03635 3
      vertex 48.5985 -8.03635 0
    endloop
  endfacet
  facet normal -0.910848 -0.412742 0
    outer loop
      vertex 48.5985 -8.03635 3
      vertex 49.1657 -9.28806 0
      vertex 49.1657 -9.28806 3
    endloop
  endfacet
  facet normal -0.582511 0.812823 0
    outer loop
      vertex 56.333 17.4609 0
      vertex 55.216 16.6604 3
      vertex 56.333 17.4609 3
    endloop
  endfacet
  facet normal -0.582511 0.812823 0
    outer loop
      vertex 55.216 16.6604 3
      vertex 56.333 17.4609 0
      vertex 55.216 16.6604 0
    endloop
  endfacet
  facet normal 0.812823 -0.582511 0
    outer loop
      vertex 84.6604 -12.784 3
      vertex 85.4609 -11.667 0
      vertex 85.4609 -11.667 3
    endloop
  endfacet
  facet normal 0.812823 -0.582511 0
    outer loop
      vertex 85.4609 -11.667 0
      vertex 84.6604 -12.784 3
      vertex 84.6604 -12.784 0
    endloop
  endfacet
  facet normal 0.935921 0.352211 0
    outer loop
      vertex 87.8855 6.75023 3
      vertex 87.4015 8.03635 0
      vertex 87.4015 8.03635 3
    endloop
  endfacet
  facet normal 0.935921 0.352211 0
    outer loop
      vertex 87.4015 8.03635 0
      vertex 87.8855 6.75023 3
      vertex 87.8855 6.75023 0
    endloop
  endfacet
  facet normal 0.471411 0.881913 -0
    outer loop
      vertex 78.5 18.1865 0
      vertex 77.2881 18.8343 3
      vertex 78.5 18.1865 3
    endloop
  endfacet
  facet normal 0.471411 0.881913 0
    outer loop
      vertex 77.2881 18.8343 3
      vertex 78.5 18.1865 0
      vertex 77.2881 18.8343 0
    endloop
  endfacet
  facet normal 0.973869 0.227112 0
    outer loop
      vertex 88.5965 4.0969 3
      vertex 88.2844 5.4352 0
      vertex 88.2844 5.4352 3
    endloop
  endfacet
  facet normal 0.973869 0.227112 0
    outer loop
      vertex 88.2844 5.4352 0
      vertex 88.5965 4.0969 3
      vertex 88.5965 4.0969 0
    endloop
  endfacet
  facet normal 0.162865 -0.986648 0
    outer loop
      vertex 70.7411 -20.8203 0
      vertex 72.0969 -20.5965 3
      vertex 70.7411 -20.8203 3
    endloop
  endfacet
  facet normal 0.162865 -0.986648 0
    outer loop
      vertex 72.0969 -20.5965 3
      vertex 70.7411 -20.8203 0
      vertex 72.0969 -20.5965 0
    endloop
  endfacet
  facet normal -0.63439 0.773013 0
    outer loop
      vertex 55.216 16.6604 0
      vertex 54.1537 15.7886 3
      vertex 55.216 16.6604 3
    endloop
  endfacet
  facet normal -0.63439 0.773013 0
    outer loop
      vertex 54.1537 15.7886 3
      vertex 55.216 16.6604 0
      vertex 54.1537 15.7886 0
    endloop
  endfacet
  facet normal 0.162865 0.986648 -0
    outer loop
      vertex 72.0969 20.5965 0
      vertex 70.7411 20.8203 3
      vertex 72.0969 20.5965 3
    endloop
  endfacet
  facet normal 0.162865 0.986648 0
    outer loop
      vertex 70.7411 20.8203 3
      vertex 72.0969 20.5965 0
      vertex 70.7411 20.8203 0
    endloop
  endfacet
  facet normal -0.0980194 0.995185 0
    outer loop
      vertex 66.6265 20.955 0
      vertex 65.2589 20.8203 3
      vertex 66.6265 20.955 3
    endloop
  endfacet
  facet normal -0.0980194 0.995185 0
    outer loop
      vertex 65.2589 20.8203 3
      vertex 66.6265 20.955 0
      vertex 65.2589 20.8203 0
    endloop
  endfacet
  facet normal -0.162865 0.986648 0
    outer loop
      vertex 65.2589 20.8203 0
      vertex 63.9031 20.5965 3
      vertex 65.2589 20.8203 3
    endloop
  endfacet
  facet normal -0.162865 0.986648 0
    outer loop
      vertex 63.9031 20.5965 3
      vertex 65.2589 20.8203 0
      vertex 63.9031 20.5965 0
    endloop
  endfacet
  facet normal 0.528022 -0.849231 0
    outer loop
      vertex 78.5 -18.1865 0
      vertex 79.667 -17.4609 3
      vertex 78.5 -18.1865 3
    endloop
  endfacet
  facet normal 0.528022 -0.849231 0
    outer loop
      vertex 79.667 -17.4609 3
      vertex 78.5 -18.1865 0
      vertex 79.667 -17.4609 0
    endloop
  endfacet
  facet normal 0.773013 0.63439 0
    outer loop
      vertex 84.6604 12.784 3
      vertex 83.7886 13.8463 0
      vertex 83.7886 13.8463 3
    endloop
  endfacet
  facet normal 0.773013 0.63439 0
    outer loop
      vertex 83.7886 13.8463 0
      vertex 84.6604 12.784 3
      vertex 84.6604 12.784 0
    endloop
  endfacet
  facet normal -0.582511 -0.812823 0
    outer loop
      vertex 55.216 -16.6604 0
      vertex 56.333 -17.4609 3
      vertex 55.216 -16.6604 3
    endloop
  endfacet
  facet normal -0.582511 -0.812823 -0
    outer loop
      vertex 56.333 -17.4609 3
      vertex 55.216 -16.6604 0
      vertex 56.333 -17.4609 0
    endloop
  endfacet
  facet normal 0.88192 -0.471399 0
    outer loop
      vertex 86.1865 -10.5 3
      vertex 86.8343 -9.28806 0
      vertex 86.8343 -9.28806 3
    endloop
  endfacet
  facet normal 0.88192 -0.471399 0
    outer loop
      vertex 86.8343 -9.28806 0
      vertex 86.1865 -10.5 3
      vertex 86.1865 -10.5 0
    endloop
  endfacet
  facet normal 0.290284 -0.956941 0
    outer loop
      vertex 73.4352 -20.2844 0
      vertex 74.7502 -19.8855 3
      vertex 73.4352 -20.2844 3
    endloop
  endfacet
  facet normal 0.290284 -0.956941 0
    outer loop
      vertex 74.7502 -19.8855 3
      vertex 73.4352 -20.2844 0
      vertex 74.7502 -19.8855 0
    endloop
  endfacet
  facet normal -0.849231 0.528022 0
    outer loop
      vertex 49.8135 10.5 0
      vertex 50.5391 11.667 3
      vertex 50.5391 11.667 0
    endloop
  endfacet
  facet normal -0.849231 0.528022 0
    outer loop
      vertex 50.5391 11.667 3
      vertex 49.8135 10.5 0
      vertex 49.8135 10.5 3
    endloop
  endfacet
  facet normal 0.849231 0.528022 0
    outer loop
      vertex 86.1865 10.5 3
      vertex 85.4609 11.667 0
      vertex 85.4609 11.667 3
    endloop
  endfacet
  facet normal 0.849231 0.528022 0
    outer loop
      vertex 85.4609 11.667 0
      vertex 86.1865 10.5 3
      vertex 86.1865 10.5 0
    endloop
  endfacet
  facet normal 0.986649 -0.162859 0
    outer loop
      vertex 88.5965 -4.0969 3
      vertex 88.8203 -2.74105 0
      vertex 88.8203 -2.74105 3
    endloop
  endfacet
  facet normal 0.986649 -0.162859 0
    outer loop
      vertex 88.8203 -2.74105 0
      vertex 88.5965 -4.0969 3
      vertex 88.5965 -4.0969 0
    endloop
  endfacet
  facet normal 0.683624 0.729834 -0
    outer loop
      vertex 82.8492 14.8492 0
      vertex 81.8463 15.7886 3
      vertex 82.8492 14.8492 3
    endloop
  endfacet
  facet normal 0.683624 0.729834 0
    outer loop
      vertex 81.8463 15.7886 3
      vertex 82.8492 14.8492 0
      vertex 81.8463 15.7886 0
    endloop
  endfacet
  facet normal 0.729834 0.683624 0
    outer loop
      vertex 83.7886 13.8463 3
      vertex 82.8492 14.8492 0
      vertex 82.8492 14.8492 3
    endloop
  endfacet
  facet normal 0.729834 0.683624 0
    outer loop
      vertex 82.8492 14.8492 0
      vertex 83.7886 13.8463 3
      vertex 83.7886 13.8463 0
    endloop
  endfacet
  facet normal 0.528022 0.849231 -0
    outer loop
      vertex 79.667 17.4609 0
      vertex 78.5 18.1865 3
      vertex 79.667 17.4609 3
    endloop
  endfacet
  facet normal 0.528022 0.849231 0
    outer loop
      vertex 78.5 18.1865 3
      vertex 79.667 17.4609 0
      vertex 78.5 18.1865 0
    endloop
  endfacet
  facet normal -0.162865 -0.986648 0
    outer loop
      vertex 63.9031 -20.5965 0
      vertex 65.2589 -20.8203 3
      vertex 63.9031 -20.5965 3
    endloop
  endfacet
  facet normal -0.162865 -0.986648 -0
    outer loop
      vertex 65.2589 -20.8203 3
      vertex 63.9031 -20.5965 0
      vertex 65.2589 -20.8203 0
    endloop
  endfacet
  facet normal 0.412745 0.910847 -0
    outer loop
      vertex 77.2881 18.8343 0
      vertex 76.0364 19.4015 3
      vertex 77.2881 18.8343 3
    endloop
  endfacet
  facet normal 0.412745 0.910847 0
    outer loop
      vertex 76.0364 19.4015 3
      vertex 77.2881 18.8343 0
      vertex 76.0364 19.4015 0
    endloop
  endfacet
  facet normal 0.956942 0.290278 0
    outer loop
      vertex 88.2844 5.4352 3
      vertex 87.8855 6.75023 0
      vertex 87.8855 6.75023 3
    endloop
  endfacet
  facet normal 0.956942 0.290278 0
    outer loop
      vertex 87.8855 6.75023 0
      vertex 88.2844 5.4352 3
      vertex 88.2844 5.4352 0
    endloop
  endfacet
  facet normal -0.986649 -0.162859 0
    outer loop
      vertex 47.4035 -4.0969 0
      vertex 47.1797 -2.74105 3
      vertex 47.1797 -2.74105 0
    endloop
  endfacet
  facet normal -0.986649 -0.162859 0
    outer loop
      vertex 47.1797 -2.74105 3
      vertex 47.4035 -4.0969 0
      vertex 47.4035 -4.0969 3
    endloop
  endfacet
  facet normal 0.88192 0.471399 0
    outer loop
      vertex 86.8343 9.28806 3
      vertex 86.1865 10.5 0
      vertex 86.1865 10.5 3
    endloop
  endfacet
  facet normal 0.88192 0.471399 0
    outer loop
      vertex 86.1865 10.5 0
      vertex 86.8343 9.28806 3
      vertex 86.8343 9.28806 0
    endloop
  endfacet
  facet normal 0.683624 -0.729834 0
    outer loop
      vertex 81.8463 -15.7886 0
      vertex 82.8492 -14.8492 3
      vertex 81.8463 -15.7886 3
    endloop
  endfacet
  facet normal 0.683624 -0.729834 0
    outer loop
      vertex 82.8492 -14.8492 3
      vertex 81.8463 -15.7886 0
      vertex 82.8492 -14.8492 0
    endloop
  endfacet
  facet normal 0.63439 -0.773013 0
    outer loop
      vertex 80.784 -16.6604 0
      vertex 81.8463 -15.7886 3
      vertex 80.784 -16.6604 3
    endloop
  endfacet
  facet normal 0.63439 -0.773013 0
    outer loop
      vertex 81.8463 -15.7886 3
      vertex 80.784 -16.6604 0
      vertex 81.8463 -15.7886 0
    endloop
  endfacet
  facet normal -0.973869 -0.227112 0
    outer loop
      vertex 47.7156 -5.4352 0
      vertex 47.4035 -4.0969 3
      vertex 47.4035 -4.0969 0
    endloop
  endfacet
  facet normal -0.973869 -0.227112 0
    outer loop
      vertex 47.4035 -4.0969 3
      vertex 47.7156 -5.4352 0
      vertex 47.7156 -5.4352 3
    endloop
  endfacet
  facet normal -0.973869 0.227112 0
    outer loop
      vertex 47.4035 4.0969 0
      vertex 47.7156 5.4352 3
      vertex 47.7156 5.4352 0
    endloop
  endfacet
  facet normal -0.973869 0.227112 0
    outer loop
      vertex 47.7156 5.4352 3
      vertex 47.4035 4.0969 0
      vertex 47.4035 4.0969 3
    endloop
  endfacet
  facet normal -0.528022 0.849231 0
    outer loop
      vertex 57.5 18.1865 0
      vertex 56.333 17.4609 3
      vertex 57.5 18.1865 3
    endloop
  endfacet
  facet normal -0.528022 0.849231 0
    outer loop
      vertex 56.333 17.4609 3
      vertex 57.5 18.1865 0
      vertex 56.333 17.4609 0
    endloop
  endfacet
  facet normal -0.910848 0.412742 0
    outer loop
      vertex 48.5985 8.03635 0
      vertex 49.1657 9.28806 3
      vertex 49.1657 9.28806 0
    endloop
  endfacet
  facet normal -0.910848 0.412742 0
    outer loop
      vertex 49.1657 9.28806 3
      vertex 48.5985 8.03635 0
      vertex 48.5985 8.03635 3
    endloop
  endfacet
  facet normal 0.352192 -0.935928 0
    outer loop
      vertex 74.7502 -19.8855 0
      vertex 76.0364 -19.4015 3
      vertex 74.7502 -19.8855 3
    endloop
  endfacet
  facet normal 0.352192 -0.935928 0
    outer loop
      vertex 76.0364 -19.4015 3
      vertex 74.7502 -19.8855 0
      vertex 76.0364 -19.4015 0
    endloop
  endfacet
  facet normal 0.910848 0.412742 0
    outer loop
      vertex 87.4015 8.03635 3
      vertex 86.8343 9.28806 0
      vertex 86.8343 9.28806 3
    endloop
  endfacet
  facet normal 0.910848 0.412742 0
    outer loop
      vertex 86.8343 9.28806 0
      vertex 87.4015 8.03635 3
      vertex 87.4015 8.03635 0
    endloop
  endfacet
  facet normal -0.935921 0.352211 0
    outer loop
      vertex 48.1145 6.75023 0
      vertex 48.5985 8.03635 3
      vertex 48.5985 8.03635 0
    endloop
  endfacet
  facet normal -0.935921 0.352211 0
    outer loop
      vertex 48.5985 8.03635 3
      vertex 48.1145 6.75023 0
      vertex 48.1145 6.75023 3
    endloop
  endfacet
  facet normal -0.227112 0.973869 0
    outer loop
      vertex 63.9031 20.5965 0
      vertex 62.5648 20.2844 3
      vertex 63.9031 20.5965 3
    endloop
  endfacet
  facet normal -0.227112 0.973869 0
    outer loop
      vertex 62.5648 20.2844 3
      vertex 63.9031 20.5965 0
      vertex 62.5648 20.2844 0
    endloop
  endfacet
  facet normal 0.773013 -0.63439 0
    outer loop
      vertex 83.7886 -13.8463 3
      vertex 84.6604 -12.784 0
      vertex 84.6604 -12.784 3
    endloop
  endfacet
  facet normal 0.773013 -0.63439 0
    outer loop
      vertex 84.6604 -12.784 0
      vertex 83.7886 -13.8463 3
      vertex 83.7886 -13.8463 0
    endloop
  endfacet
  facet normal 0.729834 -0.683624 0
    outer loop
      vertex 82.8492 -14.8492 3
      vertex 83.7886 -13.8463 0
      vertex 83.7886 -13.8463 3
    endloop
  endfacet
  facet normal 0.729834 -0.683624 0
    outer loop
      vertex 83.7886 -13.8463 0
      vertex 82.8492 -14.8492 3
      vertex 82.8492 -14.8492 0
    endloop
  endfacet
  facet normal 0.471411 -0.881913 0
    outer loop
      vertex 77.2881 -18.8343 0
      vertex 78.5 -18.1865 3
      vertex 77.2881 -18.8343 3
    endloop
  endfacet
  facet normal 0.471411 -0.881913 0
    outer loop
      vertex 78.5 -18.1865 3
      vertex 77.2881 -18.8343 0
      vertex 78.5 -18.1865 0
    endloop
  endfacet
  facet normal -0.812823 -0.582511 0
    outer loop
      vertex 51.3396 -12.784 0
      vertex 50.5391 -11.667 3
      vertex 50.5391 -11.667 0
    endloop
  endfacet
  facet normal -0.812823 -0.582511 0
    outer loop
      vertex 50.5391 -11.667 3
      vertex 51.3396 -12.784 0
      vertex 51.3396 -12.784 3
    endloop
  endfacet
  facet normal 0.999464 -0.0327462 0
    outer loop
      vertex 88.955 -1.37347 3
      vertex 89 0 0
      vertex 89 0 3
    endloop
  endfacet
  facet normal 0.999464 -0.0327462 0
    outer loop
      vertex 89 0 0
      vertex 88.955 -1.37347 3
      vertex 88.955 -1.37347 0
    endloop
  endfacet
  facet normal 0.412745 -0.910847 0
    outer loop
      vertex 76.0364 -19.4015 0
      vertex 77.2881 -18.8343 3
      vertex 76.0364 -19.4015 3
    endloop
  endfacet
  facet normal 0.412745 -0.910847 0
    outer loop
      vertex 77.2881 -18.8343 3
      vertex 76.0364 -19.4015 0
      vertex 77.2881 -18.8343 0
    endloop
  endfacet
  facet normal 0.0980194 -0.995185 0
    outer loop
      vertex 69.3735 -20.955 0
      vertex 70.7411 -20.8203 3
      vertex 69.3735 -20.955 3
    endloop
  endfacet
  facet normal 0.0980194 -0.995185 0
    outer loop
      vertex 70.7411 -20.8203 3
      vertex 69.3735 -20.955 0
      vertex 70.7411 -20.8203 0
    endloop
  endfacet
  facet normal 0.935921 -0.352211 0
    outer loop
      vertex 87.4015 -8.03635 3
      vertex 87.8855 -6.75023 0
      vertex 87.8855 -6.75023 3
    endloop
  endfacet
  facet normal 0.935921 -0.352211 0
    outer loop
      vertex 87.8855 -6.75023 0
      vertex 87.4015 -8.03635 3
      vertex 87.4015 -8.03635 0
    endloop
  endfacet
  facet normal 0.956942 -0.290278 0
    outer loop
      vertex 87.8855 -6.75023 3
      vertex 88.2844 -5.4352 0
      vertex 88.2844 -5.4352 3
    endloop
  endfacet
  facet normal 0.956942 -0.290278 0
    outer loop
      vertex 88.2844 -5.4352 0
      vertex 87.8855 -6.75023 3
      vertex 87.8855 -6.75023 0
    endloop
  endfacet
  facet normal 0.63439 0.773013 -0
    outer loop
      vertex 81.8463 15.7886 0
      vertex 80.784 16.6604 3
      vertex 81.8463 15.7886 3
    endloop
  endfacet
  facet normal 0.63439 0.773013 0
    outer loop
      vertex 80.784 16.6604 3
      vertex 81.8463 15.7886 0
      vertex 80.784 16.6604 0
    endloop
  endfacet
  facet normal 0.812823 0.582511 0
    outer loop
      vertex 85.4609 11.667 3
      vertex 84.6604 12.784 0
      vertex 84.6604 12.784 3
    endloop
  endfacet
  facet normal 0.812823 0.582511 0
    outer loop
      vertex 84.6604 12.784 0
      vertex 85.4609 11.667 3
      vertex 85.4609 11.667 0
    endloop
  endfacet
  facet normal -0.352192 -0.935928 0
    outer loop
      vertex 59.9636 -19.4015 0
      vertex 61.2498 -19.8855 3
      vertex 59.9636 -19.4015 3
    endloop
  endfacet
  facet normal -0.352192 -0.935928 -0
    outer loop
      vertex 61.2498 -19.8855 3
      vertex 59.9636 -19.4015 0
      vertex 61.2498 -19.8855 0
    endloop
  endfacet
  facet normal -0.849231 -0.528022 0
    outer loop
      vertex 50.5391 -11.667 0
      vertex 49.8135 -10.5 3
      vertex 49.8135 -10.5 0
    endloop
  endfacet
  facet normal -0.849231 -0.528022 0
    outer loop
      vertex 49.8135 -10.5 3
      vertex 50.5391 -11.667 0
      vertex 50.5391 -11.667 3
    endloop
  endfacet
  facet normal -0.290284 0.956941 0
    outer loop
      vertex 62.5648 20.2844 0
      vertex 61.2498 19.8855 3
      vertex 62.5648 20.2844 3
    endloop
  endfacet
  facet normal -0.290284 0.956941 0
    outer loop
      vertex 61.2498 19.8855 3
      vertex 62.5648 20.2844 0
      vertex 61.2498 19.8855 0
    endloop
  endfacet
  facet normal -0.528022 -0.849231 0
    outer loop
      vertex 56.333 -17.4609 0
      vertex 57.5 -18.1865 3
      vertex 56.333 -17.4609 3
    endloop
  endfacet
  facet normal -0.528022 -0.849231 -0
    outer loop
      vertex 57.5 -18.1865 3
      vertex 56.333 -17.4609 0
      vertex 57.5 -18.1865 0
    endloop
  endfacet
  facet normal -0.986649 0.162859 0
    outer loop
      vertex 47.1797 2.74105 0
      vertex 47.4035 4.0969 3
      vertex 47.4035 4.0969 0
    endloop
  endfacet
  facet normal -0.986649 0.162859 0
    outer loop
      vertex 47.4035 4.0969 3
      vertex 47.1797 2.74105 0
      vertex 47.1797 2.74105 3
    endloop
  endfacet
  facet normal 0.0327454 0.999464 -0
    outer loop
      vertex 69.3735 20.955 0
      vertex 68 21 3
      vertex 69.3735 20.955 3
    endloop
  endfacet
  facet normal 0.0327454 0.999464 0
    outer loop
      vertex 68 21 3
      vertex 69.3735 20.955 0
      vertex 68 21 0
    endloop
  endfacet
  facet normal -0.683624 0.729834 0
    outer loop
      vertex 54.1537 15.7886 0
      vertex 53.1508 14.8492 3
      vertex 54.1537 15.7886 3
    endloop
  endfacet
  facet normal -0.683624 0.729834 0
    outer loop
      vertex 53.1508 14.8492 3
      vertex 54.1537 15.7886 0
      vertex 53.1508 14.8492 0
    endloop
  endfacet
  facet normal -0.227112 -0.973869 0
    outer loop
      vertex 62.5648 -20.2844 0
      vertex 63.9031 -20.5965 3
      vertex 62.5648 -20.2844 3
    endloop
  endfacet
  facet normal -0.227112 -0.973869 -0
    outer loop
      vertex 63.9031 -20.5965 3
      vertex 62.5648 -20.2844 0
      vertex 63.9031 -20.5965 0
    endloop
  endfacet
  facet normal -0.0327454 0.999464 0
    outer loop
      vertex 68 21 0
      vertex 66.6265 20.955 3
      vertex 68 21 3
    endloop
  endfacet
  facet normal -0.0327454 0.999464 0
    outer loop
      vertex 66.6265 20.955 3
      vertex 68 21 0
      vertex 66.6265 20.955 0
    endloop
  endfacet
  facet normal 0.849231 -0.528022 0
    outer loop
      vertex 85.4609 -11.667 3
      vertex 86.1865 -10.5 0
      vertex 86.1865 -10.5 3
    endloop
  endfacet
  facet normal 0.849231 -0.528022 0
    outer loop
      vertex 86.1865 -10.5 0
      vertex 85.4609 -11.667 3
      vertex 85.4609 -11.667 0
    endloop
  endfacet
  facet normal -0.729834 -0.683624 0
    outer loop
      vertex 53.1508 -14.8492 0
      vertex 52.2114 -13.8463 3
      vertex 52.2114 -13.8463 0
    endloop
  endfacet
  facet normal -0.729834 -0.683624 0
    outer loop
      vertex 52.2114 -13.8463 3
      vertex 53.1508 -14.8492 0
      vertex 53.1508 -14.8492 3
    endloop
  endfacet
  facet normal -0.412745 0.910847 0
    outer loop
      vertex 59.9636 19.4015 0
      vertex 58.7119 18.8343 3
      vertex 59.9636 19.4015 3
    endloop
  endfacet
  facet normal -0.412745 0.910847 0
    outer loop
      vertex 58.7119 18.8343 3
      vertex 59.9636 19.4015 0
      vertex 58.7119 18.8343 0
    endloop
  endfacet
  facet normal 0.582511 -0.812823 0
    outer loop
      vertex 79.667 -17.4609 0
      vertex 80.784 -16.6604 3
      vertex 79.667 -17.4609 3
    endloop
  endfacet
  facet normal 0.582511 -0.812823 0
    outer loop
      vertex 80.784 -16.6604 3
      vertex 79.667 -17.4609 0
      vertex 80.784 -16.6604 0
    endloop
  endfacet
  facet normal -0.683624 -0.729834 0
    outer loop
      vertex 53.1508 -14.8492 0
      vertex 54.1537 -15.7886 3
      vertex 53.1508 -14.8492 3
    endloop
  endfacet
  facet normal -0.683624 -0.729834 -0
    outer loop
      vertex 54.1537 -15.7886 3
      vertex 53.1508 -14.8492 0
      vertex 54.1537 -15.7886 0
    endloop
  endfacet
  facet normal -0.773013 0.63439 0
    outer loop
      vertex 51.3396 12.784 0
      vertex 52.2114 13.8463 3
      vertex 52.2114 13.8463 0
    endloop
  endfacet
  facet normal -0.773013 0.63439 0
    outer loop
      vertex 52.2114 13.8463 3
      vertex 51.3396 12.784 0
      vertex 51.3396 12.784 3
    endloop
  endfacet
  facet normal 0.973869 -0.227112 0
    outer loop
      vertex 88.2844 -5.4352 3
      vertex 88.5965 -4.0969 0
      vertex 88.5965 -4.0969 3
    endloop
  endfacet
  facet normal 0.973869 -0.227112 0
    outer loop
      vertex 88.5965 -4.0969 0
      vertex 88.2844 -5.4352 3
      vertex 88.2844 -5.4352 0
    endloop
  endfacet
  facet normal -0.729834 0.683624 0
    outer loop
      vertex 52.2114 13.8463 0
      vertex 53.1508 14.8492 3
      vertex 53.1508 14.8492 0
    endloop
  endfacet
  facet normal -0.729834 0.683624 0
    outer loop
      vertex 53.1508 14.8492 3
      vertex 52.2114 13.8463 0
      vertex 52.2114 13.8463 3
    endloop
  endfacet
  facet normal -0.956942 -0.290278 0
    outer loop
      vertex 48.1145 -6.75023 0
      vertex 47.7156 -5.4352 3
      vertex 47.7156 -5.4352 0
    endloop
  endfacet
  facet normal -0.956942 -0.290278 0
    outer loop
      vertex 47.7156 -5.4352 3
      vertex 48.1145 -6.75023 0
      vertex 48.1145 -6.75023 3
    endloop
  endfacet
  facet normal -0.956942 0.290278 0
    outer loop
      vertex 47.7156 5.4352 0
      vertex 48.1145 6.75023 3
      vertex 48.1145 6.75023 0
    endloop
  endfacet
  facet normal -0.956942 0.290278 0
    outer loop
      vertex 48.1145 6.75023 3
      vertex 47.7156 5.4352 0
      vertex 47.7156 5.4352 3
    endloop
  endfacet
  facet normal 0.0980194 0.995185 -0
    outer loop
      vertex 70.7411 20.8203 0
      vertex 69.3735 20.955 3
      vertex 70.7411 20.8203 3
    endloop
  endfacet
  facet normal 0.0980194 0.995185 0
    outer loop
      vertex 69.3735 20.955 3
      vertex 70.7411 20.8203 0
      vertex 69.3735 20.955 0
    endloop
  endfacet
  facet normal -0.412745 -0.910847 0
    outer loop
      vertex 58.7119 -18.8343 0
      vertex 59.9636 -19.4015 3
      vertex 58.7119 -18.8343 3
    endloop
  endfacet
  facet normal -0.412745 -0.910847 -0
    outer loop
      vertex 59.9636 -19.4015 3
      vertex 58.7119 -18.8343 0
      vertex 59.9636 -19.4015 0
    endloop
  endfacet
  facet normal 0.910848 -0.412742 0
    outer loop
      vertex 86.8343 -9.28806 3
      vertex 87.4015 -8.03635 0
      vertex 87.4015 -8.03635 3
    endloop
  endfacet
  facet normal 0.910848 -0.412742 0
    outer loop
      vertex 87.4015 -8.03635 0
      vertex 86.8343 -9.28806 3
      vertex 86.8343 -9.28806 0
    endloop
  endfacet
  facet normal -0.0980194 -0.995185 0
    outer loop
      vertex 65.2589 -20.8203 0
      vertex 66.6265 -20.955 3
      vertex 65.2589 -20.8203 3
    endloop
  endfacet
  facet normal -0.0980194 -0.995185 -0
    outer loop
      vertex 66.6265 -20.955 3
      vertex 65.2589 -20.8203 0
      vertex 66.6265 -20.955 0
    endloop
  endfacet
  facet normal -0.999464 0.0327462 0
    outer loop
      vertex 47 0 0
      vertex 47.045 1.37347 3
      vertex 47.045 1.37347 0
    endloop
  endfacet
  facet normal -0.999464 0.0327462 0
    outer loop
      vertex 47.045 1.37347 3
      vertex 47 0 0
      vertex 47 0 3
    endloop
  endfacet
  facet normal 0.227112 0.973869 -0
    outer loop
      vertex 73.4352 20.2844 0
      vertex 72.0969 20.5965 3
      vertex 73.4352 20.2844 3
    endloop
  endfacet
  facet normal 0.227112 0.973869 0
    outer loop
      vertex 72.0969 20.5965 3
      vertex 73.4352 20.2844 0
      vertex 72.0969 20.5965 0
    endloop
  endfacet
  facet normal 0.290284 0.956941 -0
    outer loop
      vertex 74.7502 19.8855 0
      vertex 73.4352 20.2844 3
      vertex 74.7502 19.8855 3
    endloop
  endfacet
  facet normal 0.290284 0.956941 0
    outer loop
      vertex 73.4352 20.2844 3
      vertex 74.7502 19.8855 0
      vertex 73.4352 20.2844 0
    endloop
  endfacet
  facet normal -0.471411 0.881913 0
    outer loop
      vertex 58.7119 18.8343 0
      vertex 57.5 18.1865 3
      vertex 58.7119 18.8343 3
    endloop
  endfacet
  facet normal -0.471411 0.881913 0
    outer loop
      vertex 57.5 18.1865 3
      vertex 58.7119 18.8343 0
      vertex 57.5 18.1865 0
    endloop
  endfacet
  facet normal -0.63439 -0.773013 0
    outer loop
      vertex 54.1537 -15.7886 0
      vertex 55.216 -16.6604 3
      vertex 54.1537 -15.7886 3
    endloop
  endfacet
  facet normal -0.63439 -0.773013 -0
    outer loop
      vertex 55.216 -16.6604 3
      vertex 54.1537 -15.7886 0
      vertex 55.216 -16.6604 0
    endloop
  endfacet
  facet normal -0.471411 -0.881913 0
    outer loop
      vertex 57.5 -18.1865 0
      vertex 58.7119 -18.8343 3
      vertex 57.5 -18.1865 3
    endloop
  endfacet
  facet normal -0.471411 -0.881913 -0
    outer loop
      vertex 58.7119 -18.8343 3
      vertex 57.5 -18.1865 0
      vertex 58.7119 -18.8343 0
    endloop
  endfacet
  facet normal 0.995187 0.0979922 0
    outer loop
      vertex 95.3413 1.79205 3
      vertex 95.1656 3.57642 0
      vertex 95.1656 3.57642 3
    endloop
  endfacet
  facet normal 0.995187 0.0979922 0
    outer loop
      vertex 95.1656 3.57642 0
      vertex 95.3413 1.79205 3
      vertex 95.3413 1.79205 0
    endloop
  endfacet
  facet normal 0.999464 0.0327382 0
    outer loop
      vertex 95.4 0 3
      vertex 95.3413 1.79205 0
      vertex 95.3413 1.79205 3
    endloop
  endfacet
  facet normal 0.999464 0.0327382 0
    outer loop
      vertex 95.3413 1.79205 0
      vertex 95.4 0 3
      vertex 95.4 0 0
    endloop
  endfacet
  facet normal 0.986641 0.162911 0
    outer loop
      vertex 95.1656 3.57642 3
      vertex 94.8735 5.34547 0
      vertex 94.8735 5.34547 3
    endloop
  endfacet
  facet normal 0.986641 0.162911 0
    outer loop
      vertex 94.8735 5.34547 0
      vertex 95.1656 3.57642 3
      vertex 95.1656 3.57642 0
    endloop
  endfacet
  facet normal 0.973883 0.22705 0
    outer loop
      vertex 94.8735 5.34547 3
      vertex 94.4664 7.09164 0
      vertex 94.4664 7.09164 3
    endloop
  endfacet
  facet normal 0.973883 0.22705 0
    outer loop
      vertex 94.4664 7.09164 0
      vertex 94.8735 5.34547 3
      vertex 94.8735 5.34547 0
    endloop
  endfacet
  facet normal -0.634406 0.773 0
    outer loop
      vertex 51.3199 21.7379 0
      vertex 49.9339 20.6004 3
      vertex 51.3199 21.7379 3
    endloop
  endfacet
  facet normal -0.634406 0.773 0
    outer loop
      vertex 49.9339 20.6004 3
      vertex 51.3199 21.7379 0
      vertex 49.9339 20.6004 0
    endloop
  endfacet
  facet normal -0.227059 0.973881 0
    outer loop
      vertex 62.6545 26.8735 0
      vertex 60.9084 26.4664 3
      vertex 62.6545 26.8735 3
    endloop
  endfacet
  facet normal -0.227059 0.973881 0
    outer loop
      vertex 60.9084 26.4664 3
      vertex 62.6545 26.8735 0
      vertex 60.9084 26.4664 0
    endloop
  endfacet
  facet normal 0.986641 -0.162911 0
    outer loop
      vertex 94.8735 -5.34547 3
      vertex 95.1656 -3.57642 0
      vertex 95.1656 -3.57642 3
    endloop
  endfacet
  facet normal 0.986641 -0.162911 0
    outer loop
      vertex 95.1656 -3.57642 0
      vertex 94.8735 -5.34547 3
      vertex 94.8735 -5.34547 0
    endloop
  endfacet
  facet normal -0.881926 -0.471387 0
    outer loop
      vertex 44.2709 -13.7 0
      vertex 43.4257 -12.1187 3
      vertex 43.4257 -12.1187 0
    endloop
  endfacet
  facet normal -0.881926 -0.471387 0
    outer loop
      vertex 43.4257 -12.1187 3
      vertex 44.2709 -13.7 0
      vertex 44.2709 -13.7 3
    endloop
  endfacet
  facet normal 0.582467 0.812855 -0
    outer loop
      vertex 84.6801 21.7379 0
      vertex 83.2226 22.7823 3
      vertex 84.6801 21.7379 3
    endloop
  endfacet
  facet normal 0.582467 0.812855 0
    outer loop
      vertex 83.2226 22.7823 3
      vertex 84.6801 21.7379 0
      vertex 83.2226 22.7823 0
    endloop
  endfacet
  facet normal 0.471387 0.881926 -0
    outer loop
      vertex 81.7 23.7291 0
      vertex 80.1187 24.5743 3
      vertex 81.7 23.7291 3
    endloop
  endfacet
  facet normal 0.471387 0.881926 0
    outer loop
      vertex 80.1187 24.5743 3
      vertex 81.7 23.7291 0
      vertex 80.1187 24.5743 0
    endloop
  endfacet
  facet normal -0.773 0.634406 0
    outer loop
      vertex 46.2621 16.6801 0
      vertex 47.3996 18.0661 3
      vertex 47.3996 18.0661 0
    endloop
  endfacet
  facet normal -0.773 0.634406 0
    outer loop
      vertex 47.3996 18.0661 3
      vertex 46.2621 16.6801 0
      vertex 46.2621 16.6801 3
    endloop
  endfacet
  facet normal -0.973883 0.22705 0
    outer loop
      vertex 41.1265 5.34547 0
      vertex 41.5336 7.09164 3
      vertex 41.5336 7.09164 0
    endloop
  endfacet
  facet normal -0.973883 0.22705 0
    outer loop
      vertex 41.5336 7.09164 3
      vertex 41.1265 5.34547 0
      vertex 41.1265 5.34547 3
    endloop
  endfacet
  facet normal 0.227059 0.973881 -0
    outer loop
      vertex 75.0916 26.4664 0
      vertex 73.3455 26.8735 3
      vertex 75.0916 26.4664 3
    endloop
  endfacet
  facet normal 0.227059 0.973881 0
    outer loop
      vertex 73.3455 26.8735 3
      vertex 75.0916 26.4664 0
      vertex 73.3455 26.8735 0
    endloop
  endfacet
  facet normal 0.290294 0.956938 -0
    outer loop
      vertex 76.8074 25.9459 0
      vertex 75.0916 26.4664 3
      vertex 76.8074 25.9459 3
    endloop
  endfacet
  facet normal 0.290294 0.956938 0
    outer loop
      vertex 75.0916 26.4664 3
      vertex 76.8074 25.9459 0
      vertex 75.0916 26.4664 0
    endloop
  endfacet
  facet normal 0.910862 0.41271 0
    outer loop
      vertex 93.3143 10.4855 3
      vertex 92.5743 12.1187 0
      vertex 92.5743 12.1187 3
    endloop
  endfacet
  facet normal 0.910862 0.41271 0
    outer loop
      vertex 92.5743 12.1187 0
      vertex 93.3143 10.4855 3
      vertex 93.3143 10.4855 0
    endloop
  endfacet
  facet normal 0.973883 -0.22705 0
    outer loop
      vertex 94.4664 -7.09164 3
      vertex 94.8735 -5.34547 0
      vertex 94.8735 -5.34547 3
    endloop
  endfacet
  facet normal 0.973883 -0.22705 0
    outer loop
      vertex 94.8735 -5.34547 0
      vertex 94.4664 -7.09164 3
      vertex 94.4664 -7.09164 0
    endloop
  endfacet
  facet normal 0.471387 -0.881926 0
    outer loop
      vertex 80.1187 -24.5743 0
      vertex 81.7 -23.7291 3
      vertex 80.1187 -24.5743 3
    endloop
  endfacet
  facet normal 0.471387 -0.881926 0
    outer loop
      vertex 81.7 -23.7291 3
      vertex 80.1187 -24.5743 0
      vertex 81.7 -23.7291 0
    endloop
  endfacet
  facet normal 0.956938 0.290294 0
    outer loop
      vertex 94.4664 7.09164 3
      vertex 93.9459 8.80744 0
      vertex 93.9459 8.80744 3
    endloop
  endfacet
  facet normal 0.956938 0.290294 0
    outer loop
      vertex 93.9459 8.80744 0
      vertex 94.4664 7.09164 3
      vertex 94.4664 7.09164 0
    endloop
  endfacet
  facet normal 0.0979906 0.995187 -0
    outer loop
      vertex 71.5764 27.1656 0
      vertex 69.792 27.3413 3
      vertex 71.5764 27.1656 3
    endloop
  endfacet
  facet normal 0.0979906 0.995187 0
    outer loop
      vertex 69.792 27.3413 3
      vertex 71.5764 27.1656 0
      vertex 69.792 27.3413 0
    endloop
  endfacet
  facet normal -0.41271 0.910862 0
    outer loop
      vertex 57.5145 25.3143 0
      vertex 55.8813 24.5743 3
      vertex 57.5145 25.3143 3
    endloop
  endfacet
  facet normal -0.41271 0.910862 0
    outer loop
      vertex 55.8813 24.5743 3
      vertex 57.5145 25.3143 0
      vertex 55.8813 24.5743 0
    endloop
  endfacet
  facet normal -0.999464 -0.0327382 0
    outer loop
      vertex 40.6587 -1.79205 0
      vertex 40.6 0 3
      vertex 40.6 0 0
    endloop
  endfacet
  facet normal -0.999464 -0.0327382 0
    outer loop
      vertex 40.6 0 3
      vertex 40.6587 -1.79205 0
      vertex 40.6587 -1.79205 3
    endloop
  endfacet
  facet normal -0.227059 -0.973881 0
    outer loop
      vertex 60.9084 -26.4664 0
      vertex 62.6545 -26.8735 3
      vertex 60.9084 -26.4664 3
    endloop
  endfacet
  facet normal -0.227059 -0.973881 -0
    outer loop
      vertex 62.6545 -26.8735 3
      vertex 60.9084 -26.4664 0
      vertex 62.6545 -26.8735 0
    endloop
  endfacet
  facet normal 0.0979906 -0.995187 0
    outer loop
      vertex 69.792 -27.3413 0
      vertex 71.5764 -27.1656 3
      vertex 69.792 -27.3413 3
    endloop
  endfacet
  facet normal 0.0979906 -0.995187 0
    outer loop
      vertex 71.5764 -27.1656 3
      vertex 69.792 -27.3413 0
      vertex 71.5764 -27.1656 0
    endloop
  endfacet
  facet normal 0.935902 0.352261 0
    outer loop
      vertex 93.9459 8.80744 3
      vertex 93.3143 10.4855 0
      vertex 93.3143 10.4855 3
    endloop
  endfacet
  facet normal 0.935902 0.352261 0
    outer loop
      vertex 93.3143 10.4855 0
      vertex 93.9459 8.80744 3
      vertex 93.9459 8.80744 0
    endloop
  endfacet
  facet normal 0.634406 0.773 -0
    outer loop
      vertex 86.0661 20.6004 0
      vertex 84.6801 21.7379 3
      vertex 86.0661 20.6004 3
    endloop
  endfacet
  facet normal 0.634406 0.773 0
    outer loop
      vertex 84.6801 21.7379 3
      vertex 86.0661 20.6004 0
      vertex 84.6801 21.7379 0
    endloop
  endfacet
  facet normal 0.290294 -0.956938 0
    outer loop
      vertex 75.0916 -26.4664 0
      vertex 76.8074 -25.9459 3
      vertex 75.0916 -26.4664 3
    endloop
  endfacet
  facet normal 0.290294 -0.956938 0
    outer loop
      vertex 76.8074 -25.9459 3
      vertex 75.0916 -26.4664 0
      vertex 76.8074 -25.9459 0
    endloop
  endfacet
  facet normal -0.634406 -0.773 0
    outer loop
      vertex 49.9339 -20.6004 0
      vertex 51.3199 -21.7379 3
      vertex 49.9339 -20.6004 3
    endloop
  endfacet
  facet normal -0.634406 -0.773 -0
    outer loop
      vertex 51.3199 -21.7379 3
      vertex 49.9339 -20.6004 0
      vertex 51.3199 -21.7379 0
    endloop
  endfacet
  facet normal 0.812855 0.582467 0
    outer loop
      vertex 90.7823 15.2226 3
      vertex 89.7379 16.6801 0
      vertex 89.7379 16.6801 3
    endloop
  endfacet
  facet normal 0.812855 0.582467 0
    outer loop
      vertex 89.7379 16.6801 0
      vertex 90.7823 15.2226 3
      vertex 90.7823 15.2226 0
    endloop
  endfacet
  facet normal -0.0979906 -0.995187 0
    outer loop
      vertex 64.4236 -27.1656 0
      vertex 66.208 -27.3413 3
      vertex 64.4236 -27.1656 3
    endloop
  endfacet
  facet normal -0.0979906 -0.995187 -0
    outer loop
      vertex 66.208 -27.3413 3
      vertex 64.4236 -27.1656 0
      vertex 66.208 -27.3413 0
    endloop
  endfacet
  facet normal -0.0979906 0.995187 0
    outer loop
      vertex 66.208 27.3413 0
      vertex 64.4236 27.1656 3
      vertex 66.208 27.3413 3
    endloop
  endfacet
  facet normal -0.0979906 0.995187 0
    outer loop
      vertex 64.4236 27.1656 3
      vertex 66.208 27.3413 0
      vertex 64.4236 27.1656 0
    endloop
  endfacet
  facet normal 0.995187 -0.0979922 0
    outer loop
      vertex 95.1656 -3.57642 3
      vertex 95.3413 -1.79205 0
      vertex 95.3413 -1.79205 3
    endloop
  endfacet
  facet normal 0.995187 -0.0979922 0
    outer loop
      vertex 95.3413 -1.79205 0
      vertex 95.1656 -3.57642 3
      vertex 95.1656 -3.57642 0
    endloop
  endfacet
  facet normal 0.849206 0.528062 0
    outer loop
      vertex 91.7291 13.7 3
      vertex 90.7823 15.2226 0
      vertex 90.7823 15.2226 3
    endloop
  endfacet
  facet normal 0.849206 0.528062 0
    outer loop
      vertex 90.7823 15.2226 0
      vertex 91.7291 13.7 3
      vertex 91.7291 13.7 0
    endloop
  endfacet
  facet normal -0.471387 0.881926 0
    outer loop
      vertex 55.8813 24.5743 0
      vertex 54.3 23.7291 3
      vertex 55.8813 24.5743 3
    endloop
  endfacet
  facet normal -0.471387 0.881926 0
    outer loop
      vertex 54.3 23.7291 3
      vertex 55.8813 24.5743 0
      vertex 54.3 23.7291 0
    endloop
  endfacet
  facet normal -0.935902 -0.352261 0
    outer loop
      vertex 42.6857 -10.4855 0
      vertex 42.0541 -8.80744 3
      vertex 42.0541 -8.80744 0
    endloop
  endfacet
  facet normal -0.935902 -0.352261 0
    outer loop
      vertex 42.0541 -8.80744 3
      vertex 42.6857 -10.4855 0
      vertex 42.6857 -10.4855 3
    endloop
  endfacet
  facet normal -0.0327391 -0.999464 0
    outer loop
      vertex 66.208 -27.3413 0
      vertex 68 -27.4 3
      vertex 66.208 -27.3413 3
    endloop
  endfacet
  facet normal -0.0327391 -0.999464 -0
    outer loop
      vertex 68 -27.4 3
      vertex 66.208 -27.3413 0
      vertex 68 -27.4 0
    endloop
  endfacet
  facet normal 0.528062 0.849206 -0
    outer loop
      vertex 83.2226 22.7823 0
      vertex 81.7 23.7291 3
      vertex 83.2226 22.7823 3
    endloop
  endfacet
  facet normal 0.528062 0.849206 0
    outer loop
      vertex 81.7 23.7291 3
      vertex 83.2226 22.7823 0
      vertex 81.7 23.7291 0
    endloop
  endfacet
  facet normal 0.729847 -0.683611 0
    outer loop
      vertex 87.3747 -19.3747 3
      vertex 88.6004 -18.0661 0
      vertex 88.6004 -18.0661 3
    endloop
  endfacet
  facet normal 0.729847 -0.683611 0
    outer loop
      vertex 88.6004 -18.0661 0
      vertex 87.3747 -19.3747 3
      vertex 87.3747 -19.3747 0
    endloop
  endfacet
  facet normal 0.881926 0.471387 0
    outer loop
      vertex 92.5743 12.1187 3
      vertex 91.7291 13.7 0
      vertex 91.7291 13.7 3
    endloop
  endfacet
  facet normal 0.881926 0.471387 0
    outer loop
      vertex 91.7291 13.7 0
      vertex 92.5743 12.1187 3
      vertex 92.5743 12.1187 0
    endloop
  endfacet
  facet normal 0.729847 0.683611 0
    outer loop
      vertex 88.6004 18.0661 3
      vertex 87.3747 19.3747 0
      vertex 87.3747 19.3747 3
    endloop
  endfacet
  facet normal 0.729847 0.683611 0
    outer loop
      vertex 87.3747 19.3747 0
      vertex 88.6004 18.0661 3
      vertex 88.6004 18.0661 0
    endloop
  endfacet
  facet normal 0.683611 0.729847 -0
    outer loop
      vertex 87.3747 19.3747 0
      vertex 86.0661 20.6004 3
      vertex 87.3747 19.3747 3
    endloop
  endfacet
  facet normal 0.683611 0.729847 0
    outer loop
      vertex 86.0661 20.6004 3
      vertex 87.3747 19.3747 0
      vertex 86.0661 20.6004 0
    endloop
  endfacet
  facet normal 0.227059 -0.973881 0
    outer loop
      vertex 73.3455 -26.8735 0
      vertex 75.0916 -26.4664 3
      vertex 73.3455 -26.8735 3
    endloop
  endfacet
  facet normal 0.227059 -0.973881 0
    outer loop
      vertex 75.0916 -26.4664 3
      vertex 73.3455 -26.8735 0
      vertex 75.0916 -26.4664 0
    endloop
  endfacet
  facet normal 0.582467 -0.812855 0
    outer loop
      vertex 83.2226 -22.7823 0
      vertex 84.6801 -21.7379 3
      vertex 83.2226 -22.7823 3
    endloop
  endfacet
  facet normal 0.582467 -0.812855 0
    outer loop
      vertex 84.6801 -21.7379 3
      vertex 83.2226 -22.7823 0
      vertex 84.6801 -21.7379 0
    endloop
  endfacet
  facet normal 0.352254 0.935904 -0
    outer loop
      vertex 78.4855 25.3143 0
      vertex 76.8074 25.9459 3
      vertex 78.4855 25.3143 3
    endloop
  endfacet
  facet normal 0.352254 0.935904 0
    outer loop
      vertex 76.8074 25.9459 3
      vertex 78.4855 25.3143 0
      vertex 76.8074 25.9459 0
    endloop
  endfacet
  facet normal -0.910862 0.41271 0
    outer loop
      vertex 42.6857 10.4855 0
      vertex 43.4257 12.1187 3
      vertex 43.4257 12.1187 0
    endloop
  endfacet
  facet normal -0.910862 0.41271 0
    outer loop
      vertex 43.4257 12.1187 3
      vertex 42.6857 10.4855 0
      vertex 42.6857 10.4855 3
    endloop
  endfacet
  facet normal -0.162907 -0.986642 0
    outer loop
      vertex 62.6545 -26.8735 0
      vertex 64.4236 -27.1656 3
      vertex 62.6545 -26.8735 3
    endloop
  endfacet
  facet normal -0.162907 -0.986642 -0
    outer loop
      vertex 64.4236 -27.1656 3
      vertex 62.6545 -26.8735 0
      vertex 64.4236 -27.1656 0
    endloop
  endfacet
  facet normal 0.773 -0.634406 0
    outer loop
      vertex 88.6004 -18.0661 3
      vertex 89.7379 -16.6801 0
      vertex 89.7379 -16.6801 3
    endloop
  endfacet
  facet normal 0.773 -0.634406 0
    outer loop
      vertex 89.7379 -16.6801 0
      vertex 88.6004 -18.0661 3
      vertex 88.6004 -18.0661 0
    endloop
  endfacet
  facet normal 0.41271 -0.910862 0
    outer loop
      vertex 78.4855 -25.3143 0
      vertex 80.1187 -24.5743 3
      vertex 78.4855 -25.3143 3
    endloop
  endfacet
  facet normal 0.41271 -0.910862 0
    outer loop
      vertex 80.1187 -24.5743 3
      vertex 78.4855 -25.3143 0
      vertex 80.1187 -24.5743 0
    endloop
  endfacet
  facet normal 0.999464 -0.0327382 0
    outer loop
      vertex 95.3413 -1.79205 3
      vertex 95.4 0 0
      vertex 95.4 0 3
    endloop
  endfacet
  facet normal 0.999464 -0.0327382 0
    outer loop
      vertex 95.4 0 0
      vertex 95.3413 -1.79205 3
      vertex 95.3413 -1.79205 0
    endloop
  endfacet
  facet normal -0.528062 0.849206 0
    outer loop
      vertex 54.3 23.7291 0
      vertex 52.7774 22.7823 3
      vertex 54.3 23.7291 3
    endloop
  endfacet
  facet normal -0.528062 0.849206 0
    outer loop
      vertex 52.7774 22.7823 3
      vertex 54.3 23.7291 0
      vertex 52.7774 22.7823 0
    endloop
  endfacet
  facet normal 0.0327391 0.999464 -0
    outer loop
      vertex 69.792 27.3413 0
      vertex 68 27.4 3
      vertex 69.792 27.3413 3
    endloop
  endfacet
  facet normal 0.0327391 0.999464 0
    outer loop
      vertex 68 27.4 3
      vertex 69.792 27.3413 0
      vertex 68 27.4 0
    endloop
  endfacet
  facet normal 0.849206 -0.528062 0
    outer loop
      vertex 90.7823 -15.2226 3
      vertex 91.7291 -13.7 0
      vertex 91.7291 -13.7 3
    endloop
  endfacet
  facet normal 0.849206 -0.528062 0
    outer loop
      vertex 91.7291 -13.7 0
      vertex 90.7823 -15.2226 3
      vertex 90.7823 -15.2226 0
    endloop
  endfacet
  facet normal 0.352254 -0.935904 0
    outer loop
      vertex 76.8074 -25.9459 0
      vertex 78.4855 -25.3143 3
      vertex 76.8074 -25.9459 3
    endloop
  endfacet
  facet normal 0.352254 -0.935904 0
    outer loop
      vertex 78.4855 -25.3143 3
      vertex 76.8074 -25.9459 0
      vertex 78.4855 -25.3143 0
    endloop
  endfacet
  facet normal -0.528062 -0.849206 0
    outer loop
      vertex 52.7774 -22.7823 0
      vertex 54.3 -23.7291 3
      vertex 52.7774 -22.7823 3
    endloop
  endfacet
  facet normal -0.528062 -0.849206 -0
    outer loop
      vertex 54.3 -23.7291 3
      vertex 52.7774 -22.7823 0
      vertex 54.3 -23.7291 0
    endloop
  endfacet
  facet normal 0.881926 -0.471387 0
    outer loop
      vertex 91.7291 -13.7 3
      vertex 92.5743 -12.1187 0
      vertex 92.5743 -12.1187 3
    endloop
  endfacet
  facet normal 0.881926 -0.471387 0
    outer loop
      vertex 92.5743 -12.1187 0
      vertex 91.7291 -13.7 3
      vertex 91.7291 -13.7 0
    endloop
  endfacet
  facet normal -0.935902 0.352261 0
    outer loop
      vertex 42.0541 8.80744 0
      vertex 42.6857 10.4855 3
      vertex 42.6857 10.4855 0
    endloop
  endfacet
  facet normal -0.935902 0.352261 0
    outer loop
      vertex 42.6857 10.4855 3
      vertex 42.0541 8.80744 0
      vertex 42.0541 8.80744 3
    endloop
  endfacet
  facet normal -0.773 -0.634406 0
    outer loop
      vertex 47.3996 -18.0661 0
      vertex 46.2621 -16.6801 3
      vertex 46.2621 -16.6801 0
    endloop
  endfacet
  facet normal -0.773 -0.634406 0
    outer loop
      vertex 46.2621 -16.6801 3
      vertex 47.3996 -18.0661 0
      vertex 47.3996 -18.0661 3
    endloop
  endfacet
  facet normal -0.986641 0.162911 0
    outer loop
      vertex 40.8344 3.57642 0
      vertex 41.1265 5.34547 3
      vertex 41.1265 5.34547 0
    endloop
  endfacet
  facet normal -0.986641 0.162911 0
    outer loop
      vertex 41.1265 5.34547 3
      vertex 40.8344 3.57642 0
      vertex 40.8344 3.57642 3
    endloop
  endfacet
  facet normal -0.162907 0.986642 0
    outer loop
      vertex 64.4236 27.1656 0
      vertex 62.6545 26.8735 3
      vertex 64.4236 27.1656 3
    endloop
  endfacet
  facet normal -0.162907 0.986642 0
    outer loop
      vertex 62.6545 26.8735 3
      vertex 64.4236 27.1656 0
      vertex 62.6545 26.8735 0
    endloop
  endfacet
  facet normal 0.683611 -0.729847 0
    outer loop
      vertex 86.0661 -20.6004 0
      vertex 87.3747 -19.3747 3
      vertex 86.0661 -20.6004 3
    endloop
  endfacet
  facet normal 0.683611 -0.729847 0
    outer loop
      vertex 87.3747 -19.3747 3
      vertex 86.0661 -20.6004 0
      vertex 87.3747 -19.3747 0
    endloop
  endfacet
  facet normal -0.0327391 0.999464 0
    outer loop
      vertex 68 27.4 0
      vertex 66.208 27.3413 3
      vertex 68 27.4 3
    endloop
  endfacet
  facet normal -0.0327391 0.999464 0
    outer loop
      vertex 66.208 27.3413 3
      vertex 68 27.4 0
      vertex 66.208 27.3413 0
    endloop
  endfacet
  facet normal -0.995187 0.0979922 0
    outer loop
      vertex 40.6587 1.79205 0
      vertex 40.8344 3.57642 3
      vertex 40.8344 3.57642 0
    endloop
  endfacet
  facet normal -0.995187 0.0979922 0
    outer loop
      vertex 40.8344 3.57642 3
      vertex 40.6587 1.79205 0
      vertex 40.6587 1.79205 3
    endloop
  endfacet
  facet normal 0.162907 -0.986642 0
    outer loop
      vertex 71.5764 -27.1656 0
      vertex 73.3455 -26.8735 3
      vertex 71.5764 -27.1656 3
    endloop
  endfacet
  facet normal 0.162907 -0.986642 0
    outer loop
      vertex 73.3455 -26.8735 3
      vertex 71.5764 -27.1656 0
      vertex 73.3455 -26.8735 0
    endloop
  endfacet
  facet normal -0.290294 0.956938 0
    outer loop
      vertex 60.9084 26.4664 0
      vertex 59.1926 25.9459 3
      vertex 60.9084 26.4664 3
    endloop
  endfacet
  facet normal -0.290294 0.956938 0
    outer loop
      vertex 59.1926 25.9459 3
      vertex 60.9084 26.4664 0
      vertex 59.1926 25.9459 0
    endloop
  endfacet
  facet normal 0.634406 -0.773 0
    outer loop
      vertex 84.6801 -21.7379 0
      vertex 86.0661 -20.6004 3
      vertex 84.6801 -21.7379 3
    endloop
  endfacet
  facet normal 0.634406 -0.773 0
    outer loop
      vertex 86.0661 -20.6004 3
      vertex 84.6801 -21.7379 0
      vertex 86.0661 -20.6004 0
    endloop
  endfacet
  facet normal 0.528062 -0.849206 0
    outer loop
      vertex 81.7 -23.7291 0
      vertex 83.2226 -22.7823 3
      vertex 81.7 -23.7291 3
    endloop
  endfacet
  facet normal 0.528062 -0.849206 0
    outer loop
      vertex 83.2226 -22.7823 3
      vertex 81.7 -23.7291 0
      vertex 83.2226 -22.7823 0
    endloop
  endfacet
  facet normal -0.729847 -0.683611 0
    outer loop
      vertex 48.6253 -19.3747 0
      vertex 47.3996 -18.0661 3
      vertex 47.3996 -18.0661 0
    endloop
  endfacet
  facet normal -0.729847 -0.683611 0
    outer loop
      vertex 47.3996 -18.0661 3
      vertex 48.6253 -19.3747 0
      vertex 48.6253 -19.3747 3
    endloop
  endfacet
  facet normal 0.773 0.634406 0
    outer loop
      vertex 89.7379 16.6801 3
      vertex 88.6004 18.0661 0
      vertex 88.6004 18.0661 3
    endloop
  endfacet
  facet normal 0.773 0.634406 0
    outer loop
      vertex 88.6004 18.0661 0
      vertex 89.7379 16.6801 3
      vertex 89.7379 16.6801 0
    endloop
  endfacet
  facet normal 0.935902 -0.352261 0
    outer loop
      vertex 93.3143 -10.4855 3
      vertex 93.9459 -8.80744 0
      vertex 93.9459 -8.80744 3
    endloop
  endfacet
  facet normal 0.935902 -0.352261 0
    outer loop
      vertex 93.9459 -8.80744 0
      vertex 93.3143 -10.4855 3
      vertex 93.3143 -10.4855 0
    endloop
  endfacet
  facet normal 0.956938 -0.290294 0
    outer loop
      vertex 93.9459 -8.80744 3
      vertex 94.4664 -7.09164 0
      vertex 94.4664 -7.09164 3
    endloop
  endfacet
  facet normal 0.956938 -0.290294 0
    outer loop
      vertex 94.4664 -7.09164 0
      vertex 93.9459 -8.80744 3
      vertex 93.9459 -8.80744 0
    endloop
  endfacet
  facet normal -0.986641 -0.162911 0
    outer loop
      vertex 41.1265 -5.34547 0
      vertex 40.8344 -3.57642 3
      vertex 40.8344 -3.57642 0
    endloop
  endfacet
  facet normal -0.986641 -0.162911 0
    outer loop
      vertex 40.8344 -3.57642 3
      vertex 41.1265 -5.34547 0
      vertex 41.1265 -5.34547 3
    endloop
  endfacet
  facet normal -0.881926 0.471387 0
    outer loop
      vertex 43.4257 12.1187 0
      vertex 44.2709 13.7 3
      vertex 44.2709 13.7 0
    endloop
  endfacet
  facet normal -0.881926 0.471387 0
    outer loop
      vertex 44.2709 13.7 3
      vertex 43.4257 12.1187 0
      vertex 43.4257 12.1187 3
    endloop
  endfacet
  facet normal -0.683611 0.729847 0
    outer loop
      vertex 49.9339 20.6004 0
      vertex 48.6253 19.3747 3
      vertex 49.9339 20.6004 3
    endloop
  endfacet
  facet normal -0.683611 0.729847 0
    outer loop
      vertex 48.6253 19.3747 3
      vertex 49.9339 20.6004 0
      vertex 48.6253 19.3747 0
    endloop
  endfacet
  facet normal 0.910862 -0.41271 0
    outer loop
      vertex 92.5743 -12.1187 3
      vertex 93.3143 -10.4855 0
      vertex 93.3143 -10.4855 3
    endloop
  endfacet
  facet normal 0.910862 -0.41271 0
    outer loop
      vertex 93.3143 -10.4855 0
      vertex 92.5743 -12.1187 3
      vertex 92.5743 -12.1187 0
    endloop
  endfacet
  facet normal 0.162907 0.986642 -0
    outer loop
      vertex 73.3455 26.8735 0
      vertex 71.5764 27.1656 3
      vertex 73.3455 26.8735 3
    endloop
  endfacet
  facet normal 0.162907 0.986642 0
    outer loop
      vertex 71.5764 27.1656 3
      vertex 73.3455 26.8735 0
      vertex 71.5764 27.1656 0
    endloop
  endfacet
  facet normal -0.352254 0.935904 0
    outer loop
      vertex 59.1926 25.9459 0
      vertex 57.5145 25.3143 3
      vertex 59.1926 25.9459 3
    endloop
  endfacet
  facet normal -0.352254 0.935904 0
    outer loop
      vertex 57.5145 25.3143 3
      vertex 59.1926 25.9459 0
      vertex 57.5145 25.3143 0
    endloop
  endfacet
  facet normal -0.999464 0.0327382 0
    outer loop
      vertex 40.6 0 0
      vertex 40.6587 1.79205 3
      vertex 40.6587 1.79205 0
    endloop
  endfacet
  facet normal -0.999464 0.0327382 0
    outer loop
      vertex 40.6587 1.79205 3
      vertex 40.6 0 0
      vertex 40.6 0 3
    endloop
  endfacet
  facet normal -0.729847 0.683611 0
    outer loop
      vertex 47.3996 18.0661 0
      vertex 48.6253 19.3747 3
      vertex 48.6253 19.3747 0
    endloop
  endfacet
  facet normal -0.729847 0.683611 0
    outer loop
      vertex 48.6253 19.3747 3
      vertex 47.3996 18.0661 0
      vertex 47.3996 18.0661 3
    endloop
  endfacet
  facet normal -0.683611 -0.729847 0
    outer loop
      vertex 48.6253 -19.3747 0
      vertex 49.9339 -20.6004 3
      vertex 48.6253 -19.3747 3
    endloop
  endfacet
  facet normal -0.683611 -0.729847 -0
    outer loop
      vertex 49.9339 -20.6004 3
      vertex 48.6253 -19.3747 0
      vertex 49.9339 -20.6004 0
    endloop
  endfacet
  facet normal -0.995187 -0.0979922 0
    outer loop
      vertex 40.8344 -3.57642 0
      vertex 40.6587 -1.79205 3
      vertex 40.6587 -1.79205 0
    endloop
  endfacet
  facet normal -0.995187 -0.0979922 0
    outer loop
      vertex 40.6587 -1.79205 3
      vertex 40.8344 -3.57642 0
      vertex 40.8344 -3.57642 3
    endloop
  endfacet
  facet normal -0.582467 -0.812855 0
    outer loop
      vertex 51.3199 -21.7379 0
      vertex 52.7774 -22.7823 3
      vertex 51.3199 -21.7379 3
    endloop
  endfacet
  facet normal -0.582467 -0.812855 -0
    outer loop
      vertex 52.7774 -22.7823 3
      vertex 51.3199 -21.7379 0
      vertex 52.7774 -22.7823 0
    endloop
  endfacet
  facet normal 0.41271 0.910862 -0
    outer loop
      vertex 80.1187 24.5743 0
      vertex 78.4855 25.3143 3
      vertex 80.1187 24.5743 3
    endloop
  endfacet
  facet normal 0.41271 0.910862 0
    outer loop
      vertex 78.4855 25.3143 3
      vertex 80.1187 24.5743 0
      vertex 78.4855 25.3143 0
    endloop
  endfacet
  facet normal -0.849206 0.528062 0
    outer loop
      vertex 44.2709 13.7 0
      vertex 45.2177 15.2226 3
      vertex 45.2177 15.2226 0
    endloop
  endfacet
  facet normal -0.849206 0.528062 0
    outer loop
      vertex 45.2177 15.2226 3
      vertex 44.2709 13.7 0
      vertex 44.2709 13.7 3
    endloop
  endfacet
  facet normal -0.973883 -0.22705 0
    outer loop
      vertex 41.5336 -7.09164 0
      vertex 41.1265 -5.34547 3
      vertex 41.1265 -5.34547 0
    endloop
  endfacet
  facet normal -0.973883 -0.22705 0
    outer loop
      vertex 41.1265 -5.34547 3
      vertex 41.5336 -7.09164 0
      vertex 41.5336 -7.09164 3
    endloop
  endfacet
  facet normal 0.0327391 -0.999464 0
    outer loop
      vertex 68 -27.4 0
      vertex 69.792 -27.3413 3
      vertex 68 -27.4 3
    endloop
  endfacet
  facet normal 0.0327391 -0.999464 0
    outer loop
      vertex 69.792 -27.3413 3
      vertex 68 -27.4 0
      vertex 69.792 -27.3413 0
    endloop
  endfacet
  facet normal -0.812855 -0.582467 0
    outer loop
      vertex 46.2621 -16.6801 0
      vertex 45.2177 -15.2226 3
      vertex 45.2177 -15.2226 0
    endloop
  endfacet
  facet normal -0.812855 -0.582467 0
    outer loop
      vertex 45.2177 -15.2226 3
      vertex 46.2621 -16.6801 0
      vertex 46.2621 -16.6801 3
    endloop
  endfacet
  facet normal 0.812855 -0.582467 0
    outer loop
      vertex 89.7379 -16.6801 3
      vertex 90.7823 -15.2226 0
      vertex 90.7823 -15.2226 3
    endloop
  endfacet
  facet normal 0.812855 -0.582467 0
    outer loop
      vertex 90.7823 -15.2226 0
      vertex 89.7379 -16.6801 3
      vertex 89.7379 -16.6801 0
    endloop
  endfacet
  facet normal -0.956938 0.290294 0
    outer loop
      vertex 41.5336 7.09164 0
      vertex 42.0541 8.80744 3
      vertex 42.0541 8.80744 0
    endloop
  endfacet
  facet normal -0.956938 0.290294 0
    outer loop
      vertex 42.0541 8.80744 3
      vertex 41.5336 7.09164 0
      vertex 41.5336 7.09164 3
    endloop
  endfacet
  facet normal -0.849206 -0.528062 0
    outer loop
      vertex 45.2177 -15.2226 0
      vertex 44.2709 -13.7 3
      vertex 44.2709 -13.7 0
    endloop
  endfacet
  facet normal -0.849206 -0.528062 0
    outer loop
      vertex 44.2709 -13.7 3
      vertex 45.2177 -15.2226 0
      vertex 45.2177 -15.2226 3
    endloop
  endfacet
  facet normal 0 0 1
    outer loop
      vertex 94 0 3
      vertex 95.4 0 3
      vertex 95.3413 1.79205 3
    endloop
  endfacet
  facet normal 0 0 1
    outer loop
      vertex 93.9443 1.70048 3
      vertex 95.3413 1.79205 3
      vertex 95.1656 3.57642 3
    endloop
  endfacet
  facet normal 0 0 1
    outer loop
      vertex 95.4 0 3
      vertex 94 0 3
      vertex 95.3413 -1.79205 3
    endloop
  endfacet
  facet normal 0 0 1
    outer loop
      vertex 93.7776 3.39368 3
      vertex 95.1656 3.57642 3
      vertex 94.8735 5.34547 3
    endloop
  endfacet
  facet normal -0 0 1
    outer loop
      vertex 93.9443 -1.70048 3
      vertex 95.3413 -1.79205 3
      vertex 94 0 3
    endloop
  endfacet
  facet normal 0 0 1
    outer loop
      vertex 93.5004 5.07235 3
      vertex 94.8735 5.34547 3
      vertex 94.4664 7.09164 3
    endloop
  endfacet
  facet normal 0 0 1
    outer loop
      vertex 95.3413 -1.79205 3
      vertex 93.9443 -1.70048 3
      vertex 95.1656 -3.57642 3
    endloop
  endfacet
  facet normal -0 0 1
    outer loop
      vertex 93.7776 -3.39368 3
      vertex 95.1656 -3.57642 3
      vertex 93.9443 -1.70048 3
    endloop
  endfacet
  facet normal 0 0 1
    outer loop
      vertex 93.1141 6.72929 3
      vertex 94.4664 7.09164 3
      vertex 93.9459 8.80744 3
    endloop
  endfacet
  facet normal 0 0 1
    outer loop
      vertex 95.3413 1.79205 3
      vertex 93.9443 1.70048 3
      vertex 94 0 3
    endloop
  endfacet
  facet normal 0 0 1
    outer loop
      vertex 95.1656 3.57642 3
      vertex 93.7776 3.39368 3
      vertex 93.9443 1.70048 3
    endloop
  endfacet
  facet normal 0 0 1
    outer loop
      vertex 94.8735 5.34547 3
      vertex 93.5004 5.07235 3
      vertex 93.7776 3.39368 3
    endloop
  endfacet
  facet normal 0 0 1
    outer loop
      vertex 92.6202 8.35743 3
      vertex 93.9459 8.80744 3
      vertex 93.3143 10.4855 3
    endloop
  endfacet
  facet normal 0 0 1
    outer loop
      vertex 94.4664 7.09164 3
      vertex 93.1141 6.72929 3
      vertex 93.5004 5.07235 3
    endloop
  endfacet
  facet normal 0 0 1
    outer loop
      vertex 93.9459 8.80744 3
      vertex 92.6202 8.35743 3
      vertex 93.1141 6.72929 3
    endloop
  endfacet
  facet normal 0 0 1
    outer loop
      vertex 92.0209 9.94977 3
      vertex 93.3143 10.4855 3
      vertex 92.5743 12.1187 3
    endloop
  endfacet
  facet normal 0 0 1
    outer loop
      vertex 93.3143 10.4855 3
      vertex 92.0209 9.94977 3
      vertex 92.6202 8.35743 3
    endloop
  endfacet
  facet normal 0 0 1
    outer loop
      vertex 91.3187 11.4995 3
      vertex 92.5743 12.1187 3
      vertex 91.7291 13.7 3
    endloop
  endfacet
  facet normal 0 0 1
    outer loop
      vertex 92.5743 12.1187 3
      vertex 91.3187 11.4995 3
      vertex 92.0209 9.94977 3
    endloop
  endfacet
  facet normal 0 0 1
    outer loop
      vertex 90.5167 13 3
      vertex 91.7291 13.7 3
      vertex 90.7823 15.2226 3
    endloop
  endfacet
  facet normal 0 0 1
    outer loop
      vertex 91.7291 13.7 3
      vertex 90.5167 13 3
      vertex 91.3187 11.4995 3
    endloop
  endfacet
  facet normal 0 0 1
    outer loop
      vertex 89.6182 14.4448 3
      vertex 90.7823 15.2226 3
      vertex 89.7379 16.6801 3
    endloop
  endfacet
  facet normal 0 0 1
    outer loop
      vertex 90.7823 15.2226 3
      vertex 89.6182 14.4448 3
      vertex 90.5167 13 3
    endloop
  endfacet
  facet normal 0 0 1
    outer loop
      vertex 89.7379 16.6801 3
      vertex 88.6272 15.8278 3
      vertex 89.6182 14.4448 3
    endloop
  endfacet
  facet normal 0 0 1
    outer loop
      vertex 88.6004 18.0661 3
      vertex 88.6272 15.8278 3
      vertex 89.7379 16.6801 3
    endloop
  endfacet
  facet normal 0 0 1
    outer loop
      vertex 88.6004 18.0661 3
      vertex 87.5478 17.143 3
      vertex 88.6272 15.8278 3
    endloop
  endfacet
  facet normal 0 0 1
    outer loop
      vertex 87.3747 19.3747 3
      vertex 87.5478 17.143 3
      vertex 88.6004 18.0661 3
    endloop
  endfacet
  facet normal 0 0 1
    outer loop
      vertex 87.3747 19.3747 3
      vertex 86.3848 18.3848 3
      vertex 87.5478 17.143 3
    endloop
  endfacet
  facet normal 0 0 1
    outer loop
      vertex 86.0661 20.6004 3
      vertex 86.3848 18.3848 3
      vertex 87.3747 19.3747 3
    endloop
  endfacet
  facet normal 0 0 1
    outer loop
      vertex 86.0661 20.6004 3
      vertex 85.143 19.5478 3
      vertex 86.3848 18.3848 3
    endloop
  endfacet
  facet normal 0 0 1
    outer loop
      vertex 84.6801 21.7379 3
      vertex 85.143 19.5478 3
      vertex 86.0661 20.6004 3
    endloop
  endfacet
  facet normal 0 0 1
    outer loop
      vertex 84.6801 21.7379 3
      vertex 83.8278 20.6272 3
      vertex 85.143 19.5478 3
    endloop
  endfacet
  facet normal 0 0 1
    outer loop
      vertex 83.2226 22.7823 3
      vertex 83.8278 20.6272 3
      vertex 84.6801 21.7379 3
    endloop
  endfacet
  facet normal 0 0 1
    outer loop
      vertex 83.2226 22.7823 3
      vertex 82.4448 21.6182 3
      vertex 83.8278 20.6272 3
    endloop
  endfacet
  facet normal 0 0 1
    outer loop
      vertex 81.7 23.7291 3
      vertex 82.4448 21.6182 3
      vertex 83.2226 22.7823 3
    endloop
  endfacet
  facet normal 0 0 1
    outer loop
      vertex 81.7 23.7291 3
      vertex 81 22.5167 3
      vertex 82.4448 21.6182 3
    endloop
  endfacet
  facet normal 0 0 1
    outer loop
      vertex 80.1187 24.5743 3
      vertex 81 22.5167 3
      vertex 81.7 23.7291 3
    endloop
  endfacet
  facet normal 0 0 1
    outer loop
      vertex 80.1187 24.5743 3
      vertex 79.4995 23.3187 3
      vertex 81 22.5167 3
    endloop
  endfacet
  facet normal 0 0 1
    outer loop
      vertex 78.4855 25.3143 3
      vertex 79.4995 23.3187 3
      vertex 80.1187 24.5743 3
    endloop
  endfacet
  facet normal 0 0 1
    outer loop
      vertex 78.4855 25.3143 3
      vertex 77.9498 24.0209 3
      vertex 79.4995 23.3187 3
    endloop
  endfacet
  facet normal 0 0 1
    outer loop
      vertex 76.8074 25.9459 3
      vertex 77.9498 24.0209 3
      vertex 78.4855 25.3143 3
    endloop
  endfacet
  facet normal 0 0 1
    outer loop
      vertex 76.8074 25.9459 3
      vertex 76.3574 24.6202 3
      vertex 77.9498 24.0209 3
    endloop
  endfacet
  facet normal 0 0 1
    outer loop
      vertex 75.0916 26.4664 3
      vertex 76.3574 24.6202 3
      vertex 76.8074 25.9459 3
    endloop
  endfacet
  facet normal 0 0 1
    outer loop
      vertex 75.0916 26.4664 3
      vertex 74.7293 25.1141 3
      vertex 76.3574 24.6202 3
    endloop
  endfacet
  facet normal 0 0 1
    outer loop
      vertex 73.3455 26.8735 3
      vertex 74.7293 25.1141 3
      vertex 75.0916 26.4664 3
    endloop
  endfacet
  facet normal 0 0 1
    outer loop
      vertex 73.3455 26.8735 3
      vertex 73.0723 25.5004 3
      vertex 74.7293 25.1141 3
    endloop
  endfacet
  facet normal 0 0 1
    outer loop
      vertex 71.5764 27.1656 3
      vertex 73.0723 25.5004 3
      vertex 73.3455 26.8735 3
    endloop
  endfacet
  facet normal 0 0 1
    outer loop
      vertex 71.5764 27.1656 3
      vertex 71.3937 25.7776 3
      vertex 73.0723 25.5004 3
    endloop
  endfacet
  facet normal 0 0 1
    outer loop
      vertex 69.792 27.3413 3
      vertex 71.3937 25.7776 3
      vertex 71.5764 27.1656 3
    endloop
  endfacet
  facet normal 0 0 1
    outer loop
      vertex 69.792 27.3413 3
      vertex 69.7005 25.9443 3
      vertex 71.3937 25.7776 3
    endloop
  endfacet
  facet normal 0 0 1
    outer loop
      vertex 68 27.4 3
      vertex 69.7005 25.9443 3
      vertex 69.792 27.3413 3
    endloop
  endfacet
  facet normal 0 0 1
    outer loop
      vertex 68 27.4 3
      vertex 68 26 3
      vertex 69.7005 25.9443 3
    endloop
  endfacet
  facet normal 0 0 1
    outer loop
      vertex 68 27.4 3
      vertex 66.2995 25.9443 3
      vertex 68 26 3
    endloop
  endfacet
  facet normal -0 0 1
    outer loop
      vertex 66.208 27.3413 3
      vertex 66.2995 25.9443 3
      vertex 68 27.4 3
    endloop
  endfacet
  facet normal 0 0 1
    outer loop
      vertex 66.208 27.3413 3
      vertex 64.6063 25.7776 3
      vertex 66.2995 25.9443 3
    endloop
  endfacet
  facet normal -0 0 1
    outer loop
      vertex 64.4236 27.1656 3
      vertex 64.6063 25.7776 3
      vertex 66.208 27.3413 3
    endloop
  endfacet
  facet normal 0 0 1
    outer loop
      vertex 64.4236 27.1656 3
      vertex 62.9277 25.5004 3
      vertex 64.6063 25.7776 3
    endloop
  endfacet
  facet normal -0 0 1
    outer loop
      vertex 62.6545 26.8735 3
      vertex 62.9277 25.5004 3
      vertex 64.4236 27.1656 3
    endloop
  endfacet
  facet normal 0 0 1
    outer loop
      vertex 62.6545 26.8735 3
      vertex 61.2707 25.1141 3
      vertex 62.9277 25.5004 3
    endloop
  endfacet
  facet normal -0 0 1
    outer loop
      vertex 60.9084 26.4664 3
      vertex 61.2707 25.1141 3
      vertex 62.6545 26.8735 3
    endloop
  endfacet
  facet normal 0 0 1
    outer loop
      vertex 60.9084 26.4664 3
      vertex 59.6426 24.6202 3
      vertex 61.2707 25.1141 3
    endloop
  endfacet
  facet normal -0 0 1
    outer loop
      vertex 59.1926 25.9459 3
      vertex 59.6426 24.6202 3
      vertex 60.9084 26.4664 3
    endloop
  endfacet
  facet normal 0 0 1
    outer loop
      vertex 59.1926 25.9459 3
      vertex 58.0502 24.0209 3
      vertex 59.6426 24.6202 3
    endloop
  endfacet
  facet normal -0 0 1
    outer loop
      vertex 57.5145 25.3143 3
      vertex 58.0502 24.0209 3
      vertex 59.1926 25.9459 3
    endloop
  endfacet
  facet normal 0 0 1
    outer loop
      vertex 57.5145 25.3143 3
      vertex 56.5005 23.3187 3
      vertex 58.0502 24.0209 3
    endloop
  endfacet
  facet normal -0 0 1
    outer loop
      vertex 55.8813 24.5743 3
      vertex 56.5005 23.3187 3
      vertex 57.5145 25.3143 3
    endloop
  endfacet
  facet normal 0 0 1
    outer loop
      vertex 55.8813 24.5743 3
      vertex 55 22.5167 3
      vertex 56.5005 23.3187 3
    endloop
  endfacet
  facet normal -0 0 1
    outer loop
      vertex 54.3 23.7291 3
      vertex 55 22.5167 3
      vertex 55.8813 24.5743 3
    endloop
  endfacet
  facet normal 0 0 1
    outer loop
      vertex 54.3 23.7291 3
      vertex 53.5552 21.6182 3
      vertex 55 22.5167 3
    endloop
  endfacet
  facet normal -0 0 1
    outer loop
      vertex 52.7774 22.7823 3
      vertex 53.5552 21.6182 3
      vertex 54.3 23.7291 3
    endloop
  endfacet
  facet normal 0 0 1
    outer loop
      vertex 52.7774 22.7823 3
      vertex 52.1722 20.6272 3
      vertex 53.5552 21.6182 3
    endloop
  endfacet
  facet normal -0 0 1
    outer loop
      vertex 51.3199 21.7379 3
      vertex 52.1722 20.6272 3
      vertex 52.7774 22.7823 3
    endloop
  endfacet
  facet normal 0 0 1
    outer loop
      vertex 51.3199 21.7379 3
      vertex 50.857 19.5478 3
      vertex 52.1722 20.6272 3
    endloop
  endfacet
  facet normal -0 0 1
    outer loop
      vertex 49.9339 20.6004 3
      vertex 50.857 19.5478 3
      vertex 51.3199 21.7379 3
    endloop
  endfacet
  facet normal 0 0 1
    outer loop
      vertex 49.9339 20.6004 3
      vertex 49.6152 18.3848 3
      vertex 50.857 19.5478 3
    endloop
  endfacet
  facet normal -0 0 1
    outer loop
      vertex 48.6253 19.3747 3
      vertex 49.6152 18.3848 3
      vertex 49.9339 20.6004 3
    endloop
  endfacet
  facet normal 0 0 1
    outer loop
      vertex 48.6253 19.3747 3
      vertex 48.4522 17.143 3
      vertex 49.6152 18.3848 3
    endloop
  endfacet
  facet normal -0 0 1
    outer loop
      vertex 47.3996 18.0661 3
      vertex 48.4522 17.143 3
      vertex 48.6253 19.3747 3
    endloop
  endfacet
  facet normal 0 0 1
    outer loop
      vertex 47.3996 18.0661 3
      vertex 47.3728 15.8278 3
      vertex 48.4522 17.143 3
    endloop
  endfacet
  facet normal -0 0 1
    outer loop
      vertex 46.2621 16.6801 3
      vertex 47.3728 15.8278 3
      vertex 47.3996 18.0661 3
    endloop
  endfacet
  facet normal 0 0 1
    outer loop
      vertex 47.3728 15.8278 3
      vertex 46.2621 16.6801 3
      vertex 46.3818 14.4448 3
    endloop
  endfacet
  facet normal -0 0 1
    outer loop
      vertex 45.2177 15.2226 3
      vertex 46.3818 14.4448 3
      vertex 46.2621 16.6801 3
    endloop
  endfacet
  facet normal 0 0 1
    outer loop
      vertex 46.3818 14.4448 3
      vertex 45.2177 15.2226 3
      vertex 45.4833 13 3
    endloop
  endfacet
  facet normal -0 0 1
    outer loop
      vertex 44.2709 13.7 3
      vertex 45.4833 13 3
      vertex 45.2177 15.2226 3
    endloop
  endfacet
  facet normal 0 0 1
    outer loop
      vertex 45.4833 13 3
      vertex 44.2709 13.7 3
      vertex 44.6813 11.4995 3
    endloop
  endfacet
  facet normal -0 0 1
    outer loop
      vertex 43.4257 12.1187 3
      vertex 44.6813 11.4995 3
      vertex 44.2709 13.7 3
    endloop
  endfacet
  facet normal 0 0 1
    outer loop
      vertex 44.6813 11.4995 3
      vertex 43.4257 12.1187 3
      vertex 43.9791 9.94977 3
    endloop
  endfacet
  facet normal -0 0 1
    outer loop
      vertex 42.6857 10.4855 3
      vertex 43.9791 9.94977 3
      vertex 43.4257 12.1187 3
    endloop
  endfacet
  facet normal 0 0 1
    outer loop
      vertex 43.9791 9.94977 3
      vertex 42.6857 10.4855 3
      vertex 43.3798 8.35743 3
    endloop
  endfacet
  facet normal -0 0 1
    outer loop
      vertex 42.0541 8.80744 3
      vertex 43.3798 8.35743 3
      vertex 42.6857 10.4855 3
    endloop
  endfacet
  facet normal 0 0 1
    outer loop
      vertex 43.3798 8.35743 3
      vertex 42.0541 8.80744 3
      vertex 42.8859 6.72929 3
    endloop
  endfacet
  facet normal -0 0 1
    outer loop
      vertex 41.5336 7.09164 3
      vertex 42.8859 6.72929 3
      vertex 42.0541 8.80744 3
    endloop
  endfacet
  facet normal 0 0 1
    outer loop
      vertex 42.8859 6.72929 3
      vertex 41.5336 7.09164 3
      vertex 42.4996 5.07235 3
    endloop
  endfacet
  facet normal -0 0 1
    outer loop
      vertex 41.1265 5.34547 3
      vertex 42.4996 5.07235 3
      vertex 41.5336 7.09164 3
    endloop
  endfacet
  facet normal 0 0 1
    outer loop
      vertex 42.4996 5.07235 3
      vertex 41.1265 5.34547 3
      vertex 42.2224 3.39368 3
    endloop
  endfacet
  facet normal -0 0 1
    outer loop
      vertex 40.8344 3.57642 3
      vertex 42.2224 3.39368 3
      vertex 41.1265 5.34547 3
    endloop
  endfacet
  facet normal 0 0 1
    outer loop
      vertex 95.1656 -3.57642 3
      vertex 93.7776 -3.39368 3
      vertex 94.8735 -5.34547 3
    endloop
  endfacet
  facet normal -0 0 1
    outer loop
      vertex 93.5004 -5.07235 3
      vertex 94.8735 -5.34547 3
      vertex 93.7776 -3.39368 3
    endloop
  endfacet
  facet normal 0 0 1
    outer loop
      vertex 94.8735 -5.34547 3
      vertex 93.5004 -5.07235 3
      vertex 94.4664 -7.09164 3
    endloop
  endfacet
  facet normal -0 0 1
    outer loop
      vertex 93.1141 -6.72929 3
      vertex 94.4664 -7.09164 3
      vertex 93.5004 -5.07235 3
    endloop
  endfacet
  facet normal 0 0 1
    outer loop
      vertex 94.4664 -7.09164 3
      vertex 93.1141 -6.72929 3
      vertex 93.9459 -8.80744 3
    endloop
  endfacet
  facet normal -0 0 1
    outer loop
      vertex 92.6202 -8.35743 3
      vertex 93.9459 -8.80744 3
      vertex 93.1141 -6.72929 3
    endloop
  endfacet
  facet normal 0 0 1
    outer loop
      vertex 93.9459 -8.80744 3
      vertex 92.6202 -8.35743 3
      vertex 93.3143 -10.4855 3
    endloop
  endfacet
  facet normal -0 0 1
    outer loop
      vertex 92.0209 -9.94977 3
      vertex 93.3143 -10.4855 3
      vertex 92.6202 -8.35743 3
    endloop
  endfacet
  facet normal 0 0 1
    outer loop
      vertex 93.3143 -10.4855 3
      vertex 92.0209 -9.94977 3
      vertex 92.5743 -12.1187 3
    endloop
  endfacet
  facet normal -0 0 1
    outer loop
      vertex 91.3187 -11.4995 3
      vertex 92.5743 -12.1187 3
      vertex 92.0209 -9.94977 3
    endloop
  endfacet
  facet normal 0 0 1
    outer loop
      vertex 92.5743 -12.1187 3
      vertex 91.3187 -11.4995 3
      vertex 91.7291 -13.7 3
    endloop
  endfacet
  facet normal -0 0 1
    outer loop
      vertex 90.5167 -13 3
      vertex 91.7291 -13.7 3
      vertex 91.3187 -11.4995 3
    endloop
  endfacet
  facet normal 0 0 1
    outer loop
      vertex 91.7291 -13.7 3
      vertex 90.5167 -13 3
      vertex 90.7823 -15.2226 3
    endloop
  endfacet
  facet normal -0 0 1
    outer loop
      vertex 89.6182 -14.4448 3
      vertex 90.7823 -15.2226 3
      vertex 90.5167 -13 3
    endloop
  endfacet
  facet normal 0 0 1
    outer loop
      vertex 90.7823 -15.2226 3
      vertex 89.6182 -14.4448 3
      vertex 89.7379 -16.6801 3
    endloop
  endfacet
  facet normal -0 0 1
    outer loop
      vertex 88.6272 -15.8278 3
      vertex 89.7379 -16.6801 3
      vertex 89.6182 -14.4448 3
    endloop
  endfacet
  facet normal 0 0 1
    outer loop
      vertex 88.6272 -15.8278 3
      vertex 88.6004 -18.0661 3
      vertex 89.7379 -16.6801 3
    endloop
  endfacet
  facet normal -0 0 1
    outer loop
      vertex 87.5478 -17.143 3
      vertex 88.6004 -18.0661 3
      vertex 88.6272 -15.8278 3
    endloop
  endfacet
  facet normal 0 0 1
    outer loop
      vertex 87.5478 -17.143 3
      vertex 87.3747 -19.3747 3
      vertex 88.6004 -18.0661 3
    endloop
  endfacet
  facet normal -0 0 1
    outer loop
      vertex 86.3848 -18.3848 3
      vertex 87.3747 -19.3747 3
      vertex 87.5478 -17.143 3
    endloop
  endfacet
  facet normal 0 0 1
    outer loop
      vertex 86.3848 -18.3848 3
      vertex 86.0661 -20.6004 3
      vertex 87.3747 -19.3747 3
    endloop
  endfacet
  facet normal -0 0 1
    outer loop
      vertex 85.143 -19.5478 3
      vertex 86.0661 -20.6004 3
      vertex 86.3848 -18.3848 3
    endloop
  endfacet
  facet normal 0 0 1
    outer loop
      vertex 85.143 -19.5478 3
      vertex 84.6801 -21.7379 3
      vertex 86.0661 -20.6004 3
    endloop
  endfacet
  facet normal -0 0 1
    outer loop
      vertex 83.8278 -20.6272 3
      vertex 84.6801 -21.7379 3
      vertex 85.143 -19.5478 3
    endloop
  endfacet
  facet normal 0 0 1
    outer loop
      vertex 83.8278 -20.6272 3
      vertex 83.2226 -22.7823 3
      vertex 84.6801 -21.7379 3
    endloop
  endfacet
  facet normal -0 0 1
    outer loop
      vertex 82.4448 -21.6182 3
      vertex 83.2226 -22.7823 3
      vertex 83.8278 -20.6272 3
    endloop
  endfacet
  facet normal 0 0 1
    outer loop
      vertex 82.4448 -21.6182 3
      vertex 81.7 -23.7291 3
      vertex 83.2226 -22.7823 3
    endloop
  endfacet
  facet normal -0 0 1
    outer loop
      vertex 81 -22.5167 3
      vertex 81.7 -23.7291 3
      vertex 82.4448 -21.6182 3
    endloop
  endfacet
  facet normal 0 0 1
    outer loop
      vertex 81 -22.5167 3
      vertex 80.1187 -24.5743 3
      vertex 81.7 -23.7291 3
    endloop
  endfacet
  facet normal -0 0 1
    outer loop
      vertex 79.4995 -23.3187 3
      vertex 80.1187 -24.5743 3
      vertex 81 -22.5167 3
    endloop
  endfacet
  facet normal 0 0 1
    outer loop
      vertex 79.4995 -23.3187 3
      vertex 78.4855 -25.3143 3
      vertex 80.1187 -24.5743 3
    endloop
  endfacet
  facet normal -0 0 1
    outer loop
      vertex 77.9498 -24.0209 3
      vertex 78.4855 -25.3143 3
      vertex 79.4995 -23.3187 3
    endloop
  endfacet
  facet normal 0 0 1
    outer loop
      vertex 77.9498 -24.0209 3
      vertex 76.8074 -25.9459 3
      vertex 78.4855 -25.3143 3
    endloop
  endfacet
  facet normal -0 0 1
    outer loop
      vertex 76.3574 -24.6202 3
      vertex 76.8074 -25.9459 3
      vertex 77.9498 -24.0209 3
    endloop
  endfacet
  facet normal 0 0 1
    outer loop
      vertex 76.3574 -24.6202 3
      vertex 75.0916 -26.4664 3
      vertex 76.8074 -25.9459 3
    endloop
  endfacet
  facet normal -0 0 1
    outer loop
      vertex 74.7293 -25.1141 3
      vertex 75.0916 -26.4664 3
      vertex 76.3574 -24.6202 3
    endloop
  endfacet
  facet normal 0 0 1
    outer loop
      vertex 74.7293 -25.1141 3
      vertex 73.3455 -26.8735 3
      vertex 75.0916 -26.4664 3
    endloop
  endfacet
  facet normal -0 0 1
    outer loop
      vertex 73.0723 -25.5004 3
      vertex 73.3455 -26.8735 3
      vertex 74.7293 -25.1141 3
    endloop
  endfacet
  facet normal 0 0 1
    outer loop
      vertex 73.0723 -25.5004 3
      vertex 71.5764 -27.1656 3
      vertex 73.3455 -26.8735 3
    endloop
  endfacet
  facet normal -0 0 1
    outer loop
      vertex 71.3937 -25.7776 3
      vertex 71.5764 -27.1656 3
      vertex 73.0723 -25.5004 3
    endloop
  endfacet
  facet normal 0 0 1
    outer loop
      vertex 71.3937 -25.7776 3
      vertex 69.792 -27.3413 3
      vertex 71.5764 -27.1656 3
    endloop
  endfacet
  facet normal -0 0 1
    outer loop
      vertex 69.7005 -25.9443 3
      vertex 69.792 -27.3413 3
      vertex 71.3937 -25.7776 3
    endloop
  endfacet
  facet normal -0 0 1
    outer loop
      vertex 68 -26 3
      vertex 69.792 -27.3413 3
      vertex 69.7005 -25.9443 3
    endloop
  endfacet
  facet normal 0 0 1
    outer loop
      vertex 68 -26 3
      vertex 68 -27.4 3
      vertex 69.792 -27.3413 3
    endloop
  endfacet
  facet normal 0 0 1
    outer loop
      vertex 66.2995 -25.9443 3
      vertex 68 -27.4 3
      vertex 68 -26 3
    endloop
  endfacet
  facet normal 0 0 1
    outer loop
      vertex 66.2995 -25.9443 3
      vertex 66.208 -27.3413 3
      vertex 68 -27.4 3
    endloop
  endfacet
  facet normal 0 0 1
    outer loop
      vertex 64.6063 -25.7776 3
      vertex 66.208 -27.3413 3
      vertex 66.2995 -25.9443 3
    endloop
  endfacet
  facet normal 0 0 1
    outer loop
      vertex 64.6063 -25.7776 3
      vertex 64.4236 -27.1656 3
      vertex 66.208 -27.3413 3
    endloop
  endfacet
  facet normal 0 0 1
    outer loop
      vertex 62.9277 -25.5004 3
      vertex 64.4236 -27.1656 3
      vertex 64.6063 -25.7776 3
    endloop
  endfacet
  facet normal 0 0 1
    outer loop
      vertex 62.9277 -25.5004 3
      vertex 62.6545 -26.8735 3
      vertex 64.4236 -27.1656 3
    endloop
  endfacet
  facet normal 0 0 1
    outer loop
      vertex 61.2707 -25.1141 3
      vertex 62.6545 -26.8735 3
      vertex 62.9277 -25.5004 3
    endloop
  endfacet
  facet normal 0 0 1
    outer loop
      vertex 61.2707 -25.1141 3
      vertex 60.9084 -26.4664 3
      vertex 62.6545 -26.8735 3
    endloop
  endfacet
  facet normal 0 0 1
    outer loop
      vertex 59.6426 -24.6202 3
      vertex 60.9084 -26.4664 3
      vertex 61.2707 -25.1141 3
    endloop
  endfacet
  facet normal 0 0 1
    outer loop
      vertex 59.6426 -24.6202 3
      vertex 59.1926 -25.9459 3
      vertex 60.9084 -26.4664 3
    endloop
  endfacet
  facet normal 0 0 1
    outer loop
      vertex 58.0502 -24.0209 3
      vertex 59.1926 -25.9459 3
      vertex 59.6426 -24.6202 3
    endloop
  endfacet
  facet normal 0 0 1
    outer loop
      vertex 58.0502 -24.0209 3
      vertex 57.5145 -25.3143 3
      vertex 59.1926 -25.9459 3
    endloop
  endfacet
  facet normal 0 0 1
    outer loop
      vertex 56.5005 -23.3187 3
      vertex 57.5145 -25.3143 3
      vertex 58.0502 -24.0209 3
    endloop
  endfacet
  facet normal 0 0 1
    outer loop
      vertex 56.5005 -23.3187 3
      vertex 55.8813 -24.5743 3
      vertex 57.5145 -25.3143 3
    endloop
  endfacet
  facet normal 0 0 1
    outer loop
      vertex 55 -22.5167 3
      vertex 55.8813 -24.5743 3
      vertex 56.5005 -23.3187 3
    endloop
  endfacet
  facet normal 0 0 1
    outer loop
      vertex 55 -22.5167 3
      vertex 54.3 -23.7291 3
      vertex 55.8813 -24.5743 3
    endloop
  endfacet
  facet normal 0 0 1
    outer loop
      vertex 53.5552 -21.6182 3
      vertex 54.3 -23.7291 3
      vertex 55 -22.5167 3
    endloop
  endfacet
  facet normal 0 0 1
    outer loop
      vertex 53.5552 -21.6182 3
      vertex 52.7774 -22.7823 3
      vertex 54.3 -23.7291 3
    endloop
  endfacet
  facet normal 0 0 1
    outer loop
      vertex 52.1722 -20.6272 3
      vertex 52.7774 -22.7823 3
      vertex 53.5552 -21.6182 3
    endloop
  endfacet
  facet normal 0 0 1
    outer loop
      vertex 52.1722 -20.6272 3
      vertex 51.3199 -21.7379 3
      vertex 52.7774 -22.7823 3
    endloop
  endfacet
  facet normal 0 0 1
    outer loop
      vertex 50.857 -19.5478 3
      vertex 51.3199 -21.7379 3
      vertex 52.1722 -20.6272 3
    endloop
  endfacet
  facet normal 0 0 1
    outer loop
      vertex 50.857 -19.5478 3
      vertex 49.9339 -20.6004 3
      vertex 51.3199 -21.7379 3
    endloop
  endfacet
  facet normal 0 0 1
    outer loop
      vertex 49.6152 -18.3848 3
      vertex 49.9339 -20.6004 3
      vertex 50.857 -19.5478 3
    endloop
  endfacet
  facet normal 0 0 1
    outer loop
      vertex 49.6152 -18.3848 3
      vertex 48.6253 -19.3747 3
      vertex 49.9339 -20.6004 3
    endloop
  endfacet
  facet normal 0 0 1
    outer loop
      vertex 48.4522 -17.143 3
      vertex 48.6253 -19.3747 3
      vertex 49.6152 -18.3848 3
    endloop
  endfacet
  facet normal 0 0 1
    outer loop
      vertex 48.4522 -17.143 3
      vertex 47.3996 -18.0661 3
      vertex 48.6253 -19.3747 3
    endloop
  endfacet
  facet normal 0 0 1
    outer loop
      vertex 47.3728 -15.8278 3
      vertex 47.3996 -18.0661 3
      vertex 48.4522 -17.143 3
    endloop
  endfacet
  facet normal 0 0 1
    outer loop
      vertex 46.2621 -16.6801 3
      vertex 47.3728 -15.8278 3
      vertex 46.3818 -14.4448 3
    endloop
  endfacet
  facet normal 0 0 1
    outer loop
      vertex 47.3728 -15.8278 3
      vertex 46.2621 -16.6801 3
      vertex 47.3996 -18.0661 3
    endloop
  endfacet
  facet normal 0 0 1
    outer loop
      vertex 45.2177 -15.2226 3
      vertex 46.3818 -14.4448 3
      vertex 45.4833 -13 3
    endloop
  endfacet
  facet normal 0 0 1
    outer loop
      vertex 46.3818 -14.4448 3
      vertex 45.2177 -15.2226 3
      vertex 46.2621 -16.6801 3
    endloop
  endfacet
  facet normal 0 0 1
    outer loop
      vertex 44.2709 -13.7 3
      vertex 45.4833 -13 3
      vertex 44.6813 -11.4995 3
    endloop
  endfacet
  facet normal 0 0 1
    outer loop
      vertex 45.4833 -13 3
      vertex 44.2709 -13.7 3
      vertex 45.2177 -15.2226 3
    endloop
  endfacet
  facet normal 0 0 1
    outer loop
      vertex 43.4257 -12.1187 3
      vertex 44.6813 -11.4995 3
      vertex 43.9791 -9.94977 3
    endloop
  endfacet
  facet normal 0 0 1
    outer loop
      vertex 44.6813 -11.4995 3
      vertex 43.4257 -12.1187 3
      vertex 44.2709 -13.7 3
    endloop
  endfacet
  facet normal 0 0 1
    outer loop
      vertex 42.6857 -10.4855 3
      vertex 43.9791 -9.94977 3
      vertex 43.3798 -8.35743 3
    endloop
  endfacet
  facet normal 0 0 1
    outer loop
      vertex 42.0541 -8.80744 3
      vertex 43.3798 -8.35743 3
      vertex 42.8859 -6.72929 3
    endloop
  endfacet
  facet normal 0 0 1
    outer loop
      vertex 43.9791 -9.94977 3
      vertex 42.6857 -10.4855 3
      vertex 43.4257 -12.1187 3
    endloop
  endfacet
  facet normal 0 0 1
    outer loop
      vertex 41.5336 -7.09164 3
      vertex 42.8859 -6.72929 3
      vertex 42.4996 -5.07235 3
    endloop
  endfacet
  facet normal 0 0 1
    outer loop
      vertex 41.1265 -5.34547 3
      vertex 42.4996 -5.07235 3
      vertex 42.2224 -3.39368 3
    endloop
  endfacet
  facet normal 0 0 1
    outer loop
      vertex 40.8344 -3.57642 3
      vertex 42.2224 -3.39368 3
      vertex 42.0557 -1.70048 3
    endloop
  endfacet
  facet normal 0 0 1
    outer loop
      vertex 43.3798 -8.35743 3
      vertex 42.0541 -8.80744 3
      vertex 42.6857 -10.4855 3
    endloop
  endfacet
  facet normal 0 0 1
    outer loop
      vertex 40.6587 -1.79205 3
      vertex 42.0557 -1.70048 3
      vertex 42 0 3
    endloop
  endfacet
  facet normal 0 0 1
    outer loop
      vertex 42.2224 3.39368 3
      vertex 40.8344 3.57642 3
      vertex 42.0557 1.70048 3
    endloop
  endfacet
  facet normal 0 0 1
    outer loop
      vertex 42.8859 -6.72929 3
      vertex 41.5336 -7.09164 3
      vertex 42.0541 -8.80744 3
    endloop
  endfacet
  facet normal -0 0 1
    outer loop
      vertex 40.6587 1.79205 3
      vertex 42.0557 1.70048 3
      vertex 40.8344 3.57642 3
    endloop
  endfacet
  facet normal 0 0 1
    outer loop
      vertex 42.4996 -5.07235 3
      vertex 41.1265 -5.34547 3
      vertex 41.5336 -7.09164 3
    endloop
  endfacet
  facet normal 0 0 1
    outer loop
      vertex 42.0557 1.70048 3
      vertex 40.6587 1.79205 3
      vertex 42 0 3
    endloop
  endfacet
  facet normal 0 0 1
    outer loop
      vertex 42.2224 -3.39368 3
      vertex 40.8344 -3.57642 3
      vertex 41.1265 -5.34547 3
    endloop
  endfacet
  facet normal 0 0 1
    outer loop
      vertex 40.6 0 3
      vertex 42 0 3
      vertex 40.6587 1.79205 3
    endloop
  endfacet
  facet normal 0 0 1
    outer loop
      vertex 42.0557 -1.70048 3
      vertex 40.6587 -1.79205 3
      vertex 40.8344 -3.57642 3
    endloop
  endfacet
  facet normal 0 0 1
    outer loop
      vertex 42 0 3
      vertex 40.6 0 3
      vertex 40.6587 -1.79205 3
    endloop
  endfacet
  facet normal 0 0 1
    outer loop
      vertex 71 0 3
      vertex 89 0 3
      vertex 88.955 1.37347 3
    endloop
  endfacet
  facet normal 0 0 1
    outer loop
      vertex 70.9936 0.196209 3
      vertex 88.955 1.37347 3
      vertex 88.8203 2.74105 3
    endloop
  endfacet
  facet normal 0 0 1
    outer loop
      vertex 89 0 3
      vertex 71 0 3
      vertex 88.955 -1.37347 3
    endloop
  endfacet
  facet normal 0 0 1
    outer loop
      vertex 70.9743 0.391578 3
      vertex 88.8203 2.74105 3
      vertex 88.5965 4.0969 3
    endloop
  endfacet
  facet normal -0 0 1
    outer loop
      vertex 70.9936 -0.196209 3
      vertex 88.955 -1.37347 3
      vertex 71 0 3
    endloop
  endfacet
  facet normal 0 0 1
    outer loop
      vertex 70.9424 0.585271 3
      vertex 88.5965 4.0969 3
      vertex 88.2844 5.4352 3
    endloop
  endfacet
  facet normal 0 0 1
    outer loop
      vertex 88.955 -1.37347 3
      vertex 70.9936 -0.196209 3
      vertex 88.8203 -2.74105 3
    endloop
  endfacet
  facet normal 0 0 1
    outer loop
      vertex 70.8978 0.776457 3
      vertex 88.2844 5.4352 3
      vertex 87.8855 6.75023 3
    endloop
  endfacet
  facet normal -0 0 1
    outer loop
      vertex 70.9743 -0.391578 3
      vertex 88.8203 -2.74105 3
      vertex 70.9936 -0.196209 3
    endloop
  endfacet
  facet normal 0 0 1
    outer loop
      vertex 70.8408 0.964318 3
      vertex 87.8855 6.75023 3
      vertex 87.4015 8.03635 3
    endloop
  endfacet
  facet normal 0 0 1
    outer loop
      vertex 88.8203 -2.74105 3
      vertex 70.9743 -0.391578 3
      vertex 88.5965 -4.0969 3
    endloop
  endfacet
  facet normal 0 0 1
    outer loop
      vertex 70.7716 1.14805 3
      vertex 87.4015 8.03635 3
      vertex 86.8343 9.28806 3
    endloop
  endfacet
  facet normal -0 0 1
    outer loop
      vertex 70.9424 -0.585271 3
      vertex 88.5965 -4.0969 3
      vertex 70.9743 -0.391578 3
    endloop
  endfacet
  facet normal 0 0 1
    outer loop
      vertex 70.6906 1.32687 3
      vertex 86.8343 9.28806 3
      vertex 86.1865 10.5 3
    endloop
  endfacet
  facet normal 0 0 1
    outer loop
      vertex 88.5965 -4.0969 3
      vertex 70.9424 -0.585271 3
      vertex 88.2844 -5.4352 3
    endloop
  endfacet
  facet normal 0 0 1
    outer loop
      vertex 70.5981 1.5 3
      vertex 86.1865 10.5 3
      vertex 85.4609 11.667 3
    endloop
  endfacet
  facet normal -0 0 1
    outer loop
      vertex 70.8978 -0.776457 3
      vertex 88.2844 -5.4352 3
      vertex 70.9424 -0.585271 3
    endloop
  endfacet
  facet normal 0 0 1
    outer loop
      vertex 70.4944 1.66671 3
      vertex 85.4609 11.667 3
      vertex 84.6604 12.784 3
    endloop
  endfacet
  facet normal 0 0 1
    outer loop
      vertex 88.2844 -5.4352 3
      vertex 70.8978 -0.776457 3
      vertex 87.8855 -6.75023 3
    endloop
  endfacet
  facet normal 0 0 1
    outer loop
      vertex 70.3801 1.82628 3
      vertex 84.6604 12.784 3
      vertex 83.7886 13.8463 3
    endloop
  endfacet
  facet normal -0 0 1
    outer loop
      vertex 70.8408 -0.964318 3
      vertex 87.8855 -6.75023 3
      vertex 70.8978 -0.776457 3
    endloop
  endfacet
  facet normal 0 0 1
    outer loop
      vertex 70.2555 1.97804 3
      vertex 83.7886 13.8463 3
      vertex 82.8492 14.8492 3
    endloop
  endfacet
  facet normal 0 0 1
    outer loop
      vertex 87.8855 -6.75023 3
      vertex 70.8408 -0.964318 3
      vertex 87.4015 -8.03635 3
    endloop
  endfacet
  facet normal 0 0 1
    outer loop
      vertex 70.1213 2.12132 3
      vertex 82.8492 14.8492 3
      vertex 81.8463 15.7886 3
    endloop
  endfacet
  facet normal -0 0 1
    outer loop
      vertex 70.7716 -1.14805 3
      vertex 87.4015 -8.03635 3
      vertex 70.8408 -0.964318 3
    endloop
  endfacet
  facet normal 0 0 1
    outer loop
      vertex 69.978 2.25552 3
      vertex 81.8463 15.7886 3
      vertex 80.784 16.6604 3
    endloop
  endfacet
  facet normal 0 0 1
    outer loop
      vertex 87.4015 -8.03635 3
      vertex 70.7716 -1.14805 3
      vertex 86.8343 -9.28806 3
    endloop
  endfacet
  facet normal 0 0 1
    outer loop
      vertex 69.8263 2.38006 3
      vertex 80.784 16.6604 3
      vertex 79.667 17.4609 3
    endloop
  endfacet
  facet normal -0 0 1
    outer loop
      vertex 70.6906 -1.32687 3
      vertex 86.8343 -9.28806 3
      vertex 70.7716 -1.14805 3
    endloop
  endfacet
  facet normal 0 0 1
    outer loop
      vertex 69.6667 2.49441 3
      vertex 79.667 17.4609 3
      vertex 78.5 18.1865 3
    endloop
  endfacet
  facet normal 0 0 1
    outer loop
      vertex 86.8343 -9.28806 3
      vertex 70.6906 -1.32687 3
      vertex 86.1865 -10.5 3
    endloop
  endfacet
  facet normal 0 0 1
    outer loop
      vertex 69.5 2.59808 3
      vertex 78.5 18.1865 3
      vertex 77.2881 18.8343 3
    endloop
  endfacet
  facet normal -0 0 1
    outer loop
      vertex 70.5981 -1.5 3
      vertex 86.1865 -10.5 3
      vertex 70.6906 -1.32687 3
    endloop
  endfacet
  facet normal 0 0 1
    outer loop
      vertex 69.3269 2.69062 3
      vertex 77.2881 18.8343 3
      vertex 76.0364 19.4015 3
    endloop
  endfacet
  facet normal 0 0 1
    outer loop
      vertex 86.1865 -10.5 3
      vertex 70.5981 -1.5 3
      vertex 85.4609 -11.667 3
    endloop
  endfacet
  facet normal 0 0 1
    outer loop
      vertex 69.148 2.77164 3
      vertex 76.0364 19.4015 3
      vertex 74.7502 19.8855 3
    endloop
  endfacet
  facet normal -0 0 1
    outer loop
      vertex 70.4944 -1.66671 3
      vertex 85.4609 -11.667 3
      vertex 70.5981 -1.5 3
    endloop
  endfacet
  facet normal 0 0 1
    outer loop
      vertex 68.9643 2.84079 3
      vertex 74.7502 19.8855 3
      vertex 73.4352 20.2844 3
    endloop
  endfacet
  facet normal 0 0 1
    outer loop
      vertex 85.4609 -11.667 3
      vertex 70.4944 -1.66671 3
      vertex 84.6604 -12.784 3
    endloop
  endfacet
  facet normal 0 0 1
    outer loop
      vertex 68.7765 2.89778 3
      vertex 73.4352 20.2844 3
      vertex 72.0969 20.5965 3
    endloop
  endfacet
  facet normal -0 0 1
    outer loop
      vertex 70.3801 -1.82628 3
      vertex 84.6604 -12.784 3
      vertex 70.4944 -1.66671 3
    endloop
  endfacet
  facet normal 0 0 1
    outer loop
      vertex 84.6604 -12.784 3
      vertex 70.3801 -1.82628 3
      vertex 83.7886 -13.8463 3
    endloop
  endfacet
  facet normal 0 0 1
    outer loop
      vertex 88.955 1.37347 3
      vertex 70.9936 0.196209 3
      vertex 71 0 3
    endloop
  endfacet
  facet normal 0 0 1
    outer loop
      vertex 88.8203 2.74105 3
      vertex 70.9743 0.391578 3
      vertex 70.9936 0.196209 3
    endloop
  endfacet
  facet normal 0 0 1
    outer loop
      vertex 88.5965 4.0969 3
      vertex 70.9424 0.585271 3
      vertex 70.9743 0.391578 3
    endloop
  endfacet
  facet normal 0 0 1
    outer loop
      vertex 88.2844 5.4352 3
      vertex 70.8978 0.776457 3
      vertex 70.9424 0.585271 3
    endloop
  endfacet
  facet normal 0 0 1
    outer loop
      vertex 87.8855 6.75023 3
      vertex 70.8408 0.964318 3
      vertex 70.8978 0.776457 3
    endloop
  endfacet
  facet normal 0 0 1
    outer loop
      vertex 87.4015 8.03635 3
      vertex 70.7716 1.14805 3
      vertex 70.8408 0.964318 3
    endloop
  endfacet
  facet normal 0 0 1
    outer loop
      vertex 68.5853 2.94236 3
      vertex 72.0969 20.5965 3
      vertex 70.7411 20.8203 3
    endloop
  endfacet
  facet normal 0 0 1
    outer loop
      vertex 86.8343 9.28806 3
      vertex 70.6906 1.32687 3
      vertex 70.7716 1.14805 3
    endloop
  endfacet
  facet normal 0 0 1
    outer loop
      vertex 86.1865 10.5 3
      vertex 70.5981 1.5 3
      vertex 70.6906 1.32687 3
    endloop
  endfacet
  facet normal 0 0 1
    outer loop
      vertex 85.4609 11.667 3
      vertex 70.4944 1.66671 3
      vertex 70.5981 1.5 3
    endloop
  endfacet
  facet normal 0 0 1
    outer loop
      vertex 84.6604 12.784 3
      vertex 70.3801 1.82628 3
      vertex 70.4944 1.66671 3
    endloop
  endfacet
  facet normal 0 0 1
    outer loop
      vertex 83.7886 13.8463 3
      vertex 70.2555 1.97804 3
      vertex 70.3801 1.82628 3
    endloop
  endfacet
  facet normal 0 0 1
    outer loop
      vertex 82.8492 14.8492 3
      vertex 70.1213 2.12132 3
      vertex 70.2555 1.97804 3
    endloop
  endfacet
  facet normal 0 0 1
    outer loop
      vertex 81.8463 15.7886 3
      vertex 69.978 2.25552 3
      vertex 70.1213 2.12132 3
    endloop
  endfacet
  facet normal 0 0 1
    outer loop
      vertex 80.784 16.6604 3
      vertex 69.8263 2.38006 3
      vertex 69.978 2.25552 3
    endloop
  endfacet
  facet normal 0 0 1
    outer loop
      vertex 79.667 17.4609 3
      vertex 69.6667 2.49441 3
      vertex 69.8263 2.38006 3
    endloop
  endfacet
  facet normal 0 0 1
    outer loop
      vertex 78.5 18.1865 3
      vertex 69.5 2.59808 3
      vertex 69.6667 2.49441 3
    endloop
  endfacet
  facet normal 0 0 1
    outer loop
      vertex 68.3916 2.97433 3
      vertex 70.7411 20.8203 3
      vertex 69.3735 20.955 3
    endloop
  endfacet
  facet normal 0 0 1
    outer loop
      vertex 77.2881 18.8343 3
      vertex 69.3269 2.69062 3
      vertex 69.5 2.59808 3
    endloop
  endfacet
  facet normal 0 0 1
    outer loop
      vertex 76.0364 19.4015 3
      vertex 69.148 2.77164 3
      vertex 69.3269 2.69062 3
    endloop
  endfacet
  facet normal 0 0 1
    outer loop
      vertex 74.7502 19.8855 3
      vertex 68.9643 2.84079 3
      vertex 69.148 2.77164 3
    endloop
  endfacet
  facet normal 0 0 1
    outer loop
      vertex 73.4352 20.2844 3
      vertex 68.7765 2.89778 3
      vertex 68.9643 2.84079 3
    endloop
  endfacet
  facet normal 0 0 1
    outer loop
      vertex 72.0969 20.5965 3
      vertex 68.5853 2.94236 3
      vertex 68.7765 2.89778 3
    endloop
  endfacet
  facet normal 0 0 1
    outer loop
      vertex 70.7411 20.8203 3
      vertex 68.3916 2.97433 3
      vertex 68.5853 2.94236 3
    endloop
  endfacet
  facet normal 0 0 1
    outer loop
      vertex 69.3735 20.955 3
      vertex 68.1962 2.99358 3
      vertex 68.3916 2.97433 3
    endloop
  endfacet
  facet normal 0 0 1
    outer loop
      vertex 68 21 3
      vertex 68.1962 2.99358 3
      vertex 69.3735 20.955 3
    endloop
  endfacet
  facet normal 0 0 1
    outer loop
      vertex 68 21 3
      vertex 68 3 3
      vertex 68.1962 2.99358 3
    endloop
  endfacet
  facet normal 0 0 1
    outer loop
      vertex 68 21 3
      vertex 67.8038 2.99358 3
      vertex 68 3 3
    endloop
  endfacet
  facet normal -0 0 1
    outer loop
      vertex 66.6265 20.955 3
      vertex 67.8038 2.99358 3
      vertex 68 21 3
    endloop
  endfacet
  facet normal 0 0 1
    outer loop
      vertex 67.8038 2.99358 3
      vertex 66.6265 20.955 3
      vertex 67.6084 2.97433 3
    endloop
  endfacet
  facet normal -0 0 1
    outer loop
      vertex 65.2589 20.8203 3
      vertex 67.6084 2.97433 3
      vertex 66.6265 20.955 3
    endloop
  endfacet
  facet normal 0 0 1
    outer loop
      vertex 67.6084 2.97433 3
      vertex 65.2589 20.8203 3
      vertex 67.4147 2.94236 3
    endloop
  endfacet
  facet normal -0 0 1
    outer loop
      vertex 63.9031 20.5965 3
      vertex 67.4147 2.94236 3
      vertex 65.2589 20.8203 3
    endloop
  endfacet
  facet normal 0 0 1
    outer loop
      vertex 67.4147 2.94236 3
      vertex 63.9031 20.5965 3
      vertex 67.2235 2.89778 3
    endloop
  endfacet
  facet normal -0 0 1
    outer loop
      vertex 62.5648 20.2844 3
      vertex 67.2235 2.89778 3
      vertex 63.9031 20.5965 3
    endloop
  endfacet
  facet normal 0 0 1
    outer loop
      vertex 67.2235 2.89778 3
      vertex 62.5648 20.2844 3
      vertex 67.0357 2.84079 3
    endloop
  endfacet
  facet normal -0 0 1
    outer loop
      vertex 61.2498 19.8855 3
      vertex 67.0357 2.84079 3
      vertex 62.5648 20.2844 3
    endloop
  endfacet
  facet normal 0 0 1
    outer loop
      vertex 67.0357 2.84079 3
      vertex 61.2498 19.8855 3
      vertex 66.852 2.77164 3
    endloop
  endfacet
  facet normal -0 0 1
    outer loop
      vertex 59.9636 19.4015 3
      vertex 66.852 2.77164 3
      vertex 61.2498 19.8855 3
    endloop
  endfacet
  facet normal 0 0 1
    outer loop
      vertex 66.852 2.77164 3
      vertex 59.9636 19.4015 3
      vertex 66.6731 2.69062 3
    endloop
  endfacet
  facet normal -0 0 1
    outer loop
      vertex 58.7119 18.8343 3
      vertex 66.6731 2.69062 3
      vertex 59.9636 19.4015 3
    endloop
  endfacet
  facet normal 0 0 1
    outer loop
      vertex 66.6731 2.69062 3
      vertex 58.7119 18.8343 3
      vertex 66.5 2.59808 3
    endloop
  endfacet
  facet normal -0 0 1
    outer loop
      vertex 57.5 18.1865 3
      vertex 66.5 2.59808 3
      vertex 58.7119 18.8343 3
    endloop
  endfacet
  facet normal 0 0 1
    outer loop
      vertex 66.5 2.59808 3
      vertex 57.5 18.1865 3
      vertex 66.3333 2.49441 3
    endloop
  endfacet
  facet normal -0 0 1
    outer loop
      vertex 56.333 17.4609 3
      vertex 66.3333 2.49441 3
      vertex 57.5 18.1865 3
    endloop
  endfacet
  facet normal 0 0 1
    outer loop
      vertex 66.3333 2.49441 3
      vertex 56.333 17.4609 3
      vertex 66.1737 2.38006 3
    endloop
  endfacet
  facet normal -0 0 1
    outer loop
      vertex 55.216 16.6604 3
      vertex 66.1737 2.38006 3
      vertex 56.333 17.4609 3
    endloop
  endfacet
  facet normal 0 0 1
    outer loop
      vertex 66.1737 2.38006 3
      vertex 55.216 16.6604 3
      vertex 66.022 2.25552 3
    endloop
  endfacet
  facet normal -0 0 1
    outer loop
      vertex 54.1537 15.7886 3
      vertex 66.022 2.25552 3
      vertex 55.216 16.6604 3
    endloop
  endfacet
  facet normal 0 0 1
    outer loop
      vertex 66.022 2.25552 3
      vertex 54.1537 15.7886 3
      vertex 65.8787 2.12132 3
    endloop
  endfacet
  facet normal -0 0 1
    outer loop
      vertex 53.1508 14.8492 3
      vertex 65.8787 2.12132 3
      vertex 54.1537 15.7886 3
    endloop
  endfacet
  facet normal 0 0 1
    outer loop
      vertex 65.8787 2.12132 3
      vertex 53.1508 14.8492 3
      vertex 65.7445 1.97804 3
    endloop
  endfacet
  facet normal -0 0 1
    outer loop
      vertex 52.2114 13.8463 3
      vertex 65.7445 1.97804 3
      vertex 53.1508 14.8492 3
    endloop
  endfacet
  facet normal 0 0 1
    outer loop
      vertex 65.7445 1.97804 3
      vertex 52.2114 13.8463 3
      vertex 65.6199 1.82628 3
    endloop
  endfacet
  facet normal -0 0 1
    outer loop
      vertex 70.2555 -1.97804 3
      vertex 83.7886 -13.8463 3
      vertex 70.3801 -1.82628 3
    endloop
  endfacet
  facet normal 0 0 1
    outer loop
      vertex 83.7886 -13.8463 3
      vertex 70.2555 -1.97804 3
      vertex 82.8492 -14.8492 3
    endloop
  endfacet
  facet normal -0 0 1
    outer loop
      vertex 70.1213 -2.12132 3
      vertex 82.8492 -14.8492 3
      vertex 70.2555 -1.97804 3
    endloop
  endfacet
  facet normal 0 0 1
    outer loop
      vertex 82.8492 -14.8492 3
      vertex 70.1213 -2.12132 3
      vertex 81.8463 -15.7886 3
    endloop
  endfacet
  facet normal -0 0 1
    outer loop
      vertex 69.978 -2.25552 3
      vertex 81.8463 -15.7886 3
      vertex 70.1213 -2.12132 3
    endloop
  endfacet
  facet normal 0 0 1
    outer loop
      vertex 81.8463 -15.7886 3
      vertex 69.978 -2.25552 3
      vertex 80.784 -16.6604 3
    endloop
  endfacet
  facet normal -0 0 1
    outer loop
      vertex 69.8263 -2.38006 3
      vertex 80.784 -16.6604 3
      vertex 69.978 -2.25552 3
    endloop
  endfacet
  facet normal 0 0 1
    outer loop
      vertex 80.784 -16.6604 3
      vertex 69.8263 -2.38006 3
      vertex 79.667 -17.4609 3
    endloop
  endfacet
  facet normal -0 0 1
    outer loop
      vertex 69.6667 -2.49441 3
      vertex 79.667 -17.4609 3
      vertex 69.8263 -2.38006 3
    endloop
  endfacet
  facet normal 0 0 1
    outer loop
      vertex 79.667 -17.4609 3
      vertex 69.6667 -2.49441 3
      vertex 78.5 -18.1865 3
    endloop
  endfacet
  facet normal -0 0 1
    outer loop
      vertex 69.5 -2.59808 3
      vertex 78.5 -18.1865 3
      vertex 69.6667 -2.49441 3
    endloop
  endfacet
  facet normal 0 0 1
    outer loop
      vertex 78.5 -18.1865 3
      vertex 69.5 -2.59808 3
      vertex 77.2881 -18.8343 3
    endloop
  endfacet
  facet normal -0 0 1
    outer loop
      vertex 69.3269 -2.69062 3
      vertex 77.2881 -18.8343 3
      vertex 69.5 -2.59808 3
    endloop
  endfacet
  facet normal 0 0 1
    outer loop
      vertex 77.2881 -18.8343 3
      vertex 69.3269 -2.69062 3
      vertex 76.0364 -19.4015 3
    endloop
  endfacet
  facet normal -0 0 1
    outer loop
      vertex 69.148 -2.77164 3
      vertex 76.0364 -19.4015 3
      vertex 69.3269 -2.69062 3
    endloop
  endfacet
  facet normal 0 0 1
    outer loop
      vertex 76.0364 -19.4015 3
      vertex 69.148 -2.77164 3
      vertex 74.7502 -19.8855 3
    endloop
  endfacet
  facet normal -0 0 1
    outer loop
      vertex 68.9643 -2.84079 3
      vertex 74.7502 -19.8855 3
      vertex 69.148 -2.77164 3
    endloop
  endfacet
  facet normal 0 0 1
    outer loop
      vertex 74.7502 -19.8855 3
      vertex 68.9643 -2.84079 3
      vertex 73.4352 -20.2844 3
    endloop
  endfacet
  facet normal -0 0 1
    outer loop
      vertex 68.7765 -2.89778 3
      vertex 73.4352 -20.2844 3
      vertex 68.9643 -2.84079 3
    endloop
  endfacet
  facet normal 0 0 1
    outer loop
      vertex 73.4352 -20.2844 3
      vertex 68.7765 -2.89778 3
      vertex 72.0969 -20.5965 3
    endloop
  endfacet
  facet normal -0 0 1
    outer loop
      vertex 68.5853 -2.94236 3
      vertex 72.0969 -20.5965 3
      vertex 68.7765 -2.89778 3
    endloop
  endfacet
  facet normal 0 0 1
    outer loop
      vertex 72.0969 -20.5965 3
      vertex 68.5853 -2.94236 3
      vertex 70.7411 -20.8203 3
    endloop
  endfacet
  facet normal -0 0 1
    outer loop
      vertex 68.3916 -2.97433 3
      vertex 70.7411 -20.8203 3
      vertex 68.5853 -2.94236 3
    endloop
  endfacet
  facet normal 0 0 1
    outer loop
      vertex 70.7411 -20.8203 3
      vertex 68.3916 -2.97433 3
      vertex 69.3735 -20.955 3
    endloop
  endfacet
  facet normal -0 0 1
    outer loop
      vertex 68.1962 -2.99358 3
      vertex 69.3735 -20.955 3
      vertex 68.3916 -2.97433 3
    endloop
  endfacet
  facet normal -0 0 1
    outer loop
      vertex 68 -3 3
      vertex 69.3735 -20.955 3
      vertex 68.1962 -2.99358 3
    endloop
  endfacet
  facet normal 0 0 1
    outer loop
      vertex 68 -3 3
      vertex 68 -21 3
      vertex 69.3735 -20.955 3
    endloop
  endfacet
  facet normal 0 0 1
    outer loop
      vertex 67.8038 -2.99358 3
      vertex 68 -21 3
      vertex 68 -3 3
    endloop
  endfacet
  facet normal 0 0 1
    outer loop
      vertex 66.6265 -20.955 3
      vertex 67.8038 -2.99358 3
      vertex 67.6084 -2.97433 3
    endloop
  endfacet
  facet normal 0 0 1
    outer loop
      vertex 65.2589 -20.8203 3
      vertex 67.6084 -2.97433 3
      vertex 67.4147 -2.94236 3
    endloop
  endfacet
  facet normal 0 0 1
    outer loop
      vertex 63.9031 -20.5965 3
      vertex 67.4147 -2.94236 3
      vertex 67.2235 -2.89778 3
    endloop
  endfacet
  facet normal 0 0 1
    outer loop
      vertex 62.5648 -20.2844 3
      vertex 67.2235 -2.89778 3
      vertex 67.0357 -2.84079 3
    endloop
  endfacet
  facet normal 0 0 1
    outer loop
      vertex 61.2498 -19.8855 3
      vertex 67.0357 -2.84079 3
      vertex 66.852 -2.77164 3
    endloop
  endfacet
  facet normal 0 0 1
    outer loop
      vertex 59.9636 -19.4015 3
      vertex 66.852 -2.77164 3
      vertex 66.6731 -2.69062 3
    endloop
  endfacet
  facet normal 0 0 1
    outer loop
      vertex 67.8038 -2.99358 3
      vertex 66.6265 -20.955 3
      vertex 68 -21 3
    endloop
  endfacet
  facet normal 0 0 1
    outer loop
      vertex 58.7119 -18.8343 3
      vertex 66.6731 -2.69062 3
      vertex 66.5 -2.59808 3
    endloop
  endfacet
  facet normal 0 0 1
    outer loop
      vertex 57.5 -18.1865 3
      vertex 66.5 -2.59808 3
      vertex 66.3333 -2.49441 3
    endloop
  endfacet
  facet normal 0 0 1
    outer loop
      vertex 56.333 -17.4609 3
      vertex 66.3333 -2.49441 3
      vertex 66.1737 -2.38006 3
    endloop
  endfacet
  facet normal 0 0 1
    outer loop
      vertex 55.216 -16.6604 3
      vertex 66.1737 -2.38006 3
      vertex 66.022 -2.25552 3
    endloop
  endfacet
  facet normal 0 0 1
    outer loop
      vertex 54.1537 -15.7886 3
      vertex 66.022 -2.25552 3
      vertex 65.8787 -2.12132 3
    endloop
  endfacet
  facet normal 0 0 1
    outer loop
      vertex 53.1508 -14.8492 3
      vertex 65.8787 -2.12132 3
      vertex 65.7445 -1.97804 3
    endloop
  endfacet
  facet normal 0 0 1
    outer loop
      vertex 52.2114 -13.8463 3
      vertex 65.7445 -1.97804 3
      vertex 65.6199 -1.82628 3
    endloop
  endfacet
  facet normal 0 0 1
    outer loop
      vertex 51.3396 -12.784 3
      vertex 65.6199 -1.82628 3
      vertex 65.5056 -1.66671 3
    endloop
  endfacet
  facet normal 0 0 1
    outer loop
      vertex 50.5391 -11.667 3
      vertex 65.5056 -1.66671 3
      vertex 65.4019 -1.5 3
    endloop
  endfacet
  facet normal 0 0 1
    outer loop
      vertex 49.8135 -10.5 3
      vertex 65.4019 -1.5 3
      vertex 65.3094 -1.32687 3
    endloop
  endfacet
  facet normal 0 0 1
    outer loop
      vertex 67.6084 -2.97433 3
      vertex 65.2589 -20.8203 3
      vertex 66.6265 -20.955 3
    endloop
  endfacet
  facet normal 0 0 1
    outer loop
      vertex 49.1657 -9.28806 3
      vertex 65.3094 -1.32687 3
      vertex 65.2284 -1.14805 3
    endloop
  endfacet
  facet normal 0 0 1
    outer loop
      vertex 48.5985 -8.03635 3
      vertex 65.2284 -1.14805 3
      vertex 65.1592 -0.964318 3
    endloop
  endfacet
  facet normal 0 0 1
    outer loop
      vertex 48.1145 -6.75023 3
      vertex 65.1592 -0.964318 3
      vertex 65.1022 -0.776457 3
    endloop
  endfacet
  facet normal 0 0 1
    outer loop
      vertex 47.7156 -5.4352 3
      vertex 65.1022 -0.776457 3
      vertex 65.0576 -0.585271 3
    endloop
  endfacet
  facet normal 0 0 1
    outer loop
      vertex 47.4035 -4.0969 3
      vertex 65.0576 -0.585271 3
      vertex 65.0257 -0.391578 3
    endloop
  endfacet
  facet normal 0 0 1
    outer loop
      vertex 47.1797 -2.74105 3
      vertex 65.0257 -0.391578 3
      vertex 65.0064 -0.196209 3
    endloop
  endfacet
  facet normal 0 0 1
    outer loop
      vertex 47.045 -1.37347 3
      vertex 65.0064 -0.196209 3
      vertex 65 0 3
    endloop
  endfacet
  facet normal -0 0 1
    outer loop
      vertex 51.3396 12.784 3
      vertex 65.6199 1.82628 3
      vertex 52.2114 13.8463 3
    endloop
  endfacet
  facet normal 0 0 1
    outer loop
      vertex 67.4147 -2.94236 3
      vertex 63.9031 -20.5965 3
      vertex 65.2589 -20.8203 3
    endloop
  endfacet
  facet normal 0 0 1
    outer loop
      vertex 65.6199 1.82628 3
      vertex 51.3396 12.784 3
      vertex 65.5056 1.66671 3
    endloop
  endfacet
  facet normal 0 0 1
    outer loop
      vertex 67.2235 -2.89778 3
      vertex 62.5648 -20.2844 3
      vertex 63.9031 -20.5965 3
    endloop
  endfacet
  facet normal -0 0 1
    outer loop
      vertex 50.5391 11.667 3
      vertex 65.5056 1.66671 3
      vertex 51.3396 12.784 3
    endloop
  endfacet
  facet normal 0 0 1
    outer loop
      vertex 67.0357 -2.84079 3
      vertex 61.2498 -19.8855 3
      vertex 62.5648 -20.2844 3
    endloop
  endfacet
  facet normal 0 0 1
    outer loop
      vertex 65.5056 1.66671 3
      vertex 50.5391 11.667 3
      vertex 65.4019 1.5 3
    endloop
  endfacet
  facet normal 0 0 1
    outer loop
      vertex 66.852 -2.77164 3
      vertex 59.9636 -19.4015 3
      vertex 61.2498 -19.8855 3
    endloop
  endfacet
  facet normal -0 0 1
    outer loop
      vertex 49.8135 10.5 3
      vertex 65.4019 1.5 3
      vertex 50.5391 11.667 3
    endloop
  endfacet
  facet normal 0 0 1
    outer loop
      vertex 66.6731 -2.69062 3
      vertex 58.7119 -18.8343 3
      vertex 59.9636 -19.4015 3
    endloop
  endfacet
  facet normal 0 0 1
    outer loop
      vertex 65.4019 1.5 3
      vertex 49.8135 10.5 3
      vertex 65.3094 1.32687 3
    endloop
  endfacet
  facet normal 0 0 1
    outer loop
      vertex 66.5 -2.59808 3
      vertex 57.5 -18.1865 3
      vertex 58.7119 -18.8343 3
    endloop
  endfacet
  facet normal -0 0 1
    outer loop
      vertex 49.1657 9.28806 3
      vertex 65.3094 1.32687 3
      vertex 49.8135 10.5 3
    endloop
  endfacet
  facet normal 0 0 1
    outer loop
      vertex 66.3333 -2.49441 3
      vertex 56.333 -17.4609 3
      vertex 57.5 -18.1865 3
    endloop
  endfacet
  facet normal 0 0 1
    outer loop
      vertex 65.3094 1.32687 3
      vertex 49.1657 9.28806 3
      vertex 65.2284 1.14805 3
    endloop
  endfacet
  facet normal 0 0 1
    outer loop
      vertex 66.1737 -2.38006 3
      vertex 55.216 -16.6604 3
      vertex 56.333 -17.4609 3
    endloop
  endfacet
  facet normal -0 0 1
    outer loop
      vertex 48.5985 8.03635 3
      vertex 65.2284 1.14805 3
      vertex 49.1657 9.28806 3
    endloop
  endfacet
  facet normal 0 0 1
    outer loop
      vertex 66.022 -2.25552 3
      vertex 54.1537 -15.7886 3
      vertex 55.216 -16.6604 3
    endloop
  endfacet
  facet normal 0 0 1
    outer loop
      vertex 65.2284 1.14805 3
      vertex 48.5985 8.03635 3
      vertex 65.1592 0.964318 3
    endloop
  endfacet
  facet normal 0 0 1
    outer loop
      vertex 65.8787 -2.12132 3
      vertex 53.1508 -14.8492 3
      vertex 54.1537 -15.7886 3
    endloop
  endfacet
  facet normal -0 0 1
    outer loop
      vertex 48.1145 6.75023 3
      vertex 65.1592 0.964318 3
      vertex 48.5985 8.03635 3
    endloop
  endfacet
  facet normal 0 0 1
    outer loop
      vertex 65.7445 -1.97804 3
      vertex 52.2114 -13.8463 3
      vertex 53.1508 -14.8492 3
    endloop
  endfacet
  facet normal 0 0 1
    outer loop
      vertex 65.1592 0.964318 3
      vertex 48.1145 6.75023 3
      vertex 65.1022 0.776457 3
    endloop
  endfacet
  facet normal 0 0 1
    outer loop
      vertex 65.6199 -1.82628 3
      vertex 51.3396 -12.784 3
      vertex 52.2114 -13.8463 3
    endloop
  endfacet
  facet normal -0 0 1
    outer loop
      vertex 47.7156 5.4352 3
      vertex 65.1022 0.776457 3
      vertex 48.1145 6.75023 3
    endloop
  endfacet
  facet normal 0 0 1
    outer loop
      vertex 65.5056 -1.66671 3
      vertex 50.5391 -11.667 3
      vertex 51.3396 -12.784 3
    endloop
  endfacet
  facet normal 0 0 1
    outer loop
      vertex 65.1022 0.776457 3
      vertex 47.7156 5.4352 3
      vertex 65.0576 0.585271 3
    endloop
  endfacet
  facet normal 0 0 1
    outer loop
      vertex 65.4019 -1.5 3
      vertex 49.8135 -10.5 3
      vertex 50.5391 -11.667 3
    endloop
  endfacet
  facet normal -0 0 1
    outer loop
      vertex 47.4035 4.0969 3
      vertex 65.0576 0.585271 3
      vertex 47.7156 5.4352 3
    endloop
  endfacet
  facet normal 0 0 1
    outer loop
      vertex 65.3094 -1.32687 3
      vertex 49.1657 -9.28806 3
      vertex 49.8135 -10.5 3
    endloop
  endfacet
  facet normal 0 0 1
    outer loop
      vertex 65.0576 0.585271 3
      vertex 47.4035 4.0969 3
      vertex 65.0257 0.391578 3
    endloop
  endfacet
  facet normal 0 0 1
    outer loop
      vertex 65.2284 -1.14805 3
      vertex 48.5985 -8.03635 3
      vertex 49.1657 -9.28806 3
    endloop
  endfacet
  facet normal -0 0 1
    outer loop
      vertex 47.1797 2.74105 3
      vertex 65.0257 0.391578 3
      vertex 47.4035 4.0969 3
    endloop
  endfacet
  facet normal 0 0 1
    outer loop
      vertex 65.1592 -0.964318 3
      vertex 48.1145 -6.75023 3
      vertex 48.5985 -8.03635 3
    endloop
  endfacet
  facet normal 0 0 1
    outer loop
      vertex 65.0257 0.391578 3
      vertex 47.1797 2.74105 3
      vertex 65.0064 0.196209 3
    endloop
  endfacet
  facet normal 0 0 1
    outer loop
      vertex 65.1022 -0.776457 3
      vertex 47.7156 -5.4352 3
      vertex 48.1145 -6.75023 3
    endloop
  endfacet
  facet normal -0 0 1
    outer loop
      vertex 47.045 1.37347 3
      vertex 65.0064 0.196209 3
      vertex 47.1797 2.74105 3
    endloop
  endfacet
  facet normal 0 0 1
    outer loop
      vertex 65.0576 -0.585271 3
      vertex 47.4035 -4.0969 3
      vertex 47.7156 -5.4352 3
    endloop
  endfacet
  facet normal 0 0 1
    outer loop
      vertex 65.0064 0.196209 3
      vertex 47.045 1.37347 3
      vertex 65 0 3
    endloop
  endfacet
  facet normal 0 0 1
    outer loop
      vertex 65.0257 -0.391578 3
      vertex 47.1797 -2.74105 3
      vertex 47.4035 -4.0969 3
    endloop
  endfacet
  facet normal 0 0 1
    outer loop
      vertex 47 0 3
      vertex 65 0 3
      vertex 47.045 1.37347 3
    endloop
  endfacet
  facet normal 0 0 1
    outer loop
      vertex 65.0064 -0.196209 3
      vertex 47.045 -1.37347 3
      vertex 47.1797 -2.74105 3
    endloop
  endfacet
  facet normal 0 0 1
    outer loop
      vertex 65 0 3
      vertex 47 0 3
      vertex 47.045 -1.37347 3
    endloop
  endfacet
  facet normal -0.290294 -0.956938 0
    outer loop
      vertex 59.1926 -25.9459 0
      vertex 60.9084 -26.4664 3
      vertex 59.1926 -25.9459 3
    endloop
  endfacet
  facet normal -0.290294 -0.956938 -0
    outer loop
      vertex 60.9084 -26.4664 3
      vertex 59.1926 -25.9459 0
      vertex 60.9084 -26.4664 0
    endloop
  endfacet
  facet normal -0.582467 0.812855 0
    outer loop
      vertex 52.7774 22.7823 0
      vertex 51.3199 21.7379 3
      vertex 52.7774 22.7823 3
    endloop
  endfacet
  facet normal -0.582467 0.812855 0
    outer loop
      vertex 51.3199 21.7379 3
      vertex 52.7774 22.7823 0
      vertex 51.3199 21.7379 0
    endloop
  endfacet
  facet normal -0.41271 -0.910862 0
    outer loop
      vertex 55.8813 -24.5743 0
      vertex 57.5145 -25.3143 3
      vertex 55.8813 -24.5743 3
    endloop
  endfacet
  facet normal -0.41271 -0.910862 -0
    outer loop
      vertex 57.5145 -25.3143 3
      vertex 55.8813 -24.5743 0
      vertex 57.5145 -25.3143 0
    endloop
  endfacet
  facet normal -0.956938 -0.290294 0
    outer loop
      vertex 42.0541 -8.80744 0
      vertex 41.5336 -7.09164 3
      vertex 41.5336 -7.09164 0
    endloop
  endfacet
  facet normal -0.956938 -0.290294 0
    outer loop
      vertex 41.5336 -7.09164 3
      vertex 42.0541 -8.80744 0
      vertex 42.0541 -8.80744 3
    endloop
  endfacet
  facet normal 0 0 -1
    outer loop
      vertex 94 0 0
      vertex 95.4 0 0
      vertex 95.3413 -1.79205 0
    endloop
  endfacet
  facet normal 0 0 -1
    outer loop
      vertex 93.9443 -1.70048 0
      vertex 95.3413 -1.79205 0
      vertex 95.1656 -3.57642 0
    endloop
  endfacet
  facet normal 0 0 -1
    outer loop
      vertex 95.4 0 0
      vertex 94 0 0
      vertex 95.3413 1.79205 0
    endloop
  endfacet
  facet normal 0 0 -1
    outer loop
      vertex 93.7776 -3.39368 0
      vertex 95.1656 -3.57642 0
      vertex 94.8735 -5.34547 0
    endloop
  endfacet
  facet normal 0 0 -1
    outer loop
      vertex 93.9443 1.70048 0
      vertex 95.3413 1.79205 0
      vertex 94 0 0
    endloop
  endfacet
  facet normal 0 0 -1
    outer loop
      vertex 93.5004 -5.07235 0
      vertex 94.8735 -5.34547 0
      vertex 94.4664 -7.09164 0
    endloop
  endfacet
  facet normal -0 0 -1
    outer loop
      vertex 95.3413 1.79205 0
      vertex 93.9443 1.70048 0
      vertex 95.1656 3.57642 0
    endloop
  endfacet
  facet normal 0 0 -1
    outer loop
      vertex 93.7776 3.39368 0
      vertex 95.1656 3.57642 0
      vertex 93.9443 1.70048 0
    endloop
  endfacet
  facet normal 0 0 -1
    outer loop
      vertex 93.1141 -6.72929 0
      vertex 94.4664 -7.09164 0
      vertex 93.9459 -8.80744 0
    endloop
  endfacet
  facet normal 0 0 -1
    outer loop
      vertex 95.3413 -1.79205 0
      vertex 93.9443 -1.70048 0
      vertex 94 0 0
    endloop
  endfacet
  facet normal 0 0 -1
    outer loop
      vertex 95.1656 -3.57642 0
      vertex 93.7776 -3.39368 0
      vertex 93.9443 -1.70048 0
    endloop
  endfacet
  facet normal 0 0 -1
    outer loop
      vertex 94.8735 -5.34547 0
      vertex 93.5004 -5.07235 0
      vertex 93.7776 -3.39368 0
    endloop
  endfacet
  facet normal 0 0 -1
    outer loop
      vertex 92.6202 -8.35743 0
      vertex 93.9459 -8.80744 0
      vertex 93.3143 -10.4855 0
    endloop
  endfacet
  facet normal 0 0 -1
    outer loop
      vertex 94.4664 -7.09164 0
      vertex 93.1141 -6.72929 0
      vertex 93.5004 -5.07235 0
    endloop
  endfacet
  facet normal 0 0 -1
    outer loop
      vertex 93.9459 -8.80744 0
      vertex 92.6202 -8.35743 0
      vertex 93.1141 -6.72929 0
    endloop
  endfacet
  facet normal 0 0 -1
    outer loop
      vertex 92.0209 -9.94977 0
      vertex 93.3143 -10.4855 0
      vertex 92.5743 -12.1187 0
    endloop
  endfacet
  facet normal 0 0 -1
    outer loop
      vertex 93.3143 -10.4855 0
      vertex 92.0209 -9.94977 0
      vertex 92.6202 -8.35743 0
    endloop
  endfacet
  facet normal 0 0 -1
    outer loop
      vertex 91.3187 -11.4995 0
      vertex 92.5743 -12.1187 0
      vertex 91.7291 -13.7 0
    endloop
  endfacet
  facet normal 0 0 -1
    outer loop
      vertex 92.5743 -12.1187 0
      vertex 91.3187 -11.4995 0
      vertex 92.0209 -9.94977 0
    endloop
  endfacet
  facet normal 0 0 -1
    outer loop
      vertex 90.5167 -13 0
      vertex 91.7291 -13.7 0
      vertex 90.7823 -15.2226 0
    endloop
  endfacet
  facet normal 0 0 -1
    outer loop
      vertex 91.7291 -13.7 0
      vertex 90.5167 -13 0
      vertex 91.3187 -11.4995 0
    endloop
  endfacet
  facet normal 0 0 -1
    outer loop
      vertex 89.6182 -14.4448 0
      vertex 90.7823 -15.2226 0
      vertex 89.7379 -16.6801 0
    endloop
  endfacet
  facet normal 0 0 -1
    outer loop
      vertex 90.7823 -15.2226 0
      vertex 89.6182 -14.4448 0
      vertex 90.5167 -13 0
    endloop
  endfacet
  facet normal 0 0 -1
    outer loop
      vertex 89.7379 -16.6801 0
      vertex 88.6272 -15.8278 0
      vertex 89.6182 -14.4448 0
    endloop
  endfacet
  facet normal 0 0 -1
    outer loop
      vertex 88.6004 -18.0661 0
      vertex 88.6272 -15.8278 0
      vertex 89.7379 -16.6801 0
    endloop
  endfacet
  facet normal 0 0 -1
    outer loop
      vertex 88.6004 -18.0661 0
      vertex 87.5478 -17.143 0
      vertex 88.6272 -15.8278 0
    endloop
  endfacet
  facet normal 0 0 -1
    outer loop
      vertex 87.3747 -19.3747 0
      vertex 87.5478 -17.143 0
      vertex 88.6004 -18.0661 0
    endloop
  endfacet
  facet normal 0 0 -1
    outer loop
      vertex 87.3747 -19.3747 0
      vertex 86.3848 -18.3848 0
      vertex 87.5478 -17.143 0
    endloop
  endfacet
  facet normal 0 0 -1
    outer loop
      vertex 86.0661 -20.6004 0
      vertex 86.3848 -18.3848 0
      vertex 87.3747 -19.3747 0
    endloop
  endfacet
  facet normal 0 0 -1
    outer loop
      vertex 86.0661 -20.6004 0
      vertex 85.143 -19.5478 0
      vertex 86.3848 -18.3848 0
    endloop
  endfacet
  facet normal 0 0 -1
    outer loop
      vertex 84.6801 -21.7379 0
      vertex 85.143 -19.5478 0
      vertex 86.0661 -20.6004 0
    endloop
  endfacet
  facet normal 0 0 -1
    outer loop
      vertex 84.6801 -21.7379 0
      vertex 83.8278 -20.6272 0
      vertex 85.143 -19.5478 0
    endloop
  endfacet
  facet normal 0 0 -1
    outer loop
      vertex 83.2226 -22.7823 0
      vertex 83.8278 -20.6272 0
      vertex 84.6801 -21.7379 0
    endloop
  endfacet
  facet normal 0 0 -1
    outer loop
      vertex 83.2226 -22.7823 0
      vertex 82.4448 -21.6182 0
      vertex 83.8278 -20.6272 0
    endloop
  endfacet
  facet normal 0 0 -1
    outer loop
      vertex 81.7 -23.7291 0
      vertex 82.4448 -21.6182 0
      vertex 83.2226 -22.7823 0
    endloop
  endfacet
  facet normal 0 0 -1
    outer loop
      vertex 81.7 -23.7291 0
      vertex 81 -22.5167 0
      vertex 82.4448 -21.6182 0
    endloop
  endfacet
  facet normal 0 0 -1
    outer loop
      vertex 80.1187 -24.5743 0
      vertex 81 -22.5167 0
      vertex 81.7 -23.7291 0
    endloop
  endfacet
  facet normal 0 0 -1
    outer loop
      vertex 80.1187 -24.5743 0
      vertex 79.4995 -23.3187 0
      vertex 81 -22.5167 0
    endloop
  endfacet
  facet normal 0 0 -1
    outer loop
      vertex 78.4855 -25.3143 0
      vertex 79.4995 -23.3187 0
      vertex 80.1187 -24.5743 0
    endloop
  endfacet
  facet normal 0 0 -1
    outer loop
      vertex 78.4855 -25.3143 0
      vertex 77.9498 -24.0209 0
      vertex 79.4995 -23.3187 0
    endloop
  endfacet
  facet normal 0 0 -1
    outer loop
      vertex 76.8074 -25.9459 0
      vertex 77.9498 -24.0209 0
      vertex 78.4855 -25.3143 0
    endloop
  endfacet
  facet normal 0 0 -1
    outer loop
      vertex 76.8074 -25.9459 0
      vertex 76.3574 -24.6202 0
      vertex 77.9498 -24.0209 0
    endloop
  endfacet
  facet normal 0 0 -1
    outer loop
      vertex 75.0916 -26.4664 0
      vertex 76.3574 -24.6202 0
      vertex 76.8074 -25.9459 0
    endloop
  endfacet
  facet normal 0 0 -1
    outer loop
      vertex 75.0916 -26.4664 0
      vertex 74.7293 -25.1141 0
      vertex 76.3574 -24.6202 0
    endloop
  endfacet
  facet normal 0 0 -1
    outer loop
      vertex 73.3455 -26.8735 0
      vertex 74.7293 -25.1141 0
      vertex 75.0916 -26.4664 0
    endloop
  endfacet
  facet normal 0 0 -1
    outer loop
      vertex 73.3455 -26.8735 0
      vertex 73.0723 -25.5004 0
      vertex 74.7293 -25.1141 0
    endloop
  endfacet
  facet normal 0 0 -1
    outer loop
      vertex 71.5764 -27.1656 0
      vertex 73.0723 -25.5004 0
      vertex 73.3455 -26.8735 0
    endloop
  endfacet
  facet normal 0 0 -1
    outer loop
      vertex 71.5764 -27.1656 0
      vertex 71.3937 -25.7776 0
      vertex 73.0723 -25.5004 0
    endloop
  endfacet
  facet normal 0 0 -1
    outer loop
      vertex 69.792 -27.3413 0
      vertex 71.3937 -25.7776 0
      vertex 71.5764 -27.1656 0
    endloop
  endfacet
  facet normal 0 0 -1
    outer loop
      vertex 69.792 -27.3413 0
      vertex 69.7005 -25.9443 0
      vertex 71.3937 -25.7776 0
    endloop
  endfacet
  facet normal 0 0 -1
    outer loop
      vertex 68 -27.4 0
      vertex 69.7005 -25.9443 0
      vertex 69.792 -27.3413 0
    endloop
  endfacet
  facet normal 0 0 -1
    outer loop
      vertex 68 -27.4 0
      vertex 68 -26 0
      vertex 69.7005 -25.9443 0
    endloop
  endfacet
  facet normal 0 0 -1
    outer loop
      vertex 68 -27.4 0
      vertex 66.2995 -25.9443 0
      vertex 68 -26 0
    endloop
  endfacet
  facet normal 0 0 -1
    outer loop
      vertex 66.208 -27.3413 0
      vertex 66.2995 -25.9443 0
      vertex 68 -27.4 0
    endloop
  endfacet
  facet normal 0 0 -1
    outer loop
      vertex 66.208 -27.3413 0
      vertex 64.6063 -25.7776 0
      vertex 66.2995 -25.9443 0
    endloop
  endfacet
  facet normal 0 0 -1
    outer loop
      vertex 64.4236 -27.1656 0
      vertex 64.6063 -25.7776 0
      vertex 66.208 -27.3413 0
    endloop
  endfacet
  facet normal 0 0 -1
    outer loop
      vertex 64.4236 -27.1656 0
      vertex 62.9277 -25.5004 0
      vertex 64.6063 -25.7776 0
    endloop
  endfacet
  facet normal 0 0 -1
    outer loop
      vertex 62.6545 -26.8735 0
      vertex 62.9277 -25.5004 0
      vertex 64.4236 -27.1656 0
    endloop
  endfacet
  facet normal 0 0 -1
    outer loop
      vertex 62.6545 -26.8735 0
      vertex 61.2707 -25.1141 0
      vertex 62.9277 -25.5004 0
    endloop
  endfacet
  facet normal 0 0 -1
    outer loop
      vertex 60.9084 -26.4664 0
      vertex 61.2707 -25.1141 0
      vertex 62.6545 -26.8735 0
    endloop
  endfacet
  facet normal 0 0 -1
    outer loop
      vertex 60.9084 -26.4664 0
      vertex 59.6426 -24.6202 0
      vertex 61.2707 -25.1141 0
    endloop
  endfacet
  facet normal 0 0 -1
    outer loop
      vertex 59.1926 -25.9459 0
      vertex 59.6426 -24.6202 0
      vertex 60.9084 -26.4664 0
    endloop
  endfacet
  facet normal 0 0 -1
    outer loop
      vertex 59.1926 -25.9459 0
      vertex 58.0502 -24.0209 0
      vertex 59.6426 -24.6202 0
    endloop
  endfacet
  facet normal 0 0 -1
    outer loop
      vertex 57.5145 -25.3143 0
      vertex 58.0502 -24.0209 0
      vertex 59.1926 -25.9459 0
    endloop
  endfacet
  facet normal 0 0 -1
    outer loop
      vertex 57.5145 -25.3143 0
      vertex 56.5005 -23.3187 0
      vertex 58.0502 -24.0209 0
    endloop
  endfacet
  facet normal 0 0 -1
    outer loop
      vertex 55.8813 -24.5743 0
      vertex 56.5005 -23.3187 0
      vertex 57.5145 -25.3143 0
    endloop
  endfacet
  facet normal 0 0 -1
    outer loop
      vertex 55.8813 -24.5743 0
      vertex 55 -22.5167 0
      vertex 56.5005 -23.3187 0
    endloop
  endfacet
  facet normal 0 0 -1
    outer loop
      vertex 54.3 -23.7291 0
      vertex 55 -22.5167 0
      vertex 55.8813 -24.5743 0
    endloop
  endfacet
  facet normal 0 0 -1
    outer loop
      vertex 54.3 -23.7291 0
      vertex 53.5552 -21.6182 0
      vertex 55 -22.5167 0
    endloop
  endfacet
  facet normal 0 0 -1
    outer loop
      vertex 52.7774 -22.7823 0
      vertex 53.5552 -21.6182 0
      vertex 54.3 -23.7291 0
    endloop
  endfacet
  facet normal 0 0 -1
    outer loop
      vertex 52.7774 -22.7823 0
      vertex 52.1722 -20.6272 0
      vertex 53.5552 -21.6182 0
    endloop
  endfacet
  facet normal 0 0 -1
    outer loop
      vertex 51.3199 -21.7379 0
      vertex 52.1722 -20.6272 0
      vertex 52.7774 -22.7823 0
    endloop
  endfacet
  facet normal 0 0 -1
    outer loop
      vertex 51.3199 -21.7379 0
      vertex 50.857 -19.5478 0
      vertex 52.1722 -20.6272 0
    endloop
  endfacet
  facet normal 0 0 -1
    outer loop
      vertex 49.9339 -20.6004 0
      vertex 50.857 -19.5478 0
      vertex 51.3199 -21.7379 0
    endloop
  endfacet
  facet normal 0 0 -1
    outer loop
      vertex 49.9339 -20.6004 0
      vertex 49.6152 -18.3848 0
      vertex 50.857 -19.5478 0
    endloop
  endfacet
  facet normal 0 0 -1
    outer loop
      vertex 48.6253 -19.3747 0
      vertex 49.6152 -18.3848 0
      vertex 49.9339 -20.6004 0
    endloop
  endfacet
  facet normal 0 0 -1
    outer loop
      vertex 48.6253 -19.3747 0
      vertex 48.4522 -17.143 0
      vertex 49.6152 -18.3848 0
    endloop
  endfacet
  facet normal 0 0 -1
    outer loop
      vertex 47.3996 -18.0661 0
      vertex 48.4522 -17.143 0
      vertex 48.6253 -19.3747 0
    endloop
  endfacet
  facet normal 0 0 -1
    outer loop
      vertex 47.3996 -18.0661 0
      vertex 47.3728 -15.8278 0
      vertex 48.4522 -17.143 0
    endloop
  endfacet
  facet normal 0 0 -1
    outer loop
      vertex 46.2621 -16.6801 0
      vertex 47.3728 -15.8278 0
      vertex 47.3996 -18.0661 0
    endloop
  endfacet
  facet normal -0 0 -1
    outer loop
      vertex 47.3728 -15.8278 0
      vertex 46.2621 -16.6801 0
      vertex 46.3818 -14.4448 0
    endloop
  endfacet
  facet normal 0 0 -1
    outer loop
      vertex 45.2177 -15.2226 0
      vertex 46.3818 -14.4448 0
      vertex 46.2621 -16.6801 0
    endloop
  endfacet
  facet normal -0 0 -1
    outer loop
      vertex 46.3818 -14.4448 0
      vertex 45.2177 -15.2226 0
      vertex 45.4833 -13 0
    endloop
  endfacet
  facet normal 0 0 -1
    outer loop
      vertex 44.2709 -13.7 0
      vertex 45.4833 -13 0
      vertex 45.2177 -15.2226 0
    endloop
  endfacet
  facet normal -0 0 -1
    outer loop
      vertex 45.4833 -13 0
      vertex 44.2709 -13.7 0
      vertex 44.6813 -11.4995 0
    endloop
  endfacet
  facet normal 0 0 -1
    outer loop
      vertex 43.4257 -12.1187 0
      vertex 44.6813 -11.4995 0
      vertex 44.2709 -13.7 0
    endloop
  endfacet
  facet normal -0 0 -1
    outer loop
      vertex 44.6813 -11.4995 0
      vertex 43.4257 -12.1187 0
      vertex 43.9791 -9.94977 0
    endloop
  endfacet
  facet normal 0 0 -1
    outer loop
      vertex 42.6857 -10.4855 0
      vertex 43.9791 -9.94977 0
      vertex 43.4257 -12.1187 0
    endloop
  endfacet
  facet normal -0 0 -1
    outer loop
      vertex 43.9791 -9.94977 0
      vertex 42.6857 -10.4855 0
      vertex 43.3798 -8.35743 0
    endloop
  endfacet
  facet normal 0 0 -1
    outer loop
      vertex 42.0541 -8.80744 0
      vertex 43.3798 -8.35743 0
      vertex 42.6857 -10.4855 0
    endloop
  endfacet
  facet normal -0 0 -1
    outer loop
      vertex 43.3798 -8.35743 0
      vertex 42.0541 -8.80744 0
      vertex 42.8859 -6.72929 0
    endloop
  endfacet
  facet normal 0 0 -1
    outer loop
      vertex 41.5336 -7.09164 0
      vertex 42.8859 -6.72929 0
      vertex 42.0541 -8.80744 0
    endloop
  endfacet
  facet normal -0 0 -1
    outer loop
      vertex 42.8859 -6.72929 0
      vertex 41.5336 -7.09164 0
      vertex 42.4996 -5.07235 0
    endloop
  endfacet
  facet normal 0 0 -1
    outer loop
      vertex 41.1265 -5.34547 0
      vertex 42.4996 -5.07235 0
      vertex 41.5336 -7.09164 0
    endloop
  endfacet
  facet normal -0 0 -1
    outer loop
      vertex 42.4996 -5.07235 0
      vertex 41.1265 -5.34547 0
      vertex 42.2224 -3.39368 0
    endloop
  endfacet
  facet normal 0 0 -1
    outer loop
      vertex 40.8344 -3.57642 0
      vertex 42.2224 -3.39368 0
      vertex 41.1265 -5.34547 0
    endloop
  endfacet
  facet normal -0 0 -1
    outer loop
      vertex 95.1656 3.57642 0
      vertex 93.7776 3.39368 0
      vertex 94.8735 5.34547 0
    endloop
  endfacet
  facet normal 0 0 -1
    outer loop
      vertex 93.5004 5.07235 0
      vertex 94.8735 5.34547 0
      vertex 93.7776 3.39368 0
    endloop
  endfacet
  facet normal -0 0 -1
    outer loop
      vertex 94.8735 5.34547 0
      vertex 93.5004 5.07235 0
      vertex 94.4664 7.09164 0
    endloop
  endfacet
  facet normal 0 0 -1
    outer loop
      vertex 93.1141 6.72929 0
      vertex 94.4664 7.09164 0
      vertex 93.5004 5.07235 0
    endloop
  endfacet
  facet normal -0 0 -1
    outer loop
      vertex 94.4664 7.09164 0
      vertex 93.1141 6.72929 0
      vertex 93.9459 8.80744 0
    endloop
  endfacet
  facet normal 0 0 -1
    outer loop
      vertex 92.6202 8.35743 0
      vertex 93.9459 8.80744 0
      vertex 93.1141 6.72929 0
    endloop
  endfacet
  facet normal -0 0 -1
    outer loop
      vertex 93.9459 8.80744 0
      vertex 92.6202 8.35743 0
      vertex 93.3143 10.4855 0
    endloop
  endfacet
  facet normal 0 0 -1
    outer loop
      vertex 92.0209 9.94977 0
      vertex 93.3143 10.4855 0
      vertex 92.6202 8.35743 0
    endloop
  endfacet
  facet normal -0 0 -1
    outer loop
      vertex 93.3143 10.4855 0
      vertex 92.0209 9.94977 0
      vertex 92.5743 12.1187 0
    endloop
  endfacet
  facet normal 0 0 -1
    outer loop
      vertex 91.3187 11.4995 0
      vertex 92.5743 12.1187 0
      vertex 92.0209 9.94977 0
    endloop
  endfacet
  facet normal -0 0 -1
    outer loop
      vertex 92.5743 12.1187 0
      vertex 91.3187 11.4995 0
      vertex 91.7291 13.7 0
    endloop
  endfacet
  facet normal 0 0 -1
    outer loop
      vertex 90.5167 13 0
      vertex 91.7291 13.7 0
      vertex 91.3187 11.4995 0
    endloop
  endfacet
  facet normal -0 0 -1
    outer loop
      vertex 91.7291 13.7 0
      vertex 90.5167 13 0
      vertex 90.7823 15.2226 0
    endloop
  endfacet
  facet normal 0 0 -1
    outer loop
      vertex 89.6182 14.4448 0
      vertex 90.7823 15.2226 0
      vertex 90.5167 13 0
    endloop
  endfacet
  facet normal -0 0 -1
    outer loop
      vertex 90.7823 15.2226 0
      vertex 89.6182 14.4448 0
      vertex 89.7379 16.6801 0
    endloop
  endfacet
  facet normal 0 0 -1
    outer loop
      vertex 88.6272 15.8278 0
      vertex 89.7379 16.6801 0
      vertex 89.6182 14.4448 0
    endloop
  endfacet
  facet normal 0 0 -1
    outer loop
      vertex 88.6272 15.8278 0
      vertex 88.6004 18.0661 0
      vertex 89.7379 16.6801 0
    endloop
  endfacet
  facet normal 0 0 -1
    outer loop
      vertex 87.5478 17.143 0
      vertex 88.6004 18.0661 0
      vertex 88.6272 15.8278 0
    endloop
  endfacet
  facet normal 0 0 -1
    outer loop
      vertex 87.5478 17.143 0
      vertex 87.3747 19.3747 0
      vertex 88.6004 18.0661 0
    endloop
  endfacet
  facet normal 0 0 -1
    outer loop
      vertex 86.3848 18.3848 0
      vertex 87.3747 19.3747 0
      vertex 87.5478 17.143 0
    endloop
  endfacet
  facet normal 0 0 -1
    outer loop
      vertex 86.3848 18.3848 0
      vertex 86.0661 20.6004 0
      vertex 87.3747 19.3747 0
    endloop
  endfacet
  facet normal 0 0 -1
    outer loop
      vertex 85.143 19.5478 0
      vertex 86.0661 20.6004 0
      vertex 86.3848 18.3848 0
    endloop
  endfacet
  facet normal 0 0 -1
    outer loop
      vertex 85.143 19.5478 0
      vertex 84.6801 21.7379 0
      vertex 86.0661 20.6004 0
    endloop
  endfacet
  facet normal 0 0 -1
    outer loop
      vertex 83.8278 20.6272 0
      vertex 84.6801 21.7379 0
      vertex 85.143 19.5478 0
    endloop
  endfacet
  facet normal 0 0 -1
    outer loop
      vertex 83.8278 20.6272 0
      vertex 83.2226 22.7823 0
      vertex 84.6801 21.7379 0
    endloop
  endfacet
  facet normal 0 0 -1
    outer loop
      vertex 82.4448 21.6182 0
      vertex 83.2226 22.7823 0
      vertex 83.8278 20.6272 0
    endloop
  endfacet
  facet normal 0 0 -1
    outer loop
      vertex 82.4448 21.6182 0
      vertex 81.7 23.7291 0
      vertex 83.2226 22.7823 0
    endloop
  endfacet
  facet normal 0 0 -1
    outer loop
      vertex 81 22.5167 0
      vertex 81.7 23.7291 0
      vertex 82.4448 21.6182 0
    endloop
  endfacet
  facet normal 0 0 -1
    outer loop
      vertex 81 22.5167 0
      vertex 80.1187 24.5743 0
      vertex 81.7 23.7291 0
    endloop
  endfacet
  facet normal 0 0 -1
    outer loop
      vertex 79.4995 23.3187 0
      vertex 80.1187 24.5743 0
      vertex 81 22.5167 0
    endloop
  endfacet
  facet normal 0 0 -1
    outer loop
      vertex 79.4995 23.3187 0
      vertex 78.4855 25.3143 0
      vertex 80.1187 24.5743 0
    endloop
  endfacet
  facet normal 0 0 -1
    outer loop
      vertex 77.9498 24.0209 0
      vertex 78.4855 25.3143 0
      vertex 79.4995 23.3187 0
    endloop
  endfacet
  facet normal 0 0 -1
    outer loop
      vertex 77.9498 24.0209 0
      vertex 76.8074 25.9459 0
      vertex 78.4855 25.3143 0
    endloop
  endfacet
  facet normal 0 0 -1
    outer loop
      vertex 76.3574 24.6202 0
      vertex 76.8074 25.9459 0
      vertex 77.9498 24.0209 0
    endloop
  endfacet
  facet normal 0 0 -1
    outer loop
      vertex 76.3574 24.6202 0
      vertex 75.0916 26.4664 0
      vertex 76.8074 25.9459 0
    endloop
  endfacet
  facet normal 0 0 -1
    outer loop
      vertex 74.7293 25.1141 0
      vertex 75.0916 26.4664 0
      vertex 76.3574 24.6202 0
    endloop
  endfacet
  facet normal 0 0 -1
    outer loop
      vertex 74.7293 25.1141 0
      vertex 73.3455 26.8735 0
      vertex 75.0916 26.4664 0
    endloop
  endfacet
  facet normal 0 0 -1
    outer loop
      vertex 73.0723 25.5004 0
      vertex 73.3455 26.8735 0
      vertex 74.7293 25.1141 0
    endloop
  endfacet
  facet normal 0 0 -1
    outer loop
      vertex 73.0723 25.5004 0
      vertex 71.5764 27.1656 0
      vertex 73.3455 26.8735 0
    endloop
  endfacet
  facet normal 0 0 -1
    outer loop
      vertex 71.3937 25.7776 0
      vertex 71.5764 27.1656 0
      vertex 73.0723 25.5004 0
    endloop
  endfacet
  facet normal 0 0 -1
    outer loop
      vertex 71.3937 25.7776 0
      vertex 69.792 27.3413 0
      vertex 71.5764 27.1656 0
    endloop
  endfacet
  facet normal 0 0 -1
    outer loop
      vertex 69.7005 25.9443 0
      vertex 69.792 27.3413 0
      vertex 71.3937 25.7776 0
    endloop
  endfacet
  facet normal 0 0 -1
    outer loop
      vertex 68 26 0
      vertex 69.792 27.3413 0
      vertex 69.7005 25.9443 0
    endloop
  endfacet
  facet normal 0 0 -1
    outer loop
      vertex 68 26 0
      vertex 68 27.4 0
      vertex 69.792 27.3413 0
    endloop
  endfacet
  facet normal 0 0 -1
    outer loop
      vertex 66.2995 25.9443 0
      vertex 68 27.4 0
      vertex 68 26 0
    endloop
  endfacet
  facet normal 0 0 -1
    outer loop
      vertex 66.2995 25.9443 0
      vertex 66.208 27.3413 0
      vertex 68 27.4 0
    endloop
  endfacet
  facet normal 0 0 -1
    outer loop
      vertex 64.6063 25.7776 0
      vertex 66.208 27.3413 0
      vertex 66.2995 25.9443 0
    endloop
  endfacet
  facet normal 0 0 -1
    outer loop
      vertex 64.6063 25.7776 0
      vertex 64.4236 27.1656 0
      vertex 66.208 27.3413 0
    endloop
  endfacet
  facet normal 0 0 -1
    outer loop
      vertex 62.9277 25.5004 0
      vertex 64.4236 27.1656 0
      vertex 64.6063 25.7776 0
    endloop
  endfacet
  facet normal 0 0 -1
    outer loop
      vertex 62.9277 25.5004 0
      vertex 62.6545 26.8735 0
      vertex 64.4236 27.1656 0
    endloop
  endfacet
  facet normal 0 0 -1
    outer loop
      vertex 61.2707 25.1141 0
      vertex 62.6545 26.8735 0
      vertex 62.9277 25.5004 0
    endloop
  endfacet
  facet normal 0 0 -1
    outer loop
      vertex 61.2707 25.1141 0
      vertex 60.9084 26.4664 0
      vertex 62.6545 26.8735 0
    endloop
  endfacet
  facet normal 0 0 -1
    outer loop
      vertex 59.6426 24.6202 0
      vertex 60.9084 26.4664 0
      vertex 61.2707 25.1141 0
    endloop
  endfacet
  facet normal 0 0 -1
    outer loop
      vertex 59.6426 24.6202 0
      vertex 59.1926 25.9459 0
      vertex 60.9084 26.4664 0
    endloop
  endfacet
  facet normal 0 0 -1
    outer loop
      vertex 58.0502 24.0209 0
      vertex 59.1926 25.9459 0
      vertex 59.6426 24.6202 0
    endloop
  endfacet
  facet normal 0 0 -1
    outer loop
      vertex 58.0502 24.0209 0
      vertex 57.5145 25.3143 0
      vertex 59.1926 25.9459 0
    endloop
  endfacet
  facet normal 0 0 -1
    outer loop
      vertex 56.5005 23.3187 0
      vertex 57.5145 25.3143 0
      vertex 58.0502 24.0209 0
    endloop
  endfacet
  facet normal 0 0 -1
    outer loop
      vertex 56.5005 23.3187 0
      vertex 55.8813 24.5743 0
      vertex 57.5145 25.3143 0
    endloop
  endfacet
  facet normal 0 0 -1
    outer loop
      vertex 55 22.5167 0
      vertex 55.8813 24.5743 0
      vertex 56.5005 23.3187 0
    endloop
  endfacet
  facet normal 0 0 -1
    outer loop
      vertex 55 22.5167 0
      vertex 54.3 23.7291 0
      vertex 55.8813 24.5743 0
    endloop
  endfacet
  facet normal 0 0 -1
    outer loop
      vertex 53.5552 21.6182 0
      vertex 54.3 23.7291 0
      vertex 55 22.5167 0
    endloop
  endfacet
  facet normal 0 0 -1
    outer loop
      vertex 53.5552 21.6182 0
      vertex 52.7774 22.7823 0
      vertex 54.3 23.7291 0
    endloop
  endfacet
  facet normal 0 0 -1
    outer loop
      vertex 52.1722 20.6272 0
      vertex 52.7774 22.7823 0
      vertex 53.5552 21.6182 0
    endloop
  endfacet
  facet normal 0 0 -1
    outer loop
      vertex 52.1722 20.6272 0
      vertex 51.3199 21.7379 0
      vertex 52.7774 22.7823 0
    endloop
  endfacet
  facet normal 0 0 -1
    outer loop
      vertex 50.857 19.5478 0
      vertex 51.3199 21.7379 0
      vertex 52.1722 20.6272 0
    endloop
  endfacet
  facet normal 0 0 -1
    outer loop
      vertex 50.857 19.5478 0
      vertex 49.9339 20.6004 0
      vertex 51.3199 21.7379 0
    endloop
  endfacet
  facet normal 0 0 -1
    outer loop
      vertex 49.6152 18.3848 0
      vertex 49.9339 20.6004 0
      vertex 50.857 19.5478 0
    endloop
  endfacet
  facet normal 0 0 -1
    outer loop
      vertex 49.6152 18.3848 0
      vertex 48.6253 19.3747 0
      vertex 49.9339 20.6004 0
    endloop
  endfacet
  facet normal 0 0 -1
    outer loop
      vertex 48.4522 17.143 0
      vertex 48.6253 19.3747 0
      vertex 49.6152 18.3848 0
    endloop
  endfacet
  facet normal 0 0 -1
    outer loop
      vertex 48.4522 17.143 0
      vertex 47.3996 18.0661 0
      vertex 48.6253 19.3747 0
    endloop
  endfacet
  facet normal 0 0 -1
    outer loop
      vertex 47.3728 15.8278 0
      vertex 47.3996 18.0661 0
      vertex 48.4522 17.143 0
    endloop
  endfacet
  facet normal 0 0 -1
    outer loop
      vertex 46.2621 16.6801 0
      vertex 47.3728 15.8278 0
      vertex 46.3818 14.4448 0
    endloop
  endfacet
  facet normal 0 0 -1
    outer loop
      vertex 47.3728 15.8278 0
      vertex 46.2621 16.6801 0
      vertex 47.3996 18.0661 0
    endloop
  endfacet
  facet normal 0 0 -1
    outer loop
      vertex 45.2177 15.2226 0
      vertex 46.3818 14.4448 0
      vertex 45.4833 13 0
    endloop
  endfacet
  facet normal 0 0 -1
    outer loop
      vertex 46.3818 14.4448 0
      vertex 45.2177 15.2226 0
      vertex 46.2621 16.6801 0
    endloop
  endfacet
  facet normal 0 0 -1
    outer loop
      vertex 44.2709 13.7 0
      vertex 45.4833 13 0
      vertex 44.6813 11.4995 0
    endloop
  endfacet
  facet normal 0 0 -1
    outer loop
      vertex 45.4833 13 0
      vertex 44.2709 13.7 0
      vertex 45.2177 15.2226 0
    endloop
  endfacet
  facet normal 0 0 -1
    outer loop
      vertex 43.4257 12.1187 0
      vertex 44.6813 11.4995 0
      vertex 43.9791 9.94977 0
    endloop
  endfacet
  facet normal 0 0 -1
    outer loop
      vertex 44.6813 11.4995 0
      vertex 43.4257 12.1187 0
      vertex 44.2709 13.7 0
    endloop
  endfacet
  facet normal 0 0 -1
    outer loop
      vertex 42.6857 10.4855 0
      vertex 43.9791 9.94977 0
      vertex 43.3798 8.35743 0
    endloop
  endfacet
  facet normal 0 0 -1
    outer loop
      vertex 42.0541 8.80744 0
      vertex 43.3798 8.35743 0
      vertex 42.8859 6.72929 0
    endloop
  endfacet
  facet normal 0 0 -1
    outer loop
      vertex 43.9791 9.94977 0
      vertex 42.6857 10.4855 0
      vertex 43.4257 12.1187 0
    endloop
  endfacet
  facet normal 0 0 -1
    outer loop
      vertex 41.5336 7.09164 0
      vertex 42.8859 6.72929 0
      vertex 42.4996 5.07235 0
    endloop
  endfacet
  facet normal 0 0 -1
    outer loop
      vertex 41.1265 5.34547 0
      vertex 42.4996 5.07235 0
      vertex 42.2224 3.39368 0
    endloop
  endfacet
  facet normal 0 0 -1
    outer loop
      vertex 40.8344 3.57642 0
      vertex 42.2224 3.39368 0
      vertex 42.0557 1.70048 0
    endloop
  endfacet
  facet normal 0 0 -1
    outer loop
      vertex 43.3798 8.35743 0
      vertex 42.0541 8.80744 0
      vertex 42.6857 10.4855 0
    endloop
  endfacet
  facet normal 0 0 -1
    outer loop
      vertex 40.6587 1.79205 0
      vertex 42.0557 1.70048 0
      vertex 42 0 0
    endloop
  endfacet
  facet normal -0 0 -1
    outer loop
      vertex 42.2224 -3.39368 0
      vertex 40.8344 -3.57642 0
      vertex 42.0557 -1.70048 0
    endloop
  endfacet
  facet normal 0 0 -1
    outer loop
      vertex 42.8859 6.72929 0
      vertex 41.5336 7.09164 0
      vertex 42.0541 8.80744 0
    endloop
  endfacet
  facet normal 0 0 -1
    outer loop
      vertex 40.6587 -1.79205 0
      vertex 42.0557 -1.70048 0
      vertex 40.8344 -3.57642 0
    endloop
  endfacet
  facet normal 0 0 -1
    outer loop
      vertex 42.4996 5.07235 0
      vertex 41.1265 5.34547 0
      vertex 41.5336 7.09164 0
    endloop
  endfacet
  facet normal -0 0 -1
    outer loop
      vertex 42.0557 -1.70048 0
      vertex 40.6587 -1.79205 0
      vertex 42 0 0
    endloop
  endfacet
  facet normal 0 0 -1
    outer loop
      vertex 42.2224 3.39368 0
      vertex 40.8344 3.57642 0
      vertex 41.1265 5.34547 0
    endloop
  endfacet
  facet normal 0 0 -1
    outer loop
      vertex 40.6 0 0
      vertex 42 0 0
      vertex 40.6587 -1.79205 0
    endloop
  endfacet
  facet normal 0 0 -1
    outer loop
      vertex 42.0557 1.70048 0
      vertex 40.6587 1.79205 0
      vertex 40.8344 3.57642 0
    endloop
  endfacet
  facet normal 0 0 -1
    outer loop
      vertex 42 0 0
      vertex 40.6 0 0
      vertex 40.6587 1.79205 0
    endloop
  endfacet
  facet normal 0 0 -1
    outer loop
      vertex 88.955 -1.37347 0
      vertex 88.955 1.37347 0
      vertex 89 0 0
    endloop
  endfacet
  facet normal 0 0 -1
    outer loop
      vertex 88.8203 -2.74105 0
      vertex 88.955 1.37347 0
      vertex 88.955 -1.37347 0
    endloop
  endfacet
  facet normal 0 0 -1
    outer loop
      vertex 88.8203 -2.74105 0
      vertex 88.8203 2.74105 0
      vertex 88.955 1.37347 0
    endloop
  endfacet
  facet normal 0 0 -1
    outer loop
      vertex 88.5965 -4.0969 0
      vertex 88.8203 2.74105 0
      vertex 88.8203 -2.74105 0
    endloop
  endfacet
  facet normal 0 0 -1
    outer loop
      vertex 88.5965 -4.0969 0
      vertex 88.5965 4.0969 0
      vertex 88.8203 2.74105 0
    endloop
  endfacet
  facet normal 0 0 -1
    outer loop
      vertex 88.2844 -5.4352 0
      vertex 88.5965 4.0969 0
      vertex 88.5965 -4.0969 0
    endloop
  endfacet
  facet normal 0 0 -1
    outer loop
      vertex 88.2844 -5.4352 0
      vertex 88.2844 5.4352 0
      vertex 88.5965 4.0969 0
    endloop
  endfacet
  facet normal 0 0 -1
    outer loop
      vertex 87.8855 -6.75023 0
      vertex 88.2844 5.4352 0
      vertex 88.2844 -5.4352 0
    endloop
  endfacet
  facet normal 0 0 -1
    outer loop
      vertex 87.8855 -6.75023 0
      vertex 87.8855 6.75023 0
      vertex 88.2844 5.4352 0
    endloop
  endfacet
  facet normal 0 0 -1
    outer loop
      vertex 87.4015 -8.03635 0
      vertex 87.8855 6.75023 0
      vertex 87.8855 -6.75023 0
    endloop
  endfacet
  facet normal 0 0 -1
    outer loop
      vertex 87.4015 -8.03635 0
      vertex 87.4015 8.03635 0
      vertex 87.8855 6.75023 0
    endloop
  endfacet
  facet normal 0 0 -1
    outer loop
      vertex 86.8343 -9.28806 0
      vertex 87.4015 8.03635 0
      vertex 87.4015 -8.03635 0
    endloop
  endfacet
  facet normal 0 0 -1
    outer loop
      vertex 86.8343 -9.28806 0
      vertex 86.8343 9.28806 0
      vertex 87.4015 8.03635 0
    endloop
  endfacet
  facet normal 0 0 -1
    outer loop
      vertex 86.1865 -10.5 0
      vertex 86.8343 9.28806 0
      vertex 86.8343 -9.28806 0
    endloop
  endfacet
  facet normal 0 0 -1
    outer loop
      vertex 86.1865 -10.5 0
      vertex 86.1865 10.5 0
      vertex 86.8343 9.28806 0
    endloop
  endfacet
  facet normal 0 0 -1
    outer loop
      vertex 85.4609 -11.667 0
      vertex 86.1865 10.5 0
      vertex 86.1865 -10.5 0
    endloop
  endfacet
  facet normal 0 0 -1
    outer loop
      vertex 85.4609 -11.667 0
      vertex 85.4609 11.667 0
      vertex 86.1865 10.5 0
    endloop
  endfacet
  facet normal 0 0 -1
    outer loop
      vertex 84.6604 -12.784 0
      vertex 85.4609 11.667 0
      vertex 85.4609 -11.667 0
    endloop
  endfacet
  facet normal 0 0 -1
    outer loop
      vertex 84.6604 -12.784 0
      vertex 84.6604 12.784 0
      vertex 85.4609 11.667 0
    endloop
  endfacet
  facet normal 0 0 -1
    outer loop
      vertex 83.7886 -13.8463 0
      vertex 84.6604 12.784 0
      vertex 84.6604 -12.784 0
    endloop
  endfacet
  facet normal 0 0 -1
    outer loop
      vertex 83.7886 -13.8463 0
      vertex 83.7886 13.8463 0
      vertex 84.6604 12.784 0
    endloop
  endfacet
  facet normal 0 0 -1
    outer loop
      vertex 82.8492 -14.8492 0
      vertex 83.7886 13.8463 0
      vertex 83.7886 -13.8463 0
    endloop
  endfacet
  facet normal 0 0 -1
    outer loop
      vertex 82.8492 -14.8492 0
      vertex 82.8492 14.8492 0
      vertex 83.7886 13.8463 0
    endloop
  endfacet
  facet normal 0 0 -1
    outer loop
      vertex 81.8463 -15.7886 0
      vertex 82.8492 14.8492 0
      vertex 82.8492 -14.8492 0
    endloop
  endfacet
  facet normal 0 0 -1
    outer loop
      vertex 81.8463 -15.7886 0
      vertex 81.8463 15.7886 0
      vertex 82.8492 14.8492 0
    endloop
  endfacet
  facet normal 0 0 -1
    outer loop
      vertex 80.784 -16.6604 0
      vertex 81.8463 15.7886 0
      vertex 81.8463 -15.7886 0
    endloop
  endfacet
  facet normal 0 0 -1
    outer loop
      vertex 80.784 -16.6604 0
      vertex 80.784 16.6604 0
      vertex 81.8463 15.7886 0
    endloop
  endfacet
  facet normal 0 0 -1
    outer loop
      vertex 79.667 -17.4609 0
      vertex 80.784 16.6604 0
      vertex 80.784 -16.6604 0
    endloop
  endfacet
  facet normal 0 0 -1
    outer loop
      vertex 79.667 -17.4609 0
      vertex 79.667 17.4609 0
      vertex 80.784 16.6604 0
    endloop
  endfacet
  facet normal 0 0 -1
    outer loop
      vertex 78.5 -18.1865 0
      vertex 79.667 17.4609 0
      vertex 79.667 -17.4609 0
    endloop
  endfacet
  facet normal 0 0 -1
    outer loop
      vertex 78.5 -18.1865 0
      vertex 78.5 18.1865 0
      vertex 79.667 17.4609 0
    endloop
  endfacet
  facet normal 0 0 -1
    outer loop
      vertex 77.2881 -18.8343 0
      vertex 78.5 18.1865 0
      vertex 78.5 -18.1865 0
    endloop
  endfacet
  facet normal 0 0 -1
    outer loop
      vertex 77.2881 -18.8343 0
      vertex 77.2881 18.8343 0
      vertex 78.5 18.1865 0
    endloop
  endfacet
  facet normal 0 0 -1
    outer loop
      vertex 76.0364 -19.4015 0
      vertex 77.2881 18.8343 0
      vertex 77.2881 -18.8343 0
    endloop
  endfacet
  facet normal 0 0 -1
    outer loop
      vertex 76.0364 -19.4015 0
      vertex 76.0364 19.4015 0
      vertex 77.2881 18.8343 0
    endloop
  endfacet
  facet normal 0 0 -1
    outer loop
      vertex 74.7502 -19.8855 0
      vertex 76.0364 19.4015 0
      vertex 76.0364 -19.4015 0
    endloop
  endfacet
  facet normal 0 0 -1
    outer loop
      vertex 74.7502 -19.8855 0
      vertex 74.7502 19.8855 0
      vertex 76.0364 19.4015 0
    endloop
  endfacet
  facet normal 0 0 -1
    outer loop
      vertex 73.4352 -20.2844 0
      vertex 74.7502 19.8855 0
      vertex 74.7502 -19.8855 0
    endloop
  endfacet
  facet normal 0 0 -1
    outer loop
      vertex 73.4352 -20.2844 0
      vertex 73.4352 20.2844 0
      vertex 74.7502 19.8855 0
    endloop
  endfacet
  facet normal 0 0 -1
    outer loop
      vertex 72.0969 -20.5965 0
      vertex 73.4352 20.2844 0
      vertex 73.4352 -20.2844 0
    endloop
  endfacet
  facet normal 0 0 -1
    outer loop
      vertex 72.0969 -20.5965 0
      vertex 72.0969 20.5965 0
      vertex 73.4352 20.2844 0
    endloop
  endfacet
  facet normal 0 0 -1
    outer loop
      vertex 70.7411 -20.8203 0
      vertex 72.0969 20.5965 0
      vertex 72.0969 -20.5965 0
    endloop
  endfacet
  facet normal 0 0 -1
    outer loop
      vertex 70.7411 -20.8203 0
      vertex 70.7411 20.8203 0
      vertex 72.0969 20.5965 0
    endloop
  endfacet
  facet normal 0 0 -1
    outer loop
      vertex 69.3735 -20.955 0
      vertex 70.7411 20.8203 0
      vertex 70.7411 -20.8203 0
    endloop
  endfacet
  facet normal 0 0 -1
    outer loop
      vertex 69.3735 -20.955 0
      vertex 69.3735 20.955 0
      vertex 70.7411 20.8203 0
    endloop
  endfacet
  facet normal 0 0 -1
    outer loop
      vertex 68 -21 0
      vertex 69.3735 20.955 0
      vertex 69.3735 -20.955 0
    endloop
  endfacet
  facet normal 0 0 -1
    outer loop
      vertex 68 -21 0
      vertex 68 21 0
      vertex 69.3735 20.955 0
    endloop
  endfacet
  facet normal 0 0 -1
    outer loop
      vertex 66.6265 -20.955 0
      vertex 68 21 0
      vertex 68 -21 0
    endloop
  endfacet
  facet normal 0 0 -1
    outer loop
      vertex 66.6265 -20.955 0
      vertex 66.6265 20.955 0
      vertex 68 21 0
    endloop
  endfacet
  facet normal 0 0 -1
    outer loop
      vertex 65.2589 -20.8203 0
      vertex 66.6265 20.955 0
      vertex 66.6265 -20.955 0
    endloop
  endfacet
  facet normal 0 0 -1
    outer loop
      vertex 65.2589 -20.8203 0
      vertex 65.2589 20.8203 0
      vertex 66.6265 20.955 0
    endloop
  endfacet
  facet normal 0 0 -1
    outer loop
      vertex 63.9031 -20.5965 0
      vertex 65.2589 20.8203 0
      vertex 65.2589 -20.8203 0
    endloop
  endfacet
  facet normal 0 0 -1
    outer loop
      vertex 63.9031 -20.5965 0
      vertex 63.9031 20.5965 0
      vertex 65.2589 20.8203 0
    endloop
  endfacet
  facet normal 0 0 -1
    outer loop
      vertex 62.5648 -20.2844 0
      vertex 63.9031 20.5965 0
      vertex 63.9031 -20.5965 0
    endloop
  endfacet
  facet normal 0 0 -1
    outer loop
      vertex 62.5648 -20.2844 0
      vertex 62.5648 20.2844 0
      vertex 63.9031 20.5965 0
    endloop
  endfacet
  facet normal 0 0 -1
    outer loop
      vertex 61.2498 -19.8855 0
      vertex 62.5648 20.2844 0
      vertex 62.5648 -20.2844 0
    endloop
  endfacet
  facet normal 0 0 -1
    outer loop
      vertex 61.2498 -19.8855 0
      vertex 61.2498 19.8855 0
      vertex 62.5648 20.2844 0
    endloop
  endfacet
  facet normal 0 0 -1
    outer loop
      vertex 59.9636 -19.4015 0
      vertex 61.2498 19.8855 0
      vertex 61.2498 -19.8855 0
    endloop
  endfacet
  facet normal 0 0 -1
    outer loop
      vertex 59.9636 -19.4015 0
      vertex 59.9636 19.4015 0
      vertex 61.2498 19.8855 0
    endloop
  endfacet
  facet normal 0 0 -1
    outer loop
      vertex 58.7119 -18.8343 0
      vertex 59.9636 19.4015 0
      vertex 59.9636 -19.4015 0
    endloop
  endfacet
  facet normal 0 0 -1
    outer loop
      vertex 58.7119 -18.8343 0
      vertex 58.7119 18.8343 0
      vertex 59.9636 19.4015 0
    endloop
  endfacet
  facet normal 0 0 -1
    outer loop
      vertex 57.5 -18.1865 0
      vertex 58.7119 18.8343 0
      vertex 58.7119 -18.8343 0
    endloop
  endfacet
  facet normal 0 0 -1
    outer loop
      vertex 57.5 -18.1865 0
      vertex 57.5 18.1865 0
      vertex 58.7119 18.8343 0
    endloop
  endfacet
  facet normal 0 0 -1
    outer loop
      vertex 56.333 -17.4609 0
      vertex 57.5 18.1865 0
      vertex 57.5 -18.1865 0
    endloop
  endfacet
  facet normal 0 0 -1
    outer loop
      vertex 56.333 -17.4609 0
      vertex 56.333 17.4609 0
      vertex 57.5 18.1865 0
    endloop
  endfacet
  facet normal 0 0 -1
    outer loop
      vertex 55.216 -16.6604 0
      vertex 56.333 17.4609 0
      vertex 56.333 -17.4609 0
    endloop
  endfacet
  facet normal 0 0 -1
    outer loop
      vertex 55.216 -16.6604 0
      vertex 55.216 16.6604 0
      vertex 56.333 17.4609 0
    endloop
  endfacet
  facet normal 0 0 -1
    outer loop
      vertex 54.1537 -15.7886 0
      vertex 55.216 16.6604 0
      vertex 55.216 -16.6604 0
    endloop
  endfacet
  facet normal 0 0 -1
    outer loop
      vertex 54.1537 -15.7886 0
      vertex 54.1537 15.7886 0
      vertex 55.216 16.6604 0
    endloop
  endfacet
  facet normal 0 0 -1
    outer loop
      vertex 53.1508 -14.8492 0
      vertex 54.1537 15.7886 0
      vertex 54.1537 -15.7886 0
    endloop
  endfacet
  facet normal 0 0 -1
    outer loop
      vertex 53.1508 -14.8492 0
      vertex 53.1508 14.8492 0
      vertex 54.1537 15.7886 0
    endloop
  endfacet
  facet normal 0 0 -1
    outer loop
      vertex 52.2114 -13.8463 0
      vertex 53.1508 14.8492 0
      vertex 53.1508 -14.8492 0
    endloop
  endfacet
  facet normal 0 0 -1
    outer loop
      vertex 52.2114 -13.8463 0
      vertex 52.2114 13.8463 0
      vertex 53.1508 14.8492 0
    endloop
  endfacet
  facet normal 0 0 -1
    outer loop
      vertex 51.3396 -12.784 0
      vertex 52.2114 13.8463 0
      vertex 52.2114 -13.8463 0
    endloop
  endfacet
  facet normal 0 0 -1
    outer loop
      vertex 51.3396 -12.784 0
      vertex 51.3396 12.784 0
      vertex 52.2114 13.8463 0
    endloop
  endfacet
  facet normal 0 0 -1
    outer loop
      vertex 50.5391 -11.667 0
      vertex 51.3396 12.784 0
      vertex 51.3396 -12.784 0
    endloop
  endfacet
  facet normal 0 0 -1
    outer loop
      vertex 50.5391 -11.667 0
      vertex 50.5391 11.667 0
      vertex 51.3396 12.784 0
    endloop
  endfacet
  facet normal 0 0 -1
    outer loop
      vertex 49.8135 -10.5 0
      vertex 50.5391 11.667 0
      vertex 50.5391 -11.667 0
    endloop
  endfacet
  facet normal 0 0 -1
    outer loop
      vertex 49.8135 -10.5 0
      vertex 49.8135 10.5 0
      vertex 50.5391 11.667 0
    endloop
  endfacet
  facet normal 0 0 -1
    outer loop
      vertex 49.1657 -9.28806 0
      vertex 49.8135 10.5 0
      vertex 49.8135 -10.5 0
    endloop
  endfacet
  facet normal 0 0 -1
    outer loop
      vertex 49.1657 -9.28806 0
      vertex 49.1657 9.28806 0
      vertex 49.8135 10.5 0
    endloop
  endfacet
  facet normal 0 0 -1
    outer loop
      vertex 48.5985 -8.03635 0
      vertex 49.1657 9.28806 0
      vertex 49.1657 -9.28806 0
    endloop
  endfacet
  facet normal 0 0 -1
    outer loop
      vertex 48.5985 -8.03635 0
      vertex 48.5985 8.03635 0
      vertex 49.1657 9.28806 0
    endloop
  endfacet
  facet normal 0 0 -1
    outer loop
      vertex 48.1145 -6.75023 0
      vertex 48.5985 8.03635 0
      vertex 48.5985 -8.03635 0
    endloop
  endfacet
  facet normal 0 0 -1
    outer loop
      vertex 48.1145 -6.75023 0
      vertex 48.1145 6.75023 0
      vertex 48.5985 8.03635 0
    endloop
  endfacet
  facet normal 0 0 -1
    outer loop
      vertex 47.7156 -5.4352 0
      vertex 48.1145 6.75023 0
      vertex 48.1145 -6.75023 0
    endloop
  endfacet
  facet normal 0 0 -1
    outer loop
      vertex 47.7156 -5.4352 0
      vertex 47.7156 5.4352 0
      vertex 48.1145 6.75023 0
    endloop
  endfacet
  facet normal 0 0 -1
    outer loop
      vertex 47.4035 -4.0969 0
      vertex 47.7156 5.4352 0
      vertex 47.7156 -5.4352 0
    endloop
  endfacet
  facet normal 0 0 -1
    outer loop
      vertex 47.4035 -4.0969 0
      vertex 47.4035 4.0969 0
      vertex 47.7156 5.4352 0
    endloop
  endfacet
  facet normal 0 0 -1
    outer loop
      vertex 47.1797 -2.74105 0
      vertex 47.4035 4.0969 0
      vertex 47.4035 -4.0969 0
    endloop
  endfacet
  facet normal 0 0 -1
    outer loop
      vertex 47.1797 -2.74105 0
      vertex 47.1797 2.74105 0
      vertex 47.4035 4.0969 0
    endloop
  endfacet
  facet normal 0 0 -1
    outer loop
      vertex 47.045 -1.37347 0
      vertex 47.1797 2.74105 0
      vertex 47.1797 -2.74105 0
    endloop
  endfacet
  facet normal 0 0 -1
    outer loop
      vertex 47.045 -1.37347 0
      vertex 47.045 1.37347 0
      vertex 47.1797 2.74105 0
    endloop
  endfacet
  facet normal 0 -0 -1
    outer loop
      vertex 47.045 1.37347 0
      vertex 47.045 -1.37347 0
      vertex 47 0 0
    endloop
  endfacet
  facet normal -0.471387 -0.881926 0
    outer loop
      vertex 54.3 -23.7291 0
      vertex 55.8813 -24.5743 3
      vertex 54.3 -23.7291 3
    endloop
  endfacet
  facet normal -0.471387 -0.881926 -0
    outer loop
      vertex 55.8813 -24.5743 3
      vertex 54.3 -23.7291 0
      vertex 55.8813 -24.5743 0
    endloop
  endfacet
  facet normal -0.352254 -0.935904 0
    outer loop
      vertex 57.5145 -25.3143 0
      vertex 59.1926 -25.9459 3
      vertex 57.5145 -25.3143 3
    endloop
  endfacet
  facet normal -0.352254 -0.935904 -0
    outer loop
      vertex 59.1926 -25.9459 3
      vertex 57.5145 -25.3143 0
      vertex 59.1926 -25.9459 0
    endloop
  endfacet
  facet normal -0.812855 0.582467 0
    outer loop
      vertex 45.2177 15.2226 0
      vertex 46.2621 16.6801 3
      vertex 46.2621 16.6801 0
    endloop
  endfacet
  facet normal -0.812855 0.582467 0
    outer loop
      vertex 46.2621 16.6801 3
      vertex 45.2177 15.2226 0
      vertex 45.2177 15.2226 3
    endloop
  endfacet
  facet normal -0.910862 -0.41271 0
    outer loop
      vertex 43.4257 -12.1187 0
      vertex 42.6857 -10.4855 3
      vertex 42.6857 -10.4855 0
    endloop
  endfacet
  facet normal -0.910862 -0.41271 0
    outer loop
      vertex 42.6857 -10.4855 3
      vertex 43.4257 -12.1187 0
      vertex 43.4257 -12.1187 3
    endloop
  endfacet
  facet normal -0.290385 0.95691 0
    outer loop
      vertex 67.2235 2.89778 3
      vertex 67.0357 2.84079 8.99
      vertex 67.2235 2.89778 8.99
    endloop
  endfacet
  facet normal -0.290385 0.95691 0
    outer loop
      vertex 67.0357 2.84079 8.99
      vertex 67.2235 2.89778 3
      vertex 67.0357 2.84079 3
    endloop
  endfacet
  facet normal 0.995156 0.0983089 0
    outer loop
      vertex 70.9936 0.196209 8.99
      vertex 70.9743 0.391578 3
      vertex 70.9743 0.391578 8.99
    endloop
  endfacet
  facet normal 0.995156 0.0983089 0
    outer loop
      vertex 70.9743 0.391578 3
      vertex 70.9936 0.196209 8.99
      vertex 70.9936 0.196209 3
    endloop
  endfacet
  facet normal 0.999468 0.0326009 0
    outer loop
      vertex 71 0 8.99
      vertex 70.9936 0.196209 3
      vertex 70.9936 0.196209 8.99
    endloop
  endfacet
  facet normal 0.999468 0.0326009 0
    outer loop
      vertex 70.9936 0.196209 3
      vertex 71 0 8.99
      vertex 71 0 3
    endloop
  endfacet
  facet normal 0.986708 0.162504 0
    outer loop
      vertex 70.9743 0.391578 8.99
      vertex 70.9424 0.585271 3
      vertex 70.9424 0.585271 8.99
    endloop
  endfacet
  facet normal 0.986708 0.162504 0
    outer loop
      vertex 70.9424 0.585271 3
      vertex 70.9743 0.391578 8.99
      vertex 70.9743 0.391578 3
    endloop
  endfacet
  facet normal 0.528102 -0.849181 0
    outer loop
      vertex 69.5 -2.59808 3
      vertex 69.6667 -2.49441 8.99
      vertex 69.5 -2.59808 8.99
    endloop
  endfacet
  facet normal 0.528102 -0.849181 0
    outer loop
      vertex 69.6667 -2.49441 8.99
      vertex 69.5 -2.59808 3
      vertex 69.6667 -2.49441 3
    endloop
  endfacet
  facet normal 0.471461 -0.881887 0
    outer loop
      vertex 69.3269 -2.69062 3
      vertex 69.5 -2.59808 8.99
      vertex 69.3269 -2.69062 8.99
    endloop
  endfacet
  facet normal 0.471461 -0.881887 0
    outer loop
      vertex 69.5 -2.59808 8.99
      vertex 69.3269 -2.69062 3
      vertex 69.5 -2.59808 3
    endloop
  endfacet
  facet normal 0.582418 -0.812889 0
    outer loop
      vertex 69.6667 -2.49441 3
      vertex 69.8263 -2.38006 8.99
      vertex 69.6667 -2.49441 8.99
    endloop
  endfacet
  facet normal 0.582418 -0.812889 0
    outer loop
      vertex 69.8263 -2.38006 8.99
      vertex 69.6667 -2.49441 3
      vertex 69.8263 -2.38006 3
    endloop
  endfacet
  facet normal 0.849127 0.528189 0
    outer loop
      vertex 70.5981 1.5 8.99
      vertex 70.4944 1.66671 3
      vertex 70.4944 1.66671 8.99
    endloop
  endfacet
  facet normal 0.849127 0.528189 0
    outer loop
      vertex 70.4944 1.66671 3
      vertex 70.5981 1.5 8.99
      vertex 70.5981 1.5 3
    endloop
  endfacet
  facet normal -0.0327042 -0.999465 0
    outer loop
      vertex 67.8038 -2.99358 3
      vertex 68 -3 8.99
      vertex 67.8038 -2.99358 8.99
    endloop
  endfacet
  facet normal -0.0327042 -0.999465 -0
    outer loop
      vertex 68 -3 8.99
      vertex 67.8038 -2.99358 3
      vertex 68 -3 3
    endloop
  endfacet
  facet normal 0.956922 -0.290345 0
    outer loop
      vertex 70.8408 -0.964318 8.99
      vertex 70.8978 -0.776457 3
      vertex 70.8978 -0.776457 8.99
    endloop
  endfacet
  facet normal 0.956922 -0.290345 0
    outer loop
      vertex 70.8978 -0.776457 3
      vertex 70.8408 -0.964318 8.99
      vertex 70.8408 -0.964318 3
    endloop
  endfacet
  facet normal 0.935825 0.352465 0
    outer loop
      vertex 70.8408 0.964318 8.99
      vertex 70.7716 1.14805 3
      vertex 70.7716 1.14805 8.99
    endloop
  endfacet
  facet normal 0.935825 0.352465 0
    outer loop
      vertex 70.7716 1.14805 3
      vertex 70.8408 0.964318 8.99
      vertex 70.8408 0.964318 3
    endloop
  endfacet
  facet normal 0.973853 0.227181 0
    outer loop
      vertex 70.9424 0.585271 8.99
      vertex 70.8978 0.776457 3
      vertex 70.8978 0.776457 8.99
    endloop
  endfacet
  facet normal 0.973853 0.227181 0
    outer loop
      vertex 70.8978 0.776457 3
      vertex 70.9424 0.585271 8.99
      vertex 70.9424 0.585271 3
    endloop
  endfacet
  facet normal -0.471461 -0.881887 0
    outer loop
      vertex 66.5 -2.59808 3
      vertex 66.6731 -2.69062 8.99
      vertex 66.5 -2.59808 8.99
    endloop
  endfacet
  facet normal -0.471461 -0.881887 -0
    outer loop
      vertex 66.6731 -2.69062 8.99
      vertex 66.5 -2.59808 3
      vertex 66.6731 -2.69062 3
    endloop
  endfacet
  facet normal -0.995156 0.0983089 0
    outer loop
      vertex 65.0064 0.196209 3
      vertex 65.0257 0.391578 8.99
      vertex 65.0257 0.391578 3
    endloop
  endfacet
  facet normal -0.995156 0.0983089 0
    outer loop
      vertex 65.0257 0.391578 8.99
      vertex 65.0064 0.196209 3
      vertex 65.0064 0.196209 8.99
    endloop
  endfacet
  facet normal -0.973853 0.227181 0
    outer loop
      vertex 65.0576 0.585271 3
      vertex 65.1022 0.776457 8.99
      vertex 65.1022 0.776457 3
    endloop
  endfacet
  facet normal -0.973853 0.227181 0
    outer loop
      vertex 65.1022 0.776457 8.99
      vertex 65.0576 0.585271 3
      vertex 65.0576 0.585271 8.99
    endloop
  endfacet
  facet normal 0.0327042 -0.999465 0
    outer loop
      vertex 68 -3 3
      vertex 68.1962 -2.99358 8.99
      vertex 68 -3 8.99
    endloop
  endfacet
  facet normal 0.0327042 -0.999465 0
    outer loop
      vertex 68.1962 -2.99358 8.99
      vertex 68 -3 3
      vertex 68.1962 -2.99358 3
    endloop
  endfacet
  facet normal 0.729855 0.683602 0
    outer loop
      vertex 70.2555 1.97804 8.99
      vertex 70.1213 2.12132 3
      vertex 70.1213 2.12132 8.99
    endloop
  endfacet
  facet normal 0.729855 0.683602 0
    outer loop
      vertex 70.1213 2.12132 3
      vertex 70.2555 1.97804 8.99
      vertex 70.2555 1.97804 3
    endloop
  endfacet
  facet normal -0.882006 0.471239 0
    outer loop
      vertex 65.3094 1.32687 3
      vertex 65.4019 1.5 8.99
      vertex 65.4019 1.5 3
    endloop
  endfacet
  facet normal -0.882006 0.471239 0
    outer loop
      vertex 65.4019 1.5 8.99
      vertex 65.3094 1.32687 3
      vertex 65.3094 1.32687 8.99
    endloop
  endfacet
  facet normal 0.582418 0.812889 -0
    outer loop
      vertex 69.8263 2.38006 3
      vertex 69.6667 2.49441 8.99
      vertex 69.8263 2.38006 8.99
    endloop
  endfacet
  facet normal 0.582418 0.812889 0
    outer loop
      vertex 69.6667 2.49441 8.99
      vertex 69.8263 2.38006 3
      vertex 69.6667 2.49441 3
    endloop
  endfacet
  facet normal -0.935825 -0.352465 0
    outer loop
      vertex 65.2284 -1.14805 3
      vertex 65.1592 -0.964318 8.99
      vertex 65.1592 -0.964318 3
    endloop
  endfacet
  facet normal -0.935825 -0.352465 0
    outer loop
      vertex 65.1592 -0.964318 8.99
      vertex 65.2284 -1.14805 3
      vertex 65.2284 -1.14805 8.99
    endloop
  endfacet
  facet normal -0.683551 0.729902 0
    outer loop
      vertex 66.022 2.25552 3
      vertex 65.8787 2.12132 8.99
      vertex 66.022 2.25552 8.99
    endloop
  endfacet
  facet normal -0.683551 0.729902 0
    outer loop
      vertex 65.8787 2.12132 8.99
      vertex 66.022 2.25552 3
      vertex 65.8787 2.12132 3
    endloop
  endfacet
  facet normal -0.849127 0.528189 0
    outer loop
      vertex 65.4019 1.5 3
      vertex 65.5056 1.66671 8.99
      vertex 65.5056 1.66671 3
    endloop
  endfacet
  facet normal -0.849127 0.528189 0
    outer loop
      vertex 65.5056 1.66671 8.99
      vertex 65.4019 1.5 3
      vertex 65.4019 1.5 8.99
    endloop
  endfacet
  facet normal 0.729855 -0.683602 0
    outer loop
      vertex 70.1213 -2.12132 8.99
      vertex 70.2555 -1.97804 3
      vertex 70.2555 -1.97804 8.99
    endloop
  endfacet
  facet normal 0.729855 -0.683602 0
    outer loop
      vertex 70.2555 -1.97804 3
      vertex 70.1213 -2.12132 8.99
      vertex 70.1213 -2.12132 3
    endloop
  endfacet
  facet normal -0.162846 -0.986652 0
    outer loop
      vertex 67.4147 -2.94236 3
      vertex 67.6084 -2.97433 8.99
      vertex 67.4147 -2.94236 8.99
    endloop
  endfacet
  facet normal -0.162846 -0.986652 -0
    outer loop
      vertex 67.6084 -2.97433 8.99
      vertex 67.4147 -2.94236 3
      vertex 67.6084 -2.97433 3
    endloop
  endfacet
  facet normal -0.849127 -0.528189 0
    outer loop
      vertex 65.5056 -1.66671 3
      vertex 65.4019 -1.5 8.99
      vertex 65.4019 -1.5 3
    endloop
  endfacet
  facet normal -0.849127 -0.528189 0
    outer loop
      vertex 65.4019 -1.5 8.99
      vertex 65.5056 -1.66671 3
      vertex 65.5056 -1.66671 8.99
    endloop
  endfacet
  facet normal -0.956922 -0.290345 0
    outer loop
      vertex 65.1592 -0.964318 3
      vertex 65.1022 -0.776457 8.99
      vertex 65.1022 -0.776457 3
    endloop
  endfacet
  facet normal -0.956922 -0.290345 0
    outer loop
      vertex 65.1022 -0.776457 8.99
      vertex 65.1592 -0.964318 3
      vertex 65.1592 -0.964318 8.99
    endloop
  endfacet
  facet normal 0.162846 -0.986652 0
    outer loop
      vertex 68.3916 -2.97433 3
      vertex 68.5853 -2.94236 8.99
      vertex 68.3916 -2.97433 8.99
    endloop
  endfacet
  facet normal 0.162846 -0.986652 0
    outer loop
      vertex 68.5853 -2.94236 8.99
      vertex 68.3916 -2.97433 3
      vertex 68.5853 -2.94236 3
    endloop
  endfacet
  facet normal -0.812958 0.582322 0
    outer loop
      vertex 65.5056 1.66671 3
      vertex 65.6199 1.82628 8.99
      vertex 65.6199 1.82628 3
    endloop
  endfacet
  facet normal -0.812958 0.582322 0
    outer loop
      vertex 65.6199 1.82628 8.99
      vertex 65.5056 1.66671 3
      vertex 65.5056 1.66671 8.99
    endloop
  endfacet
  facet normal 0.772876 0.634557 0
    outer loop
      vertex 70.3801 1.82628 8.99
      vertex 70.2555 1.97804 3
      vertex 70.2555 1.97804 8.99
    endloop
  endfacet
  facet normal 0.772876 0.634557 0
    outer loop
      vertex 70.2555 1.97804 3
      vertex 70.3801 1.82628 8.99
      vertex 70.3801 1.82628 3
    endloop
  endfacet
  facet normal -0.683551 -0.729902 0
    outer loop
      vertex 65.8787 -2.12132 3
      vertex 66.022 -2.25552 8.99
      vertex 65.8787 -2.12132 8.99
    endloop
  endfacet
  facet normal -0.683551 -0.729902 -0
    outer loop
      vertex 66.022 -2.25552 8.99
      vertex 65.8787 -2.12132 3
      vertex 66.022 -2.25552 3
    endloop
  endfacet
  facet normal -0.352296 0.935889 0
    outer loop
      vertex 67.0357 2.84079 3
      vertex 66.852 2.77164 8.99
      vertex 67.0357 2.84079 8.99
    endloop
  endfacet
  facet normal -0.352296 0.935889 0
    outer loop
      vertex 66.852 2.77164 8.99
      vertex 67.0357 2.84079 3
      vertex 66.852 2.77164 3
    endloop
  endfacet
  facet normal 0.352296 0.935889 -0
    outer loop
      vertex 69.148 2.77164 3
      vertex 68.9643 2.84079 8.99
      vertex 69.148 2.77164 8.99
    endloop
  endfacet
  facet normal 0.352296 0.935889 0
    outer loop
      vertex 68.9643 2.84079 8.99
      vertex 69.148 2.77164 3
      vertex 68.9643 2.84079 3
    endloop
  endfacet
  facet normal 0.0980413 -0.995182 0
    outer loop
      vertex 68.1962 -2.99358 3
      vertex 68.3916 -2.97433 8.99
      vertex 68.1962 -2.99358 8.99
    endloop
  endfacet
  facet normal 0.0980413 -0.995182 0
    outer loop
      vertex 68.3916 -2.97433 8.99
      vertex 68.1962 -2.99358 3
      vertex 68.3916 -2.97433 3
    endloop
  endfacet
  facet normal 0.528102 0.849181 -0
    outer loop
      vertex 69.6667 2.49441 3
      vertex 69.5 2.59808 8.99
      vertex 69.6667 2.49441 8.99
    endloop
  endfacet
  facet normal 0.528102 0.849181 0
    outer loop
      vertex 69.5 2.59808 8.99
      vertex 69.6667 2.49441 3
      vertex 69.5 2.59808 3
    endloop
  endfacet
  facet normal -0.995156 -0.0983089 0
    outer loop
      vertex 65.0257 -0.391578 3
      vertex 65.0064 -0.196209 8.99
      vertex 65.0064 -0.196209 3
    endloop
  endfacet
  facet normal -0.995156 -0.0983089 0
    outer loop
      vertex 65.0064 -0.196209 8.99
      vertex 65.0257 -0.391578 3
      vertex 65.0257 -0.391578 8.99
    endloop
  endfacet
  facet normal 0.986708 -0.162504 0
    outer loop
      vertex 70.9424 -0.585271 8.99
      vertex 70.9743 -0.391578 3
      vertex 70.9743 -0.391578 8.99
    endloop
  endfacet
  facet normal 0.986708 -0.162504 0
    outer loop
      vertex 70.9743 -0.391578 3
      vertex 70.9424 -0.585271 8.99
      vertex 70.9424 -0.585271 3
    endloop
  endfacet
  facet normal 0.812958 0.582322 0
    outer loop
      vertex 70.4944 1.66671 8.99
      vertex 70.3801 1.82628 3
      vertex 70.3801 1.82628 8.99
    endloop
  endfacet
  facet normal 0.812958 0.582322 0
    outer loop
      vertex 70.3801 1.82628 3
      vertex 70.4944 1.66671 8.99
      vertex 70.4944 1.66671 3
    endloop
  endfacet
  facet normal 0.634524 0.772903 -0
    outer loop
      vertex 69.978 2.25552 3
      vertex 69.8263 2.38006 8.99
      vertex 69.978 2.25552 8.99
    endloop
  endfacet
  facet normal 0.634524 0.772903 0
    outer loop
      vertex 69.8263 2.38006 8.99
      vertex 69.978 2.25552 3
      vertex 69.8263 2.38006 3
    endloop
  endfacet
  facet normal 0.849127 -0.528189 0
    outer loop
      vertex 70.4944 -1.66671 8.99
      vertex 70.5981 -1.5 3
      vertex 70.5981 -1.5 8.99
    endloop
  endfacet
  facet normal 0.849127 -0.528189 0
    outer loop
      vertex 70.5981 -1.5 3
      vertex 70.4944 -1.66671 8.99
      vertex 70.4944 -1.66671 3
    endloop
  endfacet
  facet normal 0.882006 0.471239 0
    outer loop
      vertex 70.6906 1.32687 8.99
      vertex 70.5981 1.5 3
      vertex 70.5981 1.5 8.99
    endloop
  endfacet
  facet normal 0.882006 0.471239 0
    outer loop
      vertex 70.5981 1.5 3
      vertex 70.6906 1.32687 8.99
      vertex 70.6906 1.32687 3
    endloop
  endfacet
  facet normal 0.910906 0.412613 0
    outer loop
      vertex 70.7716 1.14805 8.99
      vertex 70.6906 1.32687 3
      vertex 70.6906 1.32687 8.99
    endloop
  endfacet
  facet normal 0.910906 0.412613 0
    outer loop
      vertex 70.6906 1.32687 3
      vertex 70.7716 1.14805 8.99
      vertex 70.7716 1.14805 3
    endloop
  endfacet
  facet normal -0.528102 0.849181 0
    outer loop
      vertex 66.5 2.59808 3
      vertex 66.3333 2.49441 8.99
      vertex 66.5 2.59808 8.99
    endloop
  endfacet
  facet normal -0.528102 0.849181 0
    outer loop
      vertex 66.3333 2.49441 8.99
      vertex 66.5 2.59808 3
      vertex 66.3333 2.49441 3
    endloop
  endfacet
  facet normal 0.956922 0.290345 0
    outer loop
      vertex 70.8978 0.776457 8.99
      vertex 70.8408 0.964318 3
      vertex 70.8408 0.964318 8.99
    endloop
  endfacet
  facet normal 0.956922 0.290345 0
    outer loop
      vertex 70.8408 0.964318 3
      vertex 70.8978 0.776457 8.99
      vertex 70.8978 0.776457 3
    endloop
  endfacet
  facet normal 0.290385 -0.95691 0
    outer loop
      vertex 68.7765 -2.89778 3
      vertex 68.9643 -2.84079 8.99
      vertex 68.7765 -2.89778 8.99
    endloop
  endfacet
  facet normal 0.290385 -0.95691 0
    outer loop
      vertex 68.9643 -2.84079 8.99
      vertex 68.7765 -2.89778 3
      vertex 68.9643 -2.84079 3
    endloop
  endfacet
  facet normal 0.772876 -0.634557 0
    outer loop
      vertex 70.2555 -1.97804 8.99
      vertex 70.3801 -1.82628 3
      vertex 70.3801 -1.82628 8.99
    endloop
  endfacet
  facet normal 0.772876 -0.634557 0
    outer loop
      vertex 70.3801 -1.82628 3
      vertex 70.2555 -1.97804 8.99
      vertex 70.2555 -1.97804 3
    endloop
  endfacet
  facet normal 0.882006 -0.471239 0
    outer loop
      vertex 70.5981 -1.5 8.99
      vertex 70.6906 -1.32687 3
      vertex 70.6906 -1.32687 8.99
    endloop
  endfacet
  facet normal 0.882006 -0.471239 0
    outer loop
      vertex 70.6906 -1.32687 3
      vertex 70.5981 -1.5 8.99
      vertex 70.5981 -1.5 3
    endloop
  endfacet
  facet normal -0.634524 -0.772903 0
    outer loop
      vertex 66.022 -2.25552 3
      vertex 66.1737 -2.38006 8.99
      vertex 66.022 -2.25552 8.99
    endloop
  endfacet
  facet normal -0.634524 -0.772903 -0
    outer loop
      vertex 66.1737 -2.38006 8.99
      vertex 66.022 -2.25552 3
      vertex 66.1737 -2.38006 3
    endloop
  endfacet
  facet normal -0.0327042 0.999465 0
    outer loop
      vertex 68 3 3
      vertex 67.8038 2.99358 8.99
      vertex 68 3 8.99
    endloop
  endfacet
  facet normal -0.0327042 0.999465 0
    outer loop
      vertex 67.8038 2.99358 8.99
      vertex 68 3 3
      vertex 67.8038 2.99358 3
    endloop
  endfacet
  facet normal -0.973853 -0.227181 0
    outer loop
      vertex 65.1022 -0.776457 3
      vertex 65.0576 -0.585271 8.99
      vertex 65.0576 -0.585271 3
    endloop
  endfacet
  facet normal -0.973853 -0.227181 0
    outer loop
      vertex 65.0576 -0.585271 8.99
      vertex 65.1022 -0.776457 3
      vertex 65.1022 -0.776457 8.99
    endloop
  endfacet
  facet normal -0.729855 -0.683602 0
    outer loop
      vertex 65.8787 -2.12132 3
      vertex 65.7445 -1.97804 8.99
      vertex 65.7445 -1.97804 3
    endloop
  endfacet
  facet normal -0.729855 -0.683602 0
    outer loop
      vertex 65.7445 -1.97804 8.99
      vertex 65.8787 -2.12132 3
      vertex 65.8787 -2.12132 8.99
    endloop
  endfacet
  facet normal 0.973853 -0.227181 0
    outer loop
      vertex 70.8978 -0.776457 8.99
      vertex 70.9424 -0.585271 3
      vertex 70.9424 -0.585271 8.99
    endloop
  endfacet
  facet normal 0.973853 -0.227181 0
    outer loop
      vertex 70.9424 -0.585271 3
      vertex 70.8978 -0.776457 8.99
      vertex 70.8978 -0.776457 3
    endloop
  endfacet
  facet normal -0.935825 0.352465 0
    outer loop
      vertex 65.1592 0.964318 3
      vertex 65.2284 1.14805 8.99
      vertex 65.2284 1.14805 3
    endloop
  endfacet
  facet normal -0.935825 0.352465 0
    outer loop
      vertex 65.2284 1.14805 8.99
      vertex 65.1592 0.964318 3
      vertex 65.1592 0.964318 8.99
    endloop
  endfacet
  facet normal -0.162846 0.986652 0
    outer loop
      vertex 67.6084 2.97433 3
      vertex 67.4147 2.94236 8.99
      vertex 67.6084 2.97433 8.99
    endloop
  endfacet
  facet normal -0.162846 0.986652 0
    outer loop
      vertex 67.4147 2.94236 8.99
      vertex 67.6084 2.97433 3
      vertex 67.4147 2.94236 3
    endloop
  endfacet
  facet normal 0.352296 -0.935889 0
    outer loop
      vertex 68.9643 -2.84079 3
      vertex 69.148 -2.77164 8.99
      vertex 68.9643 -2.84079 8.99
    endloop
  endfacet
  facet normal 0.352296 -0.935889 0
    outer loop
      vertex 69.148 -2.77164 8.99
      vertex 68.9643 -2.84079 3
      vertex 69.148 -2.77164 3
    endloop
  endfacet
  facet normal -0.986708 -0.162504 0
    outer loop
      vertex 65.0576 -0.585271 3
      vertex 65.0257 -0.391578 8.99
      vertex 65.0257 -0.391578 3
    endloop
  endfacet
  facet normal -0.986708 -0.162504 0
    outer loop
      vertex 65.0257 -0.391578 8.99
      vertex 65.0576 -0.585271 3
      vertex 65.0576 -0.585271 8.99
    endloop
  endfacet
  facet normal 0.995156 -0.0983089 0
    outer loop
      vertex 70.9743 -0.391578 8.99
      vertex 70.9936 -0.196209 3
      vertex 70.9936 -0.196209 8.99
    endloop
  endfacet
  facet normal 0.995156 -0.0983089 0
    outer loop
      vertex 70.9936 -0.196209 3
      vertex 70.9743 -0.391578 8.99
      vertex 70.9743 -0.391578 3
    endloop
  endfacet
  facet normal -0.528102 -0.849181 0
    outer loop
      vertex 66.3333 -2.49441 3
      vertex 66.5 -2.59808 8.99
      vertex 66.3333 -2.49441 8.99
    endloop
  endfacet
  facet normal -0.528102 -0.849181 -0
    outer loop
      vertex 66.5 -2.59808 8.99
      vertex 66.3333 -2.49441 3
      vertex 66.5 -2.59808 3
    endloop
  endfacet
  facet normal -0.0980413 0.995182 0
    outer loop
      vertex 67.8038 2.99358 3
      vertex 67.6084 2.97433 8.99
      vertex 67.8038 2.99358 8.99
    endloop
  endfacet
  facet normal -0.0980413 0.995182 0
    outer loop
      vertex 67.6084 2.97433 8.99
      vertex 67.8038 2.99358 3
      vertex 67.6084 2.97433 3
    endloop
  endfacet
  facet normal 0.227069 0.973879 -0
    outer loop
      vertex 68.7765 2.89778 3
      vertex 68.5853 2.94236 8.99
      vertex 68.7765 2.89778 8.99
    endloop
  endfacet
  facet normal 0.227069 0.973879 0
    outer loop
      vertex 68.5853 2.94236 8.99
      vertex 68.7765 2.89778 3
      vertex 68.5853 2.94236 3
    endloop
  endfacet
  facet normal -0.0980413 -0.995182 0
    outer loop
      vertex 67.6084 -2.97433 3
      vertex 67.8038 -2.99358 8.99
      vertex 67.6084 -2.97433 8.99
    endloop
  endfacet
  facet normal -0.0980413 -0.995182 -0
    outer loop
      vertex 67.8038 -2.99358 8.99
      vertex 67.6084 -2.97433 3
      vertex 67.8038 -2.99358 3
    endloop
  endfacet
  facet normal 0.910906 -0.412613 0
    outer loop
      vertex 70.6906 -1.32687 8.99
      vertex 70.7716 -1.14805 3
      vertex 70.7716 -1.14805 8.99
    endloop
  endfacet
  facet normal 0.910906 -0.412613 0
    outer loop
      vertex 70.7716 -1.14805 3
      vertex 70.6906 -1.32687 8.99
      vertex 70.6906 -1.32687 3
    endloop
  endfacet
  facet normal 0.0980413 0.995182 -0
    outer loop
      vertex 68.3916 2.97433 3
      vertex 68.1962 2.99358 8.99
      vertex 68.3916 2.97433 8.99
    endloop
  endfacet
  facet normal 0.0980413 0.995182 0
    outer loop
      vertex 68.1962 2.99358 8.99
      vertex 68.3916 2.97433 3
      vertex 68.1962 2.99358 3
    endloop
  endfacet
  facet normal 0.812958 -0.582322 0
    outer loop
      vertex 70.3801 -1.82628 8.99
      vertex 70.4944 -1.66671 3
      vertex 70.4944 -1.66671 8.99
    endloop
  endfacet
  facet normal 0.812958 -0.582322 0
    outer loop
      vertex 70.4944 -1.66671 3
      vertex 70.3801 -1.82628 8.99
      vertex 70.3801 -1.82628 3
    endloop
  endfacet
  facet normal -0.634524 0.772903 0
    outer loop
      vertex 66.1737 2.38006 3
      vertex 66.022 2.25552 8.99
      vertex 66.1737 2.38006 8.99
    endloop
  endfacet
  facet normal -0.634524 0.772903 0
    outer loop
      vertex 66.022 2.25552 8.99
      vertex 66.1737 2.38006 3
      vertex 66.022 2.25552 3
    endloop
  endfacet
  facet normal 0.935825 -0.352465 0
    outer loop
      vertex 70.7716 -1.14805 8.99
      vertex 70.8408 -0.964318 3
      vertex 70.8408 -0.964318 8.99
    endloop
  endfacet
  facet normal 0.935825 -0.352465 0
    outer loop
      vertex 70.8408 -0.964318 3
      vertex 70.7716 -1.14805 8.99
      vertex 70.7716 -1.14805 3
    endloop
  endfacet
  facet normal -0.772876 -0.634557 0
    outer loop
      vertex 65.7445 -1.97804 3
      vertex 65.6199 -1.82628 8.99
      vertex 65.6199 -1.82628 3
    endloop
  endfacet
  facet normal -0.772876 -0.634557 0
    outer loop
      vertex 65.6199 -1.82628 8.99
      vertex 65.7445 -1.97804 3
      vertex 65.7445 -1.97804 8.99
    endloop
  endfacet
  facet normal 0.162846 0.986652 -0
    outer loop
      vertex 68.5853 2.94236 3
      vertex 68.3916 2.97433 8.99
      vertex 68.5853 2.94236 8.99
    endloop
  endfacet
  facet normal 0.162846 0.986652 0
    outer loop
      vertex 68.3916 2.97433 8.99
      vertex 68.5853 2.94236 3
      vertex 68.3916 2.97433 3
    endloop
  endfacet
  facet normal -0.812958 -0.582322 0
    outer loop
      vertex 65.6199 -1.82628 3
      vertex 65.5056 -1.66671 8.99
      vertex 65.5056 -1.66671 3
    endloop
  endfacet
  facet normal -0.812958 -0.582322 0
    outer loop
      vertex 65.5056 -1.66671 8.99
      vertex 65.6199 -1.82628 3
      vertex 65.6199 -1.82628 8.99
    endloop
  endfacet
  facet normal 0.471461 0.881887 -0
    outer loop
      vertex 69.5 2.59808 3
      vertex 69.3269 2.69062 8.99
      vertex 69.5 2.59808 8.99
    endloop
  endfacet
  facet normal 0.471461 0.881887 0
    outer loop
      vertex 69.3269 2.69062 8.99
      vertex 69.5 2.59808 3
      vertex 69.3269 2.69062 3
    endloop
  endfacet
  facet normal -0.412544 0.910938 0
    outer loop
      vertex 66.852 2.77164 3
      vertex 66.6731 2.69062 8.99
      vertex 66.852 2.77164 8.99
    endloop
  endfacet
  facet normal -0.412544 0.910938 0
    outer loop
      vertex 66.6731 2.69062 8.99
      vertex 66.852 2.77164 3
      vertex 66.6731 2.69062 3
    endloop
  endfacet
  facet normal -0.986708 0.162504 0
    outer loop
      vertex 65.0257 0.391578 3
      vertex 65.0576 0.585271 8.99
      vertex 65.0576 0.585271 3
    endloop
  endfacet
  facet normal -0.986708 0.162504 0
    outer loop
      vertex 65.0576 0.585271 8.99
      vertex 65.0257 0.391578 3
      vertex 65.0257 0.391578 8.99
    endloop
  endfacet
  facet normal -0.882006 -0.471239 0
    outer loop
      vertex 65.4019 -1.5 3
      vertex 65.3094 -1.32687 8.99
      vertex 65.3094 -1.32687 3
    endloop
  endfacet
  facet normal -0.882006 -0.471239 0
    outer loop
      vertex 65.3094 -1.32687 8.99
      vertex 65.4019 -1.5 3
      vertex 65.4019 -1.5 8.99
    endloop
  endfacet
  facet normal -0.910906 0.412613 0
    outer loop
      vertex 65.2284 1.14805 3
      vertex 65.3094 1.32687 8.99
      vertex 65.3094 1.32687 3
    endloop
  endfacet
  facet normal -0.910906 0.412613 0
    outer loop
      vertex 65.3094 1.32687 8.99
      vertex 65.2284 1.14805 3
      vertex 65.2284 1.14805 8.99
    endloop
  endfacet
  facet normal 0.0327042 0.999465 -0
    outer loop
      vertex 68.1962 2.99358 3
      vertex 68 3 8.99
      vertex 68.1962 2.99358 8.99
    endloop
  endfacet
  facet normal 0.0327042 0.999465 0
    outer loop
      vertex 68 3 8.99
      vertex 68.1962 2.99358 3
      vertex 68 3 3
    endloop
  endfacet
  facet normal 0.412544 -0.910938 0
    outer loop
      vertex 69.148 -2.77164 3
      vertex 69.3269 -2.69062 8.99
      vertex 69.148 -2.77164 8.99
    endloop
  endfacet
  facet normal 0.412544 -0.910938 0
    outer loop
      vertex 69.3269 -2.69062 8.99
      vertex 69.148 -2.77164 3
      vertex 69.3269 -2.69062 3
    endloop
  endfacet
  facet normal -0.910906 -0.412613 0
    outer loop
      vertex 65.3094 -1.32687 3
      vertex 65.2284 -1.14805 8.99
      vertex 65.2284 -1.14805 3
    endloop
  endfacet
  facet normal -0.910906 -0.412613 0
    outer loop
      vertex 65.2284 -1.14805 8.99
      vertex 65.3094 -1.32687 3
      vertex 65.3094 -1.32687 8.99
    endloop
  endfacet
  facet normal -0.227069 -0.973879 0
    outer loop
      vertex 67.2235 -2.89778 3
      vertex 67.4147 -2.94236 8.99
      vertex 67.2235 -2.89778 8.99
    endloop
  endfacet
  facet normal -0.227069 -0.973879 -0
    outer loop
      vertex 67.4147 -2.94236 8.99
      vertex 67.2235 -2.89778 3
      vertex 67.4147 -2.94236 3
    endloop
  endfacet
  facet normal 0.227069 -0.973879 0
    outer loop
      vertex 68.5853 -2.94236 3
      vertex 68.7765 -2.89778 8.99
      vertex 68.5853 -2.94236 8.99
    endloop
  endfacet
  facet normal 0.227069 -0.973879 0
    outer loop
      vertex 68.7765 -2.89778 8.99
      vertex 68.5853 -2.94236 3
      vertex 68.7765 -2.89778 3
    endloop
  endfacet
  facet normal 0.412544 0.910938 -0
    outer loop
      vertex 69.3269 2.69062 3
      vertex 69.148 2.77164 8.99
      vertex 69.3269 2.69062 8.99
    endloop
  endfacet
  facet normal 0.412544 0.910938 0
    outer loop
      vertex 69.148 2.77164 8.99
      vertex 69.3269 2.69062 3
      vertex 69.148 2.77164 3
    endloop
  endfacet
  facet normal 0.683551 0.729902 -0
    outer loop
      vertex 70.1213 2.12132 3
      vertex 69.978 2.25552 8.99
      vertex 70.1213 2.12132 8.99
    endloop
  endfacet
  facet normal 0.683551 0.729902 0
    outer loop
      vertex 69.978 2.25552 8.99
      vertex 70.1213 2.12132 3
      vertex 69.978 2.25552 3
    endloop
  endfacet
  facet normal -0.729855 0.683602 0
    outer loop
      vertex 65.7445 1.97804 3
      vertex 65.8787 2.12132 8.99
      vertex 65.8787 2.12132 3
    endloop
  endfacet
  facet normal -0.729855 0.683602 0
    outer loop
      vertex 65.8787 2.12132 8.99
      vertex 65.7445 1.97804 3
      vertex 65.7445 1.97804 8.99
    endloop
  endfacet
  facet normal -0.352296 -0.935889 0
    outer loop
      vertex 66.852 -2.77164 3
      vertex 67.0357 -2.84079 8.99
      vertex 66.852 -2.77164 8.99
    endloop
  endfacet
  facet normal -0.352296 -0.935889 -0
    outer loop
      vertex 67.0357 -2.84079 8.99
      vertex 66.852 -2.77164 3
      vertex 67.0357 -2.84079 3
    endloop
  endfacet
  facet normal -0.999468 -0.0326009 0
    outer loop
      vertex 65.0064 -0.196209 3
      vertex 65 0 8.99
      vertex 65 0 3
    endloop
  endfacet
  facet normal -0.999468 -0.0326009 0
    outer loop
      vertex 65 0 8.99
      vertex 65.0064 -0.196209 3
      vertex 65.0064 -0.196209 8.99
    endloop
  endfacet
  facet normal 0.634524 -0.772903 0
    outer loop
      vertex 69.8263 -2.38006 3
      vertex 69.978 -2.25552 8.99
      vertex 69.8263 -2.38006 8.99
    endloop
  endfacet
  facet normal 0.634524 -0.772903 0
    outer loop
      vertex 69.978 -2.25552 8.99
      vertex 69.8263 -2.38006 3
      vertex 69.978 -2.25552 3
    endloop
  endfacet
  facet normal 0.999468 -0.0326009 0
    outer loop
      vertex 70.9936 -0.196209 8.99
      vertex 71 0 3
      vertex 71 0 8.99
    endloop
  endfacet
  facet normal 0.999468 -0.0326009 0
    outer loop
      vertex 71 0 3
      vertex 70.9936 -0.196209 8.99
      vertex 70.9936 -0.196209 3
    endloop
  endfacet
  facet normal 0.683551 -0.729902 0
    outer loop
      vertex 69.978 -2.25552 3
      vertex 70.1213 -2.12132 8.99
      vertex 69.978 -2.25552 8.99
    endloop
  endfacet
  facet normal 0.683551 -0.729902 0
    outer loop
      vertex 70.1213 -2.12132 8.99
      vertex 69.978 -2.25552 3
      vertex 70.1213 -2.12132 3
    endloop
  endfacet
  facet normal 0.290385 0.95691 -0
    outer loop
      vertex 68.9643 2.84079 3
      vertex 68.7765 2.89778 8.99
      vertex 68.9643 2.84079 8.99
    endloop
  endfacet
  facet normal 0.290385 0.95691 0
    outer loop
      vertex 68.7765 2.89778 8.99
      vertex 68.9643 2.84079 3
      vertex 68.7765 2.89778 3
    endloop
  endfacet
  facet normal -0.772876 0.634557 0
    outer loop
      vertex 65.6199 1.82628 3
      vertex 65.7445 1.97804 8.99
      vertex 65.7445 1.97804 3
    endloop
  endfacet
  facet normal -0.772876 0.634557 0
    outer loop
      vertex 65.7445 1.97804 8.99
      vertex 65.6199 1.82628 3
      vertex 65.6199 1.82628 8.99
    endloop
  endfacet
  facet normal -0.227069 0.973879 0
    outer loop
      vertex 67.4147 2.94236 3
      vertex 67.2235 2.89778 8.99
      vertex 67.4147 2.94236 8.99
    endloop
  endfacet
  facet normal -0.227069 0.973879 0
    outer loop
      vertex 67.2235 2.89778 8.99
      vertex 67.4147 2.94236 3
      vertex 67.2235 2.89778 3
    endloop
  endfacet
  facet normal -0.582418 0.812889 0
    outer loop
      vertex 66.3333 2.49441 3
      vertex 66.1737 2.38006 8.99
      vertex 66.3333 2.49441 8.99
    endloop
  endfacet
  facet normal -0.582418 0.812889 0
    outer loop
      vertex 66.1737 2.38006 8.99
      vertex 66.3333 2.49441 3
      vertex 66.1737 2.38006 3
    endloop
  endfacet
  facet normal -0.412544 -0.910938 0
    outer loop
      vertex 66.6731 -2.69062 3
      vertex 66.852 -2.77164 8.99
      vertex 66.6731 -2.69062 8.99
    endloop
  endfacet
  facet normal -0.412544 -0.910938 -0
    outer loop
      vertex 66.852 -2.77164 8.99
      vertex 66.6731 -2.69062 3
      vertex 66.852 -2.77164 3
    endloop
  endfacet
  facet normal -0.999468 0.0326009 0
    outer loop
      vertex 65 0 3
      vertex 65.0064 0.196209 8.99
      vertex 65.0064 0.196209 3
    endloop
  endfacet
  facet normal -0.999468 0.0326009 0
    outer loop
      vertex 65.0064 0.196209 8.99
      vertex 65 0 3
      vertex 65 0 8.99
    endloop
  endfacet
  facet normal 0 0 1
    outer loop
      vertex 70.9936 0.196209 8.99
      vertex 70.9936 -0.196209 8.99
      vertex 71 0 8.99
    endloop
  endfacet
  facet normal 0 0 1
    outer loop
      vertex 70.9743 0.391578 8.99
      vertex 70.9936 -0.196209 8.99
      vertex 70.9936 0.196209 8.99
    endloop
  endfacet
  facet normal 0 0 1
    outer loop
      vertex 70.9743 0.391578 8.99
      vertex 70.9743 -0.391578 8.99
      vertex 70.9936 -0.196209 8.99
    endloop
  endfacet
  facet normal 0 0 1
    outer loop
      vertex 70.9424 0.585271 8.99
      vertex 70.9743 -0.391578 8.99
      vertex 70.9743 0.391578 8.99
    endloop
  endfacet
  facet normal 0 0 1
    outer loop
      vertex 70.9424 0.585271 8.99
      vertex 70.9424 -0.585271 8.99
      vertex 70.9743 -0.391578 8.99
    endloop
  endfacet
  facet normal 0 0 1
    outer loop
      vertex 70.8978 0.776457 8.99
      vertex 70.9424 -0.585271 8.99
      vertex 70.9424 0.585271 8.99
    endloop
  endfacet
  facet normal 0 0 1
    outer loop
      vertex 70.8978 0.776457 8.99
      vertex 70.8978 -0.776457 8.99
      vertex 70.9424 -0.585271 8.99
    endloop
  endfacet
  facet normal 0 0 1
    outer loop
      vertex 70.8408 0.964318 8.99
      vertex 70.8978 -0.776457 8.99
      vertex 70.8978 0.776457 8.99
    endloop
  endfacet
  facet normal 0 0 1
    outer loop
      vertex 70.8408 0.964318 8.99
      vertex 70.8408 -0.964318 8.99
      vertex 70.8978 -0.776457 8.99
    endloop
  endfacet
  facet normal 0 0 1
    outer loop
      vertex 70.7716 1.14805 8.99
      vertex 70.8408 -0.964318 8.99
      vertex 70.8408 0.964318 8.99
    endloop
  endfacet
  facet normal 0 0 1
    outer loop
      vertex 70.7716 1.14805 8.99
      vertex 70.7716 -1.14805 8.99
      vertex 70.8408 -0.964318 8.99
    endloop
  endfacet
  facet normal 0 0 1
    outer loop
      vertex 70.6906 1.32687 8.99
      vertex 70.7716 -1.14805 8.99
      vertex 70.7716 1.14805 8.99
    endloop
  endfacet
  facet normal 0 0 1
    outer loop
      vertex 70.6906 1.32687 8.99
      vertex 70.6906 -1.32687 8.99
      vertex 70.7716 -1.14805 8.99
    endloop
  endfacet
  facet normal 0 0 1
    outer loop
      vertex 70.5981 1.5 8.99
      vertex 70.6906 -1.32687 8.99
      vertex 70.6906 1.32687 8.99
    endloop
  endfacet
  facet normal 0 0 1
    outer loop
      vertex 70.5981 1.5 8.99
      vertex 70.5981 -1.5 8.99
      vertex 70.6906 -1.32687 8.99
    endloop
  endfacet
  facet normal 0 0 1
    outer loop
      vertex 70.4944 1.66671 8.99
      vertex 70.5981 -1.5 8.99
      vertex 70.5981 1.5 8.99
    endloop
  endfacet
  facet normal 0 0 1
    outer loop
      vertex 70.4944 1.66671 8.99
      vertex 70.4944 -1.66671 8.99
      vertex 70.5981 -1.5 8.99
    endloop
  endfacet
  facet normal 0 0 1
    outer loop
      vertex 70.3801 1.82628 8.99
      vertex 70.4944 -1.66671 8.99
      vertex 70.4944 1.66671 8.99
    endloop
  endfacet
  facet normal 0 0 1
    outer loop
      vertex 70.3801 1.82628 8.99
      vertex 70.3801 -1.82628 8.99
      vertex 70.4944 -1.66671 8.99
    endloop
  endfacet
  facet normal 0 0 1
    outer loop
      vertex 70.2555 1.97804 8.99
      vertex 70.3801 -1.82628 8.99
      vertex 70.3801 1.82628 8.99
    endloop
  endfacet
  facet normal 0 0 1
    outer loop
      vertex 70.2555 1.97804 8.99
      vertex 70.2555 -1.97804 8.99
      vertex 70.3801 -1.82628 8.99
    endloop
  endfacet
  facet normal 0 0 1
    outer loop
      vertex 70.1213 2.12132 8.99
      vertex 70.2555 -1.97804 8.99
      vertex 70.2555 1.97804 8.99
    endloop
  endfacet
  facet normal 0 0 1
    outer loop
      vertex 70.1213 2.12132 8.99
      vertex 70.1213 -2.12132 8.99
      vertex 70.2555 -1.97804 8.99
    endloop
  endfacet
  facet normal 0 0 1
    outer loop
      vertex 69.978 2.25552 8.99
      vertex 70.1213 -2.12132 8.99
      vertex 70.1213 2.12132 8.99
    endloop
  endfacet
  facet normal 0 0 1
    outer loop
      vertex 69.978 2.25552 8.99
      vertex 69.978 -2.25552 8.99
      vertex 70.1213 -2.12132 8.99
    endloop
  endfacet
  facet normal 0 0 1
    outer loop
      vertex 69.8263 2.38006 8.99
      vertex 69.978 -2.25552 8.99
      vertex 69.978 2.25552 8.99
    endloop
  endfacet
  facet normal 0 0 1
    outer loop
      vertex 69.8263 2.38006 8.99
      vertex 69.8263 -2.38006 8.99
      vertex 69.978 -2.25552 8.99
    endloop
  endfacet
  facet normal 0 0 1
    outer loop
      vertex 69.6667 2.49441 8.99
      vertex 69.8263 -2.38006 8.99
      vertex 69.8263 2.38006 8.99
    endloop
  endfacet
  facet normal 0 0 1
    outer loop
      vertex 69.6667 2.49441 8.99
      vertex 69.6667 -2.49441 8.99
      vertex 69.8263 -2.38006 8.99
    endloop
  endfacet
  facet normal 0 0 1
    outer loop
      vertex 69.5 2.59808 8.99
      vertex 69.6667 -2.49441 8.99
      vertex 69.6667 2.49441 8.99
    endloop
  endfacet
  facet normal 0 0 1
    outer loop
      vertex 69.5 2.59808 8.99
      vertex 69.5 -2.59808 8.99
      vertex 69.6667 -2.49441 8.99
    endloop
  endfacet
  facet normal 0 0 1
    outer loop
      vertex 69.3269 2.69062 8.99
      vertex 69.5 -2.59808 8.99
      vertex 69.5 2.59808 8.99
    endloop
  endfacet
  facet normal 0 0 1
    outer loop
      vertex 69.3269 2.69062 8.99
      vertex 69.3269 -2.69062 8.99
      vertex 69.5 -2.59808 8.99
    endloop
  endfacet
  facet normal 0 0 1
    outer loop
      vertex 69.148 2.77164 8.99
      vertex 69.3269 -2.69062 8.99
      vertex 69.3269 2.69062 8.99
    endloop
  endfacet
  facet normal 0 0 1
    outer loop
      vertex 69.148 2.77164 8.99
      vertex 69.148 -2.77164 8.99
      vertex 69.3269 -2.69062 8.99
    endloop
  endfacet
  facet normal 0 0 1
    outer loop
      vertex 68.9643 2.84079 8.99
      vertex 69.148 -2.77164 8.99
      vertex 69.148 2.77164 8.99
    endloop
  endfacet
  facet normal 0 0 1
    outer loop
      vertex 68.9643 2.84079 8.99
      vertex 68.9643 -2.84079 8.99
      vertex 69.148 -2.77164 8.99
    endloop
  endfacet
  facet normal 0 0 1
    outer loop
      vertex 68.7765 2.89778 8.99
      vertex 68.9643 -2.84079 8.99
      vertex 68.9643 2.84079 8.99
    endloop
  endfacet
  facet normal 0 0 1
    outer loop
      vertex 68.7765 2.89778 8.99
      vertex 68.7765 -2.89778 8.99
      vertex 68.9643 -2.84079 8.99
    endloop
  endfacet
  facet normal 0 0 1
    outer loop
      vertex 68.5853 2.94236 8.99
      vertex 68.7765 -2.89778 8.99
      vertex 68.7765 2.89778 8.99
    endloop
  endfacet
  facet normal 0 0 1
    outer loop
      vertex 68.5853 2.94236 8.99
      vertex 68.5853 -2.94236 8.99
      vertex 68.7765 -2.89778 8.99
    endloop
  endfacet
  facet normal 0 0 1
    outer loop
      vertex 68.3916 2.97433 8.99
      vertex 68.5853 -2.94236 8.99
      vertex 68.5853 2.94236 8.99
    endloop
  endfacet
  facet normal 0 0 1
    outer loop
      vertex 68.3916 2.97433 8.99
      vertex 68.3916 -2.97433 8.99
      vertex 68.5853 -2.94236 8.99
    endloop
  endfacet
  facet normal 0 0 1
    outer loop
      vertex 68.1962 2.99358 8.99
      vertex 68.3916 -2.97433 8.99
      vertex 68.3916 2.97433 8.99
    endloop
  endfacet
  facet normal 0 0 1
    outer loop
      vertex 68.1962 2.99358 8.99
      vertex 68.1962 -2.99358 8.99
      vertex 68.3916 -2.97433 8.99
    endloop
  endfacet
  facet normal 0 0 1
    outer loop
      vertex 68 3 8.99
      vertex 68.1962 -2.99358 8.99
      vertex 68.1962 2.99358 8.99
    endloop
  endfacet
  facet normal 0 0 1
    outer loop
      vertex 68 3 8.99
      vertex 68 -3 8.99
      vertex 68.1962 -2.99358 8.99
    endloop
  endfacet
  facet normal -0 0 1
    outer loop
      vertex 67.8038 2.99358 8.99
      vertex 68 -3 8.99
      vertex 68 3 8.99
    endloop
  endfacet
  facet normal 0 0 1
    outer loop
      vertex 67.8038 2.99358 8.99
      vertex 67.8038 -2.99358 8.99
      vertex 68 -3 8.99
    endloop
  endfacet
  facet normal -0 0 1
    outer loop
      vertex 67.6084 2.97433 8.99
      vertex 67.8038 -2.99358 8.99
      vertex 67.8038 2.99358 8.99
    endloop
  endfacet
  facet normal 0 0 1
    outer loop
      vertex 67.6084 2.97433 8.99
      vertex 67.6084 -2.97433 8.99
      vertex 67.8038 -2.99358 8.99
    endloop
  endfacet
  facet normal -0 0 1
    outer loop
      vertex 67.4147 2.94236 8.99
      vertex 67.6084 -2.97433 8.99
      vertex 67.6084 2.97433 8.99
    endloop
  endfacet
  facet normal 0 0 1
    outer loop
      vertex 67.4147 2.94236 8.99
      vertex 67.4147 -2.94236 8.99
      vertex 67.6084 -2.97433 8.99
    endloop
  endfacet
  facet normal -0 0 1
    outer loop
      vertex 67.2235 2.89778 8.99
      vertex 67.4147 -2.94236 8.99
      vertex 67.4147 2.94236 8.99
    endloop
  endfacet
  facet normal 0 0 1
    outer loop
      vertex 67.2235 2.89778 8.99
      vertex 67.2235 -2.89778 8.99
      vertex 67.4147 -2.94236 8.99
    endloop
  endfacet
  facet normal -0 0 1
    outer loop
      vertex 67.0357 2.84079 8.99
      vertex 67.2235 -2.89778 8.99
      vertex 67.2235 2.89778 8.99
    endloop
  endfacet
  facet normal 0 0 1
    outer loop
      vertex 67.0357 2.84079 8.99
      vertex 67.0357 -2.84079 8.99
      vertex 67.2235 -2.89778 8.99
    endloop
  endfacet
  facet normal -0 0 1
    outer loop
      vertex 66.852 2.77164 8.99
      vertex 67.0357 -2.84079 8.99
      vertex 67.0357 2.84079 8.99
    endloop
  endfacet
  facet normal 0 0 1
    outer loop
      vertex 66.852 2.77164 8.99
      vertex 66.852 -2.77164 8.99
      vertex 67.0357 -2.84079 8.99
    endloop
  endfacet
  facet normal -0 0 1
    outer loop
      vertex 66.6731 2.69062 8.99
      vertex 66.852 -2.77164 8.99
      vertex 66.852 2.77164 8.99
    endloop
  endfacet
  facet normal 0 0 1
    outer loop
      vertex 66.6731 2.69062 8.99
      vertex 66.6731 -2.69062 8.99
      vertex 66.852 -2.77164 8.99
    endloop
  endfacet
  facet normal -0 0 1
    outer loop
      vertex 66.5 2.59808 8.99
      vertex 66.6731 -2.69062 8.99
      vertex 66.6731 2.69062 8.99
    endloop
  endfacet
  facet normal 0 0 1
    outer loop
      vertex 66.5 2.59808 8.99
      vertex 66.5 -2.59808 8.99
      vertex 66.6731 -2.69062 8.99
    endloop
  endfacet
  facet normal -0 0 1
    outer loop
      vertex 66.3333 2.49441 8.99
      vertex 66.5 -2.59808 8.99
      vertex 66.5 2.59808 8.99
    endloop
  endfacet
  facet normal 0 0 1
    outer loop
      vertex 66.3333 2.49441 8.99
      vertex 66.3333 -2.49441 8.99
      vertex 66.5 -2.59808 8.99
    endloop
  endfacet
  facet normal -0 0 1
    outer loop
      vertex 66.1737 2.38006 8.99
      vertex 66.3333 -2.49441 8.99
      vertex 66.3333 2.49441 8.99
    endloop
  endfacet
  facet normal 0 0 1
    outer loop
      vertex 66.1737 2.38006 8.99
      vertex 66.1737 -2.38006 8.99
      vertex 66.3333 -2.49441 8.99
    endloop
  endfacet
  facet normal -0 0 1
    outer loop
      vertex 66.022 2.25552 8.99
      vertex 66.1737 -2.38006 8.99
      vertex 66.1737 2.38006 8.99
    endloop
  endfacet
  facet normal 0 0 1
    outer loop
      vertex 66.022 2.25552 8.99
      vertex 66.022 -2.25552 8.99
      vertex 66.1737 -2.38006 8.99
    endloop
  endfacet
  facet normal -0 0 1
    outer loop
      vertex 65.8787 2.12132 8.99
      vertex 66.022 -2.25552 8.99
      vertex 66.022 2.25552 8.99
    endloop
  endfacet
  facet normal 0 0 1
    outer loop
      vertex 65.8787 2.12132 8.99
      vertex 65.8787 -2.12132 8.99
      vertex 66.022 -2.25552 8.99
    endloop
  endfacet
  facet normal -0 0 1
    outer loop
      vertex 65.7445 1.97804 8.99
      vertex 65.8787 -2.12132 8.99
      vertex 65.8787 2.12132 8.99
    endloop
  endfacet
  facet normal 0 0 1
    outer loop
      vertex 65.7445 1.97804 8.99
      vertex 65.7445 -1.97804 8.99
      vertex 65.8787 -2.12132 8.99
    endloop
  endfacet
  facet normal -0 0 1
    outer loop
      vertex 65.6199 1.82628 8.99
      vertex 65.7445 -1.97804 8.99
      vertex 65.7445 1.97804 8.99
    endloop
  endfacet
  facet normal 0 0 1
    outer loop
      vertex 65.6199 1.82628 8.99
      vertex 65.6199 -1.82628 8.99
      vertex 65.7445 -1.97804 8.99
    endloop
  endfacet
  facet normal -0 0 1
    outer loop
      vertex 65.5056 1.66671 8.99
      vertex 65.6199 -1.82628 8.99
      vertex 65.6199 1.82628 8.99
    endloop
  endfacet
  facet normal 0 0 1
    outer loop
      vertex 65.5056 1.66671 8.99
      vertex 65.5056 -1.66671 8.99
      vertex 65.6199 -1.82628 8.99
    endloop
  endfacet
  facet normal -0 0 1
    outer loop
      vertex 65.4019 1.5 8.99
      vertex 65.5056 -1.66671 8.99
      vertex 65.5056 1.66671 8.99
    endloop
  endfacet
  facet normal 0 0 1
    outer loop
      vertex 65.4019 1.5 8.99
      vertex 65.4019 -1.5 8.99
      vertex 65.5056 -1.66671 8.99
    endloop
  endfacet
  facet normal -0 0 1
    outer loop
      vertex 65.3094 1.32687 8.99
      vertex 65.4019 -1.5 8.99
      vertex 65.4019 1.5 8.99
    endloop
  endfacet
  facet normal 0 0 1
    outer loop
      vertex 65.3094 1.32687 8.99
      vertex 65.3094 -1.32687 8.99
      vertex 65.4019 -1.5 8.99
    endloop
  endfacet
  facet normal -0 0 1
    outer loop
      vertex 65.2284 1.14805 8.99
      vertex 65.3094 -1.32687 8.99
      vertex 65.3094 1.32687 8.99
    endloop
  endfacet
  facet normal 0 0 1
    outer loop
      vertex 65.2284 1.14805 8.99
      vertex 65.2284 -1.14805 8.99
      vertex 65.3094 -1.32687 8.99
    endloop
  endfacet
  facet normal -0 0 1
    outer loop
      vertex 65.1592 0.964318 8.99
      vertex 65.2284 -1.14805 8.99
      vertex 65.2284 1.14805 8.99
    endloop
  endfacet
  facet normal 0 0 1
    outer loop
      vertex 65.1592 0.964318 8.99
      vertex 65.1592 -0.964318 8.99
      vertex 65.2284 -1.14805 8.99
    endloop
  endfacet
  facet normal -0 0 1
    outer loop
      vertex 65.1022 0.776457 8.99
      vertex 65.1592 -0.964318 8.99
      vertex 65.1592 0.964318 8.99
    endloop
  endfacet
  facet normal 0 0 1
    outer loop
      vertex 65.1022 0.776457 8.99
      vertex 65.1022 -0.776457 8.99
      vertex 65.1592 -0.964318 8.99
    endloop
  endfacet
  facet normal -0 0 1
    outer loop
      vertex 65.0576 0.585271 8.99
      vertex 65.1022 -0.776457 8.99
      vertex 65.1022 0.776457 8.99
    endloop
  endfacet
  facet normal 0 0 1
    outer loop
      vertex 65.0576 0.585271 8.99
      vertex 65.0576 -0.585271 8.99
      vertex 65.1022 -0.776457 8.99
    endloop
  endfacet
  facet normal -0 0 1
    outer loop
      vertex 65.0257 0.391578 8.99
      vertex 65.0576 -0.585271 8.99
      vertex 65.0576 0.585271 8.99
    endloop
  endfacet
  facet normal 0 0 1
    outer loop
      vertex 65.0257 0.391578 8.99
      vertex 65.0257 -0.391578 8.99
      vertex 65.0576 -0.585271 8.99
    endloop
  endfacet
  facet normal -0 0 1
    outer loop
      vertex 65.0064 0.196209 8.99
      vertex 65.0257 -0.391578 8.99
      vertex 65.0257 0.391578 8.99
    endloop
  endfacet
  facet normal 0 0 1
    outer loop
      vertex 65.0064 0.196209 8.99
      vertex 65.0064 -0.196209 8.99
      vertex 65.0257 -0.391578 8.99
    endloop
  endfacet
  facet normal 0 -0 1
    outer loop
      vertex 65.0064 -0.196209 8.99
      vertex 65.0064 0.196209 8.99
      vertex 65 0 8.99
    endloop
  endfacet
  facet normal -0.290385 -0.95691 0
    outer loop
      vertex 67.0357 -2.84079 3
      vertex 67.2235 -2.89778 8.99
      vertex 67.0357 -2.84079 8.99
    endloop
  endfacet
  facet normal -0.290385 -0.95691 -0
    outer loop
      vertex 67.2235 -2.89778 8.99
      vertex 67.0357 -2.84079 3
      vertex 67.2235 -2.89778 3
    endloop
  endfacet
  facet normal -0.956922 0.290345 0
    outer loop
      vertex 65.1022 0.776457 3
      vertex 65.1592 0.964318 8.99
      vertex 65.1592 0.964318 3
    endloop
  endfacet
  facet normal -0.956922 0.290345 0
    outer loop
      vertex 65.1592 0.964318 8.99
      vertex 65.1022 0.776457 3
      vertex 65.1022 0.776457 8.99
    endloop
  endfacet
  facet normal -0.471461 0.881887 0
    outer loop
      vertex 66.6731 2.69062 3
      vertex 66.5 2.59808 8.99
      vertex 66.6731 2.69062 8.99
    endloop
  endfacet
  facet normal -0.471461 0.881887 0
    outer loop
      vertex 66.5 2.59808 8.99
      vertex 66.6731 2.69062 3
      vertex 66.5 2.59808 3
    endloop
  endfacet
  facet normal -0.582418 -0.812889 0
    outer loop
      vertex 66.1737 -2.38006 3
      vertex 66.3333 -2.49441 8.99
      vertex 66.1737 -2.38006 8.99
    endloop
  endfacet
  facet normal -0.582418 -0.812889 -0
    outer loop
      vertex 66.3333 -2.49441 8.99
      vertex 66.1737 -2.38006 3
      vertex 66.3333 -2.49441 3
    endloop
  endfacet
endsolid OpenSCAD_Model
