solid OpenSCAD_Model
  facet normal -0.999464 0.0327379 0
    outer loop
      vertex 25.9443 -1.70048 0
      vertex 26 0 3
      vertex 26 0 0
    endloop
  endfacet
  facet normal -0.999464 0.0327379 0
    outer loop
      vertex 26 0 3
      vertex 25.9443 -1.70048 0
      vertex 25.9443 -1.70048 3
    endloop
  endfacet
  facet normal -0.995188 -0.0979789 0
    outer loop
      vertex 25.9443 1.70048 0
      vertex 25.7776 3.39368 3
      vertex 25.7776 3.39368 0
    endloop
  endfacet
  facet normal -0.995188 -0.0979789 0
    outer loop
      vertex 25.7776 3.39368 3
      vertex 25.9443 1.70048 0
      vertex 25.9443 1.70048 3
    endloop
  endfacet
  facet normal -0.999464 -0.0327379 0
    outer loop
      vertex 26 0 0
      vertex 25.9443 1.70048 3
      vertex 25.9443 1.70048 0
    endloop
  endfacet
  facet normal -0.999464 -0.0327379 0
    outer loop
      vertex 25.9443 1.70048 3
      vertex 26 0 0
      vertex 26 0 3
    endloop
  endfacet
  facet normal 0.582461 0.812859 -0
    outer loop
      vertex -14.4448 -21.6182 0
      vertex -15.8278 -20.6272 3
      vertex -14.4448 -21.6182 3
    endloop
  endfacet
  facet normal 0.582461 0.812859 0
    outer loop
      vertex -15.8278 -20.6272 3
      vertex -14.4448 -21.6182 0
      vertex -15.8278 -20.6272 0
    endloop
  endfacet
  facet normal -0.41272 0.910858 0
    outer loop
      vertex 11.4995 -23.3187 0
      vertex 9.94977 -24.0209 3
      vertex 11.4995 -23.3187 3
    endloop
  endfacet
  facet normal -0.41272 0.910858 0
    outer loop
      vertex 9.94977 -24.0209 3
      vertex 11.4995 -23.3187 0
      vertex 9.94977 -24.0209 0
    endloop
  endfacet
  facet normal 0.935909 0.352243 0
    outer loop
      vertex -24.0209 -9.94977 3
      vertex -24.6202 -8.35743 0
      vertex -24.6202 -8.35743 3
    endloop
  endfacet
  facet normal 0.935909 0.352243 0
    outer loop
      vertex -24.6202 -8.35743 0
      vertex -24.0209 -9.94977 3
      vertex -24.0209 -9.94977 0
    endloop
  endfacet
  facet normal -0.528096 0.849185 0
    outer loop
      vertex 14.4448 -21.6182 0
      vertex 13 -22.5167 3
      vertex 14.4448 -21.6182 3
    endloop
  endfacet
  facet normal -0.528096 0.849185 0
    outer loop
      vertex 13 -22.5167 3
      vertex 14.4448 -21.6182 0
      vertex 13 -22.5167 0
    endloop
  endfacet
  facet normal 0.227052 -0.973883 0
    outer loop
      vertex -6.72929 25.1141 0
      vertex -5.07235 25.5004 3
      vertex -6.72929 25.1141 3
    endloop
  endfacet
  facet normal 0.227052 -0.973883 0
    outer loop
      vertex -5.07235 25.5004 3
      vertex -6.72929 25.1141 0
      vertex -5.07235 25.5004 0
    endloop
  endfacet
  facet normal -0.471381 -0.88193 0
    outer loop
      vertex 11.4995 23.3187 0
      vertex 13 22.5167 3
      vertex 11.4995 23.3187 3
    endloop
  endfacet
  facet normal -0.471381 -0.88193 -0
    outer loop
      vertex 13 22.5167 3
      vertex 11.4995 23.3187 0
      vertex 13 22.5167 0
    endloop
  endfacet
  facet normal 0.162924 0.986639 -0
    outer loop
      vertex -3.39368 -25.7776 0
      vertex -5.07235 -25.5004 3
      vertex -3.39368 -25.7776 3
    endloop
  endfacet
  facet normal 0.162924 0.986639 0
    outer loop
      vertex -5.07235 -25.5004 3
      vertex -3.39368 -25.7776 0
      vertex -5.07235 -25.5004 0
    endloop
  endfacet
  facet normal -0.0327379 0.999464 0
    outer loop
      vertex 1.70048 -25.9443 0
      vertex 0 -26 3
      vertex 1.70048 -25.9443 3
    endloop
  endfacet
  facet normal -0.0327379 0.999464 0
    outer loop
      vertex 0 -26 3
      vertex 1.70048 -25.9443 0
      vertex 0 -26 0
    endloop
  endfacet
  facet normal -0.162924 0.986639 0
    outer loop
      vertex 5.07235 -25.5004 0
      vertex 3.39368 -25.7776 3
      vertex 5.07235 -25.5004 3
    endloop
  endfacet
  facet normal -0.162924 0.986639 0
    outer loop
      vertex 3.39368 -25.7776 3
      vertex 5.07235 -25.5004 0
      vertex 3.39368 -25.7776 0
    endloop
  endfacet
  facet normal -0.162924 -0.986639 0
    outer loop
      vertex 3.39368 25.7776 0
      vertex 5.07235 25.5004 3
      vertex 3.39368 25.7776 3
    endloop
  endfacet
  facet normal -0.162924 -0.986639 -0
    outer loop
      vertex 5.07235 25.5004 3
      vertex 3.39368 25.7776 0
      vertex 5.07235 25.5004 0
    endloop
  endfacet
  facet normal 0.352243 0.935909 -0
    outer loop
      vertex -8.35743 -24.6202 0
      vertex -9.94977 -24.0209 3
      vertex -8.35743 -24.6202 3
    endloop
  endfacet
  facet normal 0.352243 0.935909 0
    outer loop
      vertex -9.94977 -24.0209 3
      vertex -8.35743 -24.6202 0
      vertex -9.94977 -24.0209 0
    endloop
  endfacet
  facet normal -0.935909 0.352243 0
    outer loop
      vertex 24.0209 -9.94977 0
      vertex 24.6202 -8.35743 3
      vertex 24.6202 -8.35743 0
    endloop
  endfacet
  facet normal -0.935909 0.352243 0
    outer loop
      vertex 24.6202 -8.35743 3
      vertex 24.0209 -9.94977 0
      vertex 24.0209 -9.94977 3
    endloop
  endfacet
  facet normal 0.634408 0.772998 -0
    outer loop
      vertex -15.8278 -20.6272 0
      vertex -17.143 -19.5478 3
      vertex -15.8278 -20.6272 3
    endloop
  endfacet
  facet normal 0.634408 0.772998 0
    outer loop
      vertex -17.143 -19.5478 3
      vertex -15.8278 -20.6272 0
      vertex -17.143 -19.5478 0
    endloop
  endfacet
  facet normal -0.935909 -0.352243 0
    outer loop
      vertex 24.6202 8.35743 0
      vertex 24.0209 9.94977 3
      vertex 24.0209 9.94977 0
    endloop
  endfacet
  facet normal -0.935909 -0.352243 0
    outer loop
      vertex 24.0209 9.94977 3
      vertex 24.6202 8.35743 0
      vertex 24.6202 8.35743 3
    endloop
  endfacet
  facet normal -0.582461 -0.812859 0
    outer loop
      vertex 14.4448 21.6182 0
      vertex 15.8278 20.6272 3
      vertex 14.4448 21.6182 3
    endloop
  endfacet
  facet normal -0.582461 -0.812859 -0
    outer loop
      vertex 15.8278 20.6272 3
      vertex 14.4448 21.6182 0
      vertex 15.8278 20.6272 0
    endloop
  endfacet
  facet normal 0.729885 -0.68357 0
    outer loop
      vertex -19.5478 17.143 3
      vertex -18.3848 18.3848 0
      vertex -18.3848 18.3848 3
    endloop
  endfacet
  facet normal 0.729885 -0.68357 0
    outer loop
      vertex -18.3848 18.3848 0
      vertex -19.5478 17.143 3
      vertex -19.5478 17.143 0
    endloop
  endfacet
  facet normal -0.910858 0.41272 0
    outer loop
      vertex 23.3187 -11.4995 0
      vertex 24.0209 -9.94977 3
      vertex 24.0209 -9.94977 0
    endloop
  endfacet
  facet normal -0.910858 0.41272 0
    outer loop
      vertex 24.0209 -9.94977 3
      vertex 23.3187 -11.4995 0
      vertex 23.3187 -11.4995 3
    endloop
  endfacet
  facet normal 0.995188 0.0979789 0
    outer loop
      vertex -25.7776 -3.39368 3
      vertex -25.9443 -1.70048 0
      vertex -25.9443 -1.70048 3
    endloop
  endfacet
  facet normal 0.995188 0.0979789 0
    outer loop
      vertex -25.9443 -1.70048 0
      vertex -25.7776 -3.39368 3
      vertex -25.7776 -3.39368 0
    endloop
  endfacet
  facet normal -0.41272 -0.910858 0
    outer loop
      vertex 9.94977 24.0209 0
      vertex 11.4995 23.3187 3
      vertex 9.94977 24.0209 3
    endloop
  endfacet
  facet normal -0.41272 -0.910858 -0
    outer loop
      vertex 11.4995 23.3187 3
      vertex 9.94977 24.0209 0
      vertex 11.4995 23.3187 0
    endloop
  endfacet
  facet normal 0.0979789 -0.995188 0
    outer loop
      vertex -3.39368 25.7776 0
      vertex -1.70048 25.9443 3
      vertex -3.39368 25.7776 3
    endloop
  endfacet
  facet normal 0.0979789 -0.995188 0
    outer loop
      vertex -1.70048 25.9443 3
      vertex -3.39368 25.7776 0
      vertex -1.70048 25.9443 0
    endloop
  endfacet
  facet normal 0.41272 -0.910858 0
    outer loop
      vertex -11.4995 23.3187 0
      vertex -9.94977 24.0209 3
      vertex -11.4995 23.3187 3
    endloop
  endfacet
  facet normal 0.41272 -0.910858 0
    outer loop
      vertex -9.94977 24.0209 3
      vertex -11.4995 23.3187 0
      vertex -9.94977 24.0209 0
    endloop
  endfacet
  facet normal 0.352243 -0.935909 0
    outer loop
      vertex -9.94977 24.0209 0
      vertex -8.35743 24.6202 3
      vertex -9.94977 24.0209 3
    endloop
  endfacet
  facet normal 0.352243 -0.935909 0
    outer loop
      vertex -8.35743 24.6202 3
      vertex -9.94977 24.0209 0
      vertex -8.35743 24.6202 0
    endloop
  endfacet
  facet normal 0.849185 0.528096 0
    outer loop
      vertex -21.6182 -14.4448 3
      vertex -22.5167 -13 0
      vertex -22.5167 -13 3
    endloop
  endfacet
  facet normal 0.849185 0.528096 0
    outer loop
      vertex -22.5167 -13 0
      vertex -21.6182 -14.4448 3
      vertex -21.6182 -14.4448 0
    endloop
  endfacet
  facet normal 0.29029 -0.956939 0
    outer loop
      vertex -8.35743 24.6202 0
      vertex -6.72929 25.1141 3
      vertex -8.35743 24.6202 3
    endloop
  endfacet
  facet normal 0.29029 -0.956939 0
    outer loop
      vertex -6.72929 25.1141 3
      vertex -8.35743 24.6202 0
      vertex -6.72929 25.1141 0
    endloop
  endfacet
  facet normal -0.910858 -0.41272 0
    outer loop
      vertex 24.0209 9.94977 0
      vertex 23.3187 11.4995 3
      vertex 23.3187 11.4995 0
    endloop
  endfacet
  facet normal -0.910858 -0.41272 0
    outer loop
      vertex 23.3187 11.4995 3
      vertex 24.0209 9.94977 0
      vertex 24.0209 9.94977 3
    endloop
  endfacet
  facet normal 0.471381 -0.88193 0
    outer loop
      vertex -13 22.5167 0
      vertex -11.4995 23.3187 3
      vertex -13 22.5167 3
    endloop
  endfacet
  facet normal 0.471381 -0.88193 0
    outer loop
      vertex -11.4995 23.3187 3
      vertex -13 22.5167 0
      vertex -11.4995 23.3187 0
    endloop
  endfacet
  facet normal -0.68357 0.729885 0
    outer loop
      vertex 18.3848 -18.3848 0
      vertex 17.143 -19.5478 3
      vertex 18.3848 -18.3848 3
    endloop
  endfacet
  facet normal -0.68357 0.729885 0
    outer loop
      vertex 17.143 -19.5478 3
      vertex 18.3848 -18.3848 0
      vertex 17.143 -19.5478 0
    endloop
  endfacet
  facet normal 0.956939 0.29029 0
    outer loop
      vertex -24.6202 -8.35743 3
      vertex -25.1141 -6.72929 0
      vertex -25.1141 -6.72929 3
    endloop
  endfacet
  facet normal 0.956939 0.29029 0
    outer loop
      vertex -25.1141 -6.72929 0
      vertex -24.6202 -8.35743 3
      vertex -24.6202 -8.35743 0
    endloop
  endfacet
  facet normal -0.729885 0.68357 0
    outer loop
      vertex 18.3848 -18.3848 0
      vertex 19.5478 -17.143 3
      vertex 19.5478 -17.143 0
    endloop
  endfacet
  facet normal -0.729885 0.68357 0
    outer loop
      vertex 19.5478 -17.143 3
      vertex 18.3848 -18.3848 0
      vertex 18.3848 -18.3848 3
    endloop
  endfacet
  facet normal 0.956939 -0.29029 0
    outer loop
      vertex -25.1141 6.72929 3
      vertex -24.6202 8.35743 0
      vertex -24.6202 8.35743 3
    endloop
  endfacet
  facet normal 0.956939 -0.29029 0
    outer loop
      vertex -24.6202 8.35743 0
      vertex -25.1141 6.72929 3
      vertex -25.1141 6.72929 0
    endloop
  endfacet
  facet normal 0.849185 -0.528096 0
    outer loop
      vertex -22.5167 13 3
      vertex -21.6182 14.4448 0
      vertex -21.6182 14.4448 3
    endloop
  endfacet
  facet normal 0.849185 -0.528096 0
    outer loop
      vertex -21.6182 14.4448 0
      vertex -22.5167 13 3
      vertex -22.5167 13 0
    endloop
  endfacet
  facet normal 0.528096 -0.849185 0
    outer loop
      vertex -14.4448 21.6182 0
      vertex -13 22.5167 3
      vertex -14.4448 21.6182 3
    endloop
  endfacet
  facet normal 0.528096 -0.849185 0
    outer loop
      vertex -13 22.5167 3
      vertex -14.4448 21.6182 0
      vertex -13 22.5167 0
    endloop
  endfacet
  facet normal -0.812859 -0.582461 0
    outer loop
      vertex 21.6182 14.4448 0
      vertex 20.6272 15.8278 3
      vertex 20.6272 15.8278 0
    endloop
  endfacet
  facet normal -0.812859 -0.582461 0
    outer loop
      vertex 20.6272 15.8278 3
      vertex 21.6182 14.4448 0
      vertex 21.6182 14.4448 3
    endloop
  endfacet
  facet normal -0.986639 -0.162924 0
    outer loop
      vertex 25.7776 3.39368 0
      vertex 25.5004 5.07235 3
      vertex 25.5004 5.07235 0
    endloop
  endfacet
  facet normal -0.986639 -0.162924 0
    outer loop
      vertex 25.5004 5.07235 3
      vertex 25.7776 3.39368 0
      vertex 25.7776 3.39368 3
    endloop
  endfacet
  facet normal 0.162924 -0.986639 0
    outer loop
      vertex -5.07235 25.5004 0
      vertex -3.39368 25.7776 3
      vertex -5.07235 25.5004 3
    endloop
  endfacet
  facet normal 0.162924 -0.986639 0
    outer loop
      vertex -3.39368 25.7776 3
      vertex -5.07235 25.5004 0
      vertex -3.39368 25.7776 0
    endloop
  endfacet
  facet normal -0.29029 0.956939 0
    outer loop
      vertex 8.35743 -24.6202 0
      vertex 6.72929 -25.1141 3
      vertex 8.35743 -24.6202 3
    endloop
  endfacet
  facet normal -0.29029 0.956939 0
    outer loop
      vertex 6.72929 -25.1141 3
      vertex 8.35743 -24.6202 0
      vertex 6.72929 -25.1141 0
    endloop
  endfacet
  facet normal -0.986639 0.162924 0
    outer loop
      vertex 25.5004 -5.07235 0
      vertex 25.7776 -3.39368 3
      vertex 25.7776 -3.39368 0
    endloop
  endfacet
  facet normal -0.986639 0.162924 0
    outer loop
      vertex 25.7776 -3.39368 3
      vertex 25.5004 -5.07235 0
      vertex 25.5004 -5.07235 3
    endloop
  endfacet
  facet normal 0.68357 0.729885 -0
    outer loop
      vertex -17.143 -19.5478 0
      vertex -18.3848 -18.3848 3
      vertex -17.143 -19.5478 3
    endloop
  endfacet
  facet normal 0.68357 0.729885 0
    outer loop
      vertex -18.3848 -18.3848 3
      vertex -17.143 -19.5478 0
      vertex -18.3848 -18.3848 0
    endloop
  endfacet
  facet normal -0.956939 -0.29029 0
    outer loop
      vertex 25.1141 6.72929 0
      vertex 24.6202 8.35743 3
      vertex 24.6202 8.35743 0
    endloop
  endfacet
  facet normal -0.956939 -0.29029 0
    outer loop
      vertex 24.6202 8.35743 3
      vertex 25.1141 6.72929 0
      vertex 25.1141 6.72929 3
    endloop
  endfacet
  facet normal -0.812859 0.582461 0
    outer loop
      vertex 20.6272 -15.8278 0
      vertex 21.6182 -14.4448 3
      vertex 21.6182 -14.4448 0
    endloop
  endfacet
  facet normal -0.812859 0.582461 0
    outer loop
      vertex 21.6182 -14.4448 3
      vertex 20.6272 -15.8278 0
      vertex 20.6272 -15.8278 3
    endloop
  endfacet
  facet normal -0.956939 0.29029 0
    outer loop
      vertex 24.6202 -8.35743 0
      vertex 25.1141 -6.72929 3
      vertex 25.1141 -6.72929 0
    endloop
  endfacet
  facet normal -0.956939 0.29029 0
    outer loop
      vertex 25.1141 -6.72929 3
      vertex 24.6202 -8.35743 0
      vertex 24.6202 -8.35743 3
    endloop
  endfacet
  facet normal -0.471381 0.88193 0
    outer loop
      vertex 13 -22.5167 0
      vertex 11.4995 -23.3187 3
      vertex 13 -22.5167 3
    endloop
  endfacet
  facet normal -0.471381 0.88193 0
    outer loop
      vertex 11.4995 -23.3187 3
      vertex 13 -22.5167 0
      vertex 11.4995 -23.3187 0
    endloop
  endfacet
  facet normal 0.582461 -0.812859 0
    outer loop
      vertex -15.8278 20.6272 0
      vertex -14.4448 21.6182 3
      vertex -15.8278 20.6272 3
    endloop
  endfacet
  facet normal 0.582461 -0.812859 0
    outer loop
      vertex -14.4448 21.6182 3
      vertex -15.8278 20.6272 0
      vertex -14.4448 21.6182 0
    endloop
  endfacet
  facet normal 0.0979789 0.995188 -0
    outer loop
      vertex -1.70048 -25.9443 0
      vertex -3.39368 -25.7776 3
      vertex -1.70048 -25.9443 3
    endloop
  endfacet
  facet normal 0.0979789 0.995188 0
    outer loop
      vertex -3.39368 -25.7776 3
      vertex -1.70048 -25.9443 0
      vertex -3.39368 -25.7776 0
    endloop
  endfacet
  facet normal -0.995188 0.0979789 0
    outer loop
      vertex 25.7776 -3.39368 0
      vertex 25.9443 -1.70048 3
      vertex 25.9443 -1.70048 0
    endloop
  endfacet
  facet normal -0.995188 0.0979789 0
    outer loop
      vertex 25.9443 -1.70048 3
      vertex 25.7776 -3.39368 0
      vertex 25.7776 -3.39368 3
    endloop
  endfacet
  facet normal -0.88193 -0.471381 0
    outer loop
      vertex 23.3187 11.4995 0
      vertex 22.5167 13 3
      vertex 22.5167 13 0
    endloop
  endfacet
  facet normal -0.88193 -0.471381 0
    outer loop
      vertex 22.5167 13 3
      vertex 23.3187 11.4995 0
      vertex 23.3187 11.4995 3
    endloop
  endfacet
  facet normal 0.986639 0.162924 0
    outer loop
      vertex -25.5004 -5.07235 3
      vertex -25.7776 -3.39368 0
      vertex -25.7776 -3.39368 3
    endloop
  endfacet
  facet normal 0.986639 0.162924 0
    outer loop
      vertex -25.7776 -3.39368 0
      vertex -25.5004 -5.07235 3
      vertex -25.5004 -5.07235 0
    endloop
  endfacet
  facet normal 0.227052 0.973883 -0
    outer loop
      vertex -5.07235 -25.5004 0
      vertex -6.72929 -25.1141 3
      vertex -5.07235 -25.5004 3
    endloop
  endfacet
  facet normal 0.227052 0.973883 0
    outer loop
      vertex -6.72929 -25.1141 3
      vertex -5.07235 -25.5004 0
      vertex -6.72929 -25.1141 0
    endloop
  endfacet
  facet normal -0.772998 0.634408 0
    outer loop
      vertex 19.5478 -17.143 0
      vertex 20.6272 -15.8278 3
      vertex 20.6272 -15.8278 0
    endloop
  endfacet
  facet normal -0.772998 0.634408 0
    outer loop
      vertex 20.6272 -15.8278 3
      vertex 19.5478 -17.143 0
      vertex 19.5478 -17.143 3
    endloop
  endfacet
  facet normal 0.935909 -0.352243 0
    outer loop
      vertex -24.6202 8.35743 3
      vertex -24.0209 9.94977 0
      vertex -24.0209 9.94977 3
    endloop
  endfacet
  facet normal 0.935909 -0.352243 0
    outer loop
      vertex -24.0209 9.94977 0
      vertex -24.6202 8.35743 3
      vertex -24.6202 8.35743 0
    endloop
  endfacet
  facet normal -0.729885 -0.68357 0
    outer loop
      vertex 19.5478 17.143 0
      vertex 18.3848 18.3848 3
      vertex 18.3848 18.3848 0
    endloop
  endfacet
  facet normal -0.729885 -0.68357 0
    outer loop
      vertex 18.3848 18.3848 3
      vertex 19.5478 17.143 0
      vertex 19.5478 17.143 3
    endloop
  endfacet
  facet normal -0.528096 -0.849185 0
    outer loop
      vertex 13 22.5167 0
      vertex 14.4448 21.6182 3
      vertex 13 22.5167 3
    endloop
  endfacet
  facet normal -0.528096 -0.849185 -0
    outer loop
      vertex 14.4448 21.6182 3
      vertex 13 22.5167 0
      vertex 14.4448 21.6182 0
    endloop
  endfacet
  facet normal 0.973883 0.227052 0
    outer loop
      vertex -25.1141 -6.72929 3
      vertex -25.5004 -5.07235 0
      vertex -25.5004 -5.07235 3
    endloop
  endfacet
  facet normal 0.973883 0.227052 0
    outer loop
      vertex -25.5004 -5.07235 0
      vertex -25.1141 -6.72929 3
      vertex -25.1141 -6.72929 0
    endloop
  endfacet
  facet normal 0.634408 -0.772998 0
    outer loop
      vertex -17.143 19.5478 0
      vertex -15.8278 20.6272 3
      vertex -17.143 19.5478 3
    endloop
  endfacet
  facet normal 0.634408 -0.772998 0
    outer loop
      vertex -15.8278 20.6272 3
      vertex -17.143 19.5478 0
      vertex -15.8278 20.6272 0
    endloop
  endfacet
  facet normal 0.0327379 0.999464 -0
    outer loop
      vertex 0 -26 0
      vertex -1.70048 -25.9443 3
      vertex 0 -26 3
    endloop
  endfacet
  facet normal 0.0327379 0.999464 0
    outer loop
      vertex -1.70048 -25.9443 3
      vertex 0 -26 0
      vertex -1.70048 -25.9443 0
    endloop
  endfacet
  facet normal -0.227052 0.973883 0
    outer loop
      vertex 6.72929 -25.1141 0
      vertex 5.07235 -25.5004 3
      vertex 6.72929 -25.1141 3
    endloop
  endfacet
  facet normal -0.227052 0.973883 0
    outer loop
      vertex 5.07235 -25.5004 3
      vertex 6.72929 -25.1141 0
      vertex 5.07235 -25.5004 0
    endloop
  endfacet
  facet normal -0.352243 -0.935909 0
    outer loop
      vertex 8.35743 24.6202 0
      vertex 9.94977 24.0209 3
      vertex 8.35743 24.6202 3
    endloop
  endfacet
  facet normal -0.352243 -0.935909 -0
    outer loop
      vertex 9.94977 24.0209 3
      vertex 8.35743 24.6202 0
      vertex 9.94977 24.0209 0
    endloop
  endfacet
  facet normal -0.68357 -0.729885 0
    outer loop
      vertex 17.143 19.5478 0
      vertex 18.3848 18.3848 3
      vertex 17.143 19.5478 3
    endloop
  endfacet
  facet normal -0.68357 -0.729885 -0
    outer loop
      vertex 18.3848 18.3848 3
      vertex 17.143 19.5478 0
      vertex 18.3848 18.3848 0
    endloop
  endfacet
  facet normal -0.88193 0.471381 0
    outer loop
      vertex 22.5167 -13 0
      vertex 23.3187 -11.4995 3
      vertex 23.3187 -11.4995 0
    endloop
  endfacet
  facet normal -0.88193 0.471381 0
    outer loop
      vertex 23.3187 -11.4995 3
      vertex 22.5167 -13 0
      vertex 22.5167 -13 3
    endloop
  endfacet
  facet normal 0.812859 0.582461 0
    outer loop
      vertex -20.6272 -15.8278 3
      vertex -21.6182 -14.4448 0
      vertex -21.6182 -14.4448 3
    endloop
  endfacet
  facet normal 0.812859 0.582461 0
    outer loop
      vertex -21.6182 -14.4448 0
      vertex -20.6272 -15.8278 3
      vertex -20.6272 -15.8278 0
    endloop
  endfacet
  facet normal -0.0979789 0.995188 0
    outer loop
      vertex 3.39368 -25.7776 0
      vertex 1.70048 -25.9443 3
      vertex 3.39368 -25.7776 3
    endloop
  endfacet
  facet normal -0.0979789 0.995188 0
    outer loop
      vertex 1.70048 -25.9443 3
      vertex 3.39368 -25.7776 0
      vertex 1.70048 -25.9443 0
    endloop
  endfacet
  facet normal -0.772998 -0.634408 0
    outer loop
      vertex 20.6272 15.8278 0
      vertex 19.5478 17.143 3
      vertex 19.5478 17.143 0
    endloop
  endfacet
  facet normal -0.772998 -0.634408 0
    outer loop
      vertex 19.5478 17.143 3
      vertex 20.6272 15.8278 0
      vertex 20.6272 15.8278 3
    endloop
  endfacet
  facet normal -0.0327379 -0.999464 0
    outer loop
      vertex 0 26 0
      vertex 1.70048 25.9443 3
      vertex 0 26 3
    endloop
  endfacet
  facet normal -0.0327379 -0.999464 -0
    outer loop
      vertex 1.70048 25.9443 3
      vertex 0 26 0
      vertex 1.70048 25.9443 0
    endloop
  endfacet
  facet normal -0.352243 0.935909 0
    outer loop
      vertex 9.94977 -24.0209 0
      vertex 8.35743 -24.6202 3
      vertex 9.94977 -24.0209 3
    endloop
  endfacet
  facet normal -0.352243 0.935909 0
    outer loop
      vertex 8.35743 -24.6202 3
      vertex 9.94977 -24.0209 0
      vertex 8.35743 -24.6202 0
    endloop
  endfacet
  facet normal -0.849185 -0.528096 0
    outer loop
      vertex 22.5167 13 0
      vertex 21.6182 14.4448 3
      vertex 21.6182 14.4448 0
    endloop
  endfacet
  facet normal -0.849185 -0.528096 0
    outer loop
      vertex 21.6182 14.4448 3
      vertex 22.5167 13 0
      vertex 22.5167 13 3
    endloop
  endfacet
  facet normal -0.634408 -0.772998 0
    outer loop
      vertex 15.8278 20.6272 0
      vertex 17.143 19.5478 3
      vertex 15.8278 20.6272 3
    endloop
  endfacet
  facet normal -0.634408 -0.772998 -0
    outer loop
      vertex 17.143 19.5478 3
      vertex 15.8278 20.6272 0
      vertex 17.143 19.5478 0
    endloop
  endfacet
  facet normal -0.973883 0.227052 0
    outer loop
      vertex 25.1141 -6.72929 0
      vertex 25.5004 -5.07235 3
      vertex 25.5004 -5.07235 0
    endloop
  endfacet
  facet normal -0.973883 0.227052 0
    outer loop
      vertex 25.5004 -5.07235 3
      vertex 25.1141 -6.72929 0
      vertex 25.1141 -6.72929 3
    endloop
  endfacet
  facet normal 0.995188 -0.0979789 0
    outer loop
      vertex -25.9443 1.70048 3
      vertex -25.7776 3.39368 0
      vertex -25.7776 3.39368 3
    endloop
  endfacet
  facet normal 0.995188 -0.0979789 0
    outer loop
      vertex -25.7776 3.39368 0
      vertex -25.9443 1.70048 3
      vertex -25.9443 1.70048 0
    endloop
  endfacet
  facet normal 0.68357 -0.729885 0
    outer loop
      vertex -18.3848 18.3848 0
      vertex -17.143 19.5478 3
      vertex -18.3848 18.3848 3
    endloop
  endfacet
  facet normal 0.68357 -0.729885 0
    outer loop
      vertex -17.143 19.5478 3
      vertex -18.3848 18.3848 0
      vertex -17.143 19.5478 0
    endloop
  endfacet
  facet normal 0.986639 -0.162924 0
    outer loop
      vertex -25.7776 3.39368 3
      vertex -25.5004 5.07235 0
      vertex -25.5004 5.07235 3
    endloop
  endfacet
  facet normal 0.986639 -0.162924 0
    outer loop
      vertex -25.5004 5.07235 0
      vertex -25.7776 3.39368 3
      vertex -25.7776 3.39368 0
    endloop
  endfacet
  facet normal -0.973883 -0.227052 0
    outer loop
      vertex 25.5004 5.07235 0
      vertex 25.1141 6.72929 3
      vertex 25.1141 6.72929 0
    endloop
  endfacet
  facet normal -0.973883 -0.227052 0
    outer loop
      vertex 25.1141 6.72929 3
      vertex 25.5004 5.07235 0
      vertex 25.5004 5.07235 3
    endloop
  endfacet
  facet normal 0.471381 0.88193 -0
    outer loop
      vertex -11.4995 -23.3187 0
      vertex -13 -22.5167 3
      vertex -11.4995 -23.3187 3
    endloop
  endfacet
  facet normal 0.471381 0.88193 0
    outer loop
      vertex -13 -22.5167 3
      vertex -11.4995 -23.3187 0
      vertex -13 -22.5167 0
    endloop
  endfacet
  facet normal 0.772998 0.634408 0
    outer loop
      vertex -19.5478 -17.143 3
      vertex -20.6272 -15.8278 0
      vertex -20.6272 -15.8278 3
    endloop
  endfacet
  facet normal 0.772998 0.634408 0
    outer loop
      vertex -20.6272 -15.8278 0
      vertex -19.5478 -17.143 3
      vertex -19.5478 -17.143 0
    endloop
  endfacet
  facet normal 0.999464 0.0327379 0
    outer loop
      vertex -25.9443 -1.70048 3
      vertex -26 0 0
      vertex -26 0 3
    endloop
  endfacet
  facet normal 0.999464 0.0327379 0
    outer loop
      vertex -26 0 0
      vertex -25.9443 -1.70048 3
      vertex -25.9443 -1.70048 0
    endloop
  endfacet
  facet normal 0.910858 0.41272 0
    outer loop
      vertex -23.3187 -11.4995 3
      vertex -24.0209 -9.94977 0
      vertex -24.0209 -9.94977 3
    endloop
  endfacet
  facet normal 0.910858 0.41272 0
    outer loop
      vertex -24.0209 -9.94977 0
      vertex -23.3187 -11.4995 3
      vertex -23.3187 -11.4995 0
    endloop
  endfacet
  facet normal -0.0979789 -0.995188 0
    outer loop
      vertex 1.70048 25.9443 0
      vertex 3.39368 25.7776 3
      vertex 1.70048 25.9443 3
    endloop
  endfacet
  facet normal -0.0979789 -0.995188 -0
    outer loop
      vertex 3.39368 25.7776 3
      vertex 1.70048 25.9443 0
      vertex 3.39368 25.7776 0
    endloop
  endfacet
  facet normal 0.973883 -0.227052 0
    outer loop
      vertex -25.5004 5.07235 3
      vertex -25.1141 6.72929 0
      vertex -25.1141 6.72929 3
    endloop
  endfacet
  facet normal 0.973883 -0.227052 0
    outer loop
      vertex -25.1141 6.72929 0
      vertex -25.5004 5.07235 3
      vertex -25.5004 5.07235 0
    endloop
  endfacet
  facet normal 0.88193 0.471381 0
    outer loop
      vertex -22.5167 -13 3
      vertex -23.3187 -11.4995 0
      vertex -23.3187 -11.4995 3
    endloop
  endfacet
  facet normal 0.88193 0.471381 0
    outer loop
      vertex -23.3187 -11.4995 0
      vertex -22.5167 -13 3
      vertex -22.5167 -13 0
    endloop
  endfacet
  facet normal -0.29029 -0.956939 0
    outer loop
      vertex 6.72929 25.1141 0
      vertex 8.35743 24.6202 3
      vertex 6.72929 25.1141 3
    endloop
  endfacet
  facet normal -0.29029 -0.956939 -0
    outer loop
      vertex 8.35743 24.6202 3
      vertex 6.72929 25.1141 0
      vertex 8.35743 24.6202 0
    endloop
  endfacet
  facet normal 0.0327379 -0.999464 0
    outer loop
      vertex -1.70048 25.9443 0
      vertex 0 26 3
      vertex -1.70048 25.9443 3
    endloop
  endfacet
  facet normal 0.0327379 -0.999464 0
    outer loop
      vertex 0 26 3
      vertex -1.70048 25.9443 0
      vertex 0 26 0
    endloop
  endfacet
  facet normal 0.729885 0.68357 0
    outer loop
      vertex -18.3848 -18.3848 3
      vertex -19.5478 -17.143 0
      vertex -19.5478 -17.143 3
    endloop
  endfacet
  facet normal 0.729885 0.68357 0
    outer loop
      vertex -19.5478 -17.143 0
      vertex -18.3848 -18.3848 3
      vertex -18.3848 -18.3848 0
    endloop
  endfacet
  facet normal 0.812859 -0.582461 0
    outer loop
      vertex -21.6182 14.4448 3
      vertex -20.6272 15.8278 0
      vertex -20.6272 15.8278 3
    endloop
  endfacet
  facet normal 0.812859 -0.582461 0
    outer loop
      vertex -20.6272 15.8278 0
      vertex -21.6182 14.4448 3
      vertex -21.6182 14.4448 0
    endloop
  endfacet
  facet normal -0.582461 0.812859 0
    outer loop
      vertex 15.8278 -20.6272 0
      vertex 14.4448 -21.6182 3
      vertex 15.8278 -20.6272 3
    endloop
  endfacet
  facet normal -0.582461 0.812859 0
    outer loop
      vertex 14.4448 -21.6182 3
      vertex 15.8278 -20.6272 0
      vertex 14.4448 -21.6182 0
    endloop
  endfacet
  facet normal 0.88193 -0.471381 0
    outer loop
      vertex -23.3187 11.4995 3
      vertex -22.5167 13 0
      vertex -22.5167 13 3
    endloop
  endfacet
  facet normal 0.88193 -0.471381 0
    outer loop
      vertex -22.5167 13 0
      vertex -23.3187 11.4995 3
      vertex -23.3187 11.4995 0
    endloop
  endfacet
  facet normal 0.772998 -0.634408 0
    outer loop
      vertex -20.6272 15.8278 3
      vertex -19.5478 17.143 0
      vertex -19.5478 17.143 3
    endloop
  endfacet
  facet normal 0.772998 -0.634408 0
    outer loop
      vertex -19.5478 17.143 0
      vertex -20.6272 15.8278 3
      vertex -20.6272 15.8278 0
    endloop
  endfacet
  facet normal -0.849185 0.528096 0
    outer loop
      vertex 21.6182 -14.4448 0
      vertex 22.5167 -13 3
      vertex 22.5167 -13 0
    endloop
  endfacet
  facet normal -0.849185 0.528096 0
    outer loop
      vertex 22.5167 -13 3
      vertex 21.6182 -14.4448 0
      vertex 21.6182 -14.4448 3
    endloop
  endfacet
  facet normal 0.29029 0.956939 -0
    outer loop
      vertex -6.72929 -25.1141 0
      vertex -8.35743 -24.6202 3
      vertex -6.72929 -25.1141 3
    endloop
  endfacet
  facet normal 0.29029 0.956939 0
    outer loop
      vertex -8.35743 -24.6202 3
      vertex -6.72929 -25.1141 0
      vertex -8.35743 -24.6202 0
    endloop
  endfacet
  facet normal 0.528096 0.849185 -0
    outer loop
      vertex -13 -22.5167 0
      vertex -14.4448 -21.6182 3
      vertex -13 -22.5167 3
    endloop
  endfacet
  facet normal 0.528096 0.849185 0
    outer loop
      vertex -14.4448 -21.6182 3
      vertex -13 -22.5167 0
      vertex -14.4448 -21.6182 0
    endloop
  endfacet
  facet normal 0.999464 -0.0327379 0
    outer loop
      vertex -26 0 3
      vertex -25.9443 1.70048 0
      vertex -25.9443 1.70048 3
    endloop
  endfacet
  facet normal 0.999464 -0.0327379 0
    outer loop
      vertex -25.9443 1.70048 0
      vertex -26 0 3
      vertex -26 0 0
    endloop
  endfacet
  facet normal 0.910858 -0.41272 0
    outer loop
      vertex -24.0209 9.94977 3
      vertex -23.3187 11.4995 0
      vertex -23.3187 11.4995 3
    endloop
  endfacet
  facet normal 0.910858 -0.41272 0
    outer loop
      vertex -23.3187 11.4995 0
      vertex -24.0209 9.94977 3
      vertex -24.0209 9.94977 0
    endloop
  endfacet
  facet normal -0.227052 -0.973883 0
    outer loop
      vertex 5.07235 25.5004 0
      vertex 6.72929 25.1141 3
      vertex 5.07235 25.5004 3
    endloop
  endfacet
  facet normal -0.227052 -0.973883 -0
    outer loop
      vertex 6.72929 25.1141 3
      vertex 5.07235 25.5004 0
      vertex 6.72929 25.1141 0
    endloop
  endfacet
  facet normal -0.634408 0.772998 0
    outer loop
      vertex 17.143 -19.5478 0
      vertex 15.8278 -20.6272 3
      vertex 17.143 -19.5478 3
    endloop
  endfacet
  facet normal -0.634408 0.772998 0
    outer loop
      vertex 15.8278 -20.6272 3
      vertex 17.143 -19.5478 0
      vertex 15.8278 -20.6272 0
    endloop
  endfacet
  facet normal 0.41272 0.910858 -0
    outer loop
      vertex -9.94977 -24.0209 0
      vertex -11.4995 -23.3187 3
      vertex -9.94977 -24.0209 3
    endloop
  endfacet
  facet normal 0.41272 0.910858 0
    outer loop
      vertex -11.4995 -23.3187 3
      vertex -9.94977 -24.0209 0
      vertex -11.4995 -23.3187 0
    endloop
  endfacet
  facet normal 0.995184 0.0980208 0
    outer loop
      vertex 20.955 1.37347 3
      vertex 20.8203 2.74105 0
      vertex 20.8203 2.74105 3
    endloop
  endfacet
  facet normal 0.995184 0.0980208 0
    outer loop
      vertex 20.8203 2.74105 0
      vertex 20.955 1.37347 3
      vertex 20.955 1.37347 0
    endloop
  endfacet
  facet normal 0.999464 0.0327462 0
    outer loop
      vertex 21 0 3
      vertex 20.955 1.37347 0
      vertex 20.955 1.37347 3
    endloop
  endfacet
  facet normal 0.999464 0.0327462 0
    outer loop
      vertex 20.955 1.37347 0
      vertex 21 0 3
      vertex 21 0 0
    endloop
  endfacet
  facet normal -0.935921 -0.352211 0
    outer loop
      vertex -19.4015 -8.03635 0
      vertex -19.8855 -6.75023 3
      vertex -19.8855 -6.75023 0
    endloop
  endfacet
  facet normal -0.935921 -0.352211 0
    outer loop
      vertex -19.8855 -6.75023 3
      vertex -19.4015 -8.03635 0
      vertex -19.4015 -8.03635 3
    endloop
  endfacet
  facet normal 0.227112 -0.973869 0
    outer loop
      vertex 4.0969 -20.5965 0
      vertex 5.4352 -20.2844 3
      vertex 4.0969 -20.5965 3
    endloop
  endfacet
  facet normal 0.227112 -0.973869 0
    outer loop
      vertex 5.4352 -20.2844 3
      vertex 4.0969 -20.5965 0
      vertex 5.4352 -20.2844 0
    endloop
  endfacet
  facet normal -0.0327462 -0.999464 0
    outer loop
      vertex -1.37347 -20.955 0
      vertex 0 -21 3
      vertex -1.37347 -20.955 3
    endloop
  endfacet
  facet normal -0.0327462 -0.999464 -0
    outer loop
      vertex 0 -21 3
      vertex -1.37347 -20.955 0
      vertex 0 -21 0
    endloop
  endfacet
  facet normal -0.290278 -0.956942 0
    outer loop
      vertex -6.75023 -19.8855 0
      vertex -5.4352 -20.2844 3
      vertex -6.75023 -19.8855 3
    endloop
  endfacet
  facet normal -0.290278 -0.956942 -0
    outer loop
      vertex -5.4352 -20.2844 3
      vertex -6.75023 -19.8855 0
      vertex -5.4352 -20.2844 0
    endloop
  endfacet
  facet normal -0.812823 0.582511 0
    outer loop
      vertex -17.4609 11.667 0
      vertex -16.6604 12.784 3
      vertex -16.6604 12.784 0
    endloop
  endfacet
  facet normal -0.812823 0.582511 0
    outer loop
      vertex -16.6604 12.784 3
      vertex -17.4609 11.667 0
      vertex -17.4609 11.667 3
    endloop
  endfacet
  facet normal -0.999464 -0.0327462 0
    outer loop
      vertex -20.955 -1.37347 0
      vertex -21 0 3
      vertex -21 0 0
    endloop
  endfacet
  facet normal -0.999464 -0.0327462 0
    outer loop
      vertex -21 0 3
      vertex -20.955 -1.37347 0
      vertex -20.955 -1.37347 3
    endloop
  endfacet
  facet normal -0.995184 0.0980208 0
    outer loop
      vertex -20.955 1.37347 0
      vertex -20.8203 2.74105 3
      vertex -20.8203 2.74105 0
    endloop
  endfacet
  facet normal -0.995184 0.0980208 0
    outer loop
      vertex -20.8203 2.74105 3
      vertex -20.955 1.37347 0
      vertex -20.955 1.37347 3
    endloop
  endfacet
  facet normal -0.995184 -0.0980208 0
    outer loop
      vertex -20.8203 -2.74105 0
      vertex -20.955 -1.37347 3
      vertex -20.955 -1.37347 0
    endloop
  endfacet
  facet normal -0.995184 -0.0980208 0
    outer loop
      vertex -20.955 -1.37347 3
      vertex -20.8203 -2.74105 0
      vertex -20.8203 -2.74105 3
    endloop
  endfacet
  facet normal -0.88192 0.471399 0
    outer loop
      vertex -18.8343 9.28806 0
      vertex -18.1865 10.5 3
      vertex -18.1865 10.5 0
    endloop
  endfacet
  facet normal -0.88192 0.471399 0
    outer loop
      vertex -18.1865 10.5 3
      vertex -18.8343 9.28806 0
      vertex -18.8343 9.28806 3
    endloop
  endfacet
  facet normal -0.352211 0.935921 0
    outer loop
      vertex -6.75023 19.8855 0
      vertex -8.03635 19.4015 3
      vertex -6.75023 19.8855 3
    endloop
  endfacet
  facet normal -0.352211 0.935921 0
    outer loop
      vertex -8.03635 19.4015 3
      vertex -6.75023 19.8855 0
      vertex -8.03635 19.4015 0
    endloop
  endfacet
  facet normal 0.986649 0.162859 0
    outer loop
      vertex 20.8203 2.74105 3
      vertex 20.5965 4.0969 0
      vertex 20.5965 4.0969 3
    endloop
  endfacet
  facet normal 0.986649 0.162859 0
    outer loop
      vertex 20.5965 4.0969 0
      vertex 20.8203 2.74105 3
      vertex 20.8203 2.74105 0
    endloop
  endfacet
  facet normal -0.88192 -0.471399 0
    outer loop
      vertex -18.1865 -10.5 0
      vertex -18.8343 -9.28806 3
      vertex -18.8343 -9.28806 0
    endloop
  endfacet
  facet normal -0.88192 -0.471399 0
    outer loop
      vertex -18.8343 -9.28806 3
      vertex -18.1865 -10.5 0
      vertex -18.1865 -10.5 3
    endloop
  endfacet
  facet normal -0.773013 -0.63439 0
    outer loop
      vertex -15.7886 -13.8463 0
      vertex -16.6604 -12.784 3
      vertex -16.6604 -12.784 0
    endloop
  endfacet
  facet normal -0.773013 -0.63439 0
    outer loop
      vertex -16.6604 -12.784 3
      vertex -15.7886 -13.8463 0
      vertex -15.7886 -13.8463 3
    endloop
  endfacet
  facet normal 0.995184 -0.0980208 0
    outer loop
      vertex 20.8203 -2.74105 3
      vertex 20.955 -1.37347 0
      vertex 20.955 -1.37347 3
    endloop
  endfacet
  facet normal 0.995184 -0.0980208 0
    outer loop
      vertex 20.955 -1.37347 0
      vertex 20.8203 -2.74105 3
      vertex 20.8203 -2.74105 0
    endloop
  endfacet
  facet normal 0.0327462 -0.999464 0
    outer loop
      vertex 0 -21 0
      vertex 1.37347 -20.955 3
      vertex 0 -21 3
    endloop
  endfacet
  facet normal 0.0327462 -0.999464 0
    outer loop
      vertex 1.37347 -20.955 3
      vertex 0 -21 0
      vertex 1.37347 -20.955 0
    endloop
  endfacet
  facet normal 0.352211 0.935921 -0
    outer loop
      vertex 8.03635 19.4015 0
      vertex 6.75023 19.8855 3
      vertex 8.03635 19.4015 3
    endloop
  endfacet
  facet normal 0.352211 0.935921 0
    outer loop
      vertex 6.75023 19.8855 3
      vertex 8.03635 19.4015 0
      vertex 6.75023 19.8855 0
    endloop
  endfacet
  facet normal 0.582511 0.812823 -0
    outer loop
      vertex 12.784 16.6604 0
      vertex 11.667 17.4609 3
      vertex 12.784 16.6604 3
    endloop
  endfacet
  facet normal 0.582511 0.812823 0
    outer loop
      vertex 11.667 17.4609 3
      vertex 12.784 16.6604 0
      vertex 11.667 17.4609 0
    endloop
  endfacet
  facet normal -0.910848 -0.412742 0
    outer loop
      vertex -18.8343 -9.28806 0
      vertex -19.4015 -8.03635 3
      vertex -19.4015 -8.03635 0
    endloop
  endfacet
  facet normal -0.910848 -0.412742 0
    outer loop
      vertex -19.4015 -8.03635 3
      vertex -18.8343 -9.28806 0
      vertex -18.8343 -9.28806 3
    endloop
  endfacet
  facet normal -0.582511 0.812823 0
    outer loop
      vertex -11.667 17.4609 0
      vertex -12.784 16.6604 3
      vertex -11.667 17.4609 3
    endloop
  endfacet
  facet normal -0.582511 0.812823 0
    outer loop
      vertex -12.784 16.6604 3
      vertex -11.667 17.4609 0
      vertex -12.784 16.6604 0
    endloop
  endfacet
  facet normal 0.812823 -0.582511 0
    outer loop
      vertex 16.6604 -12.784 3
      vertex 17.4609 -11.667 0
      vertex 17.4609 -11.667 3
    endloop
  endfacet
  facet normal 0.812823 -0.582511 0
    outer loop
      vertex 17.4609 -11.667 0
      vertex 16.6604 -12.784 3
      vertex 16.6604 -12.784 0
    endloop
  endfacet
  facet normal 0.935921 0.352211 0
    outer loop
      vertex 19.8855 6.75023 3
      vertex 19.4015 8.03635 0
      vertex 19.4015 8.03635 3
    endloop
  endfacet
  facet normal 0.935921 0.352211 0
    outer loop
      vertex 19.4015 8.03635 0
      vertex 19.8855 6.75023 3
      vertex 19.8855 6.75023 0
    endloop
  endfacet
  facet normal 0.471399 0.88192 -0
    outer loop
      vertex 10.5 18.1865 0
      vertex 9.28806 18.8343 3
      vertex 10.5 18.1865 3
    endloop
  endfacet
  facet normal 0.471399 0.88192 0
    outer loop
      vertex 9.28806 18.8343 3
      vertex 10.5 18.1865 0
      vertex 9.28806 18.8343 0
    endloop
  endfacet
  facet normal 0.973869 0.227112 0
    outer loop
      vertex 20.5965 4.0969 3
      vertex 20.2844 5.4352 0
      vertex 20.2844 5.4352 3
    endloop
  endfacet
  facet normal 0.973869 0.227112 0
    outer loop
      vertex 20.2844 5.4352 0
      vertex 20.5965 4.0969 3
      vertex 20.5965 4.0969 0
    endloop
  endfacet
  facet normal 0.162859 -0.986649 0
    outer loop
      vertex 2.74105 -20.8203 0
      vertex 4.0969 -20.5965 3
      vertex 2.74105 -20.8203 3
    endloop
  endfacet
  facet normal 0.162859 -0.986649 0
    outer loop
      vertex 4.0969 -20.5965 3
      vertex 2.74105 -20.8203 0
      vertex 4.0969 -20.5965 0
    endloop
  endfacet
  facet normal -0.63439 0.773013 0
    outer loop
      vertex -12.784 16.6604 0
      vertex -13.8463 15.7886 3
      vertex -12.784 16.6604 3
    endloop
  endfacet
  facet normal -0.63439 0.773013 0
    outer loop
      vertex -13.8463 15.7886 3
      vertex -12.784 16.6604 0
      vertex -13.8463 15.7886 0
    endloop
  endfacet
  facet normal 0.162859 0.986649 -0
    outer loop
      vertex 4.0969 20.5965 0
      vertex 2.74105 20.8203 3
      vertex 4.0969 20.5965 3
    endloop
  endfacet
  facet normal 0.162859 0.986649 0
    outer loop
      vertex 2.74105 20.8203 3
      vertex 4.0969 20.5965 0
      vertex 2.74105 20.8203 0
    endloop
  endfacet
  facet normal -0.0980208 0.995184 0
    outer loop
      vertex -1.37347 20.955 0
      vertex -2.74105 20.8203 3
      vertex -1.37347 20.955 3
    endloop
  endfacet
  facet normal -0.0980208 0.995184 0
    outer loop
      vertex -2.74105 20.8203 3
      vertex -1.37347 20.955 0
      vertex -2.74105 20.8203 0
    endloop
  endfacet
  facet normal -0.162859 0.986649 0
    outer loop
      vertex -2.74105 20.8203 0
      vertex -4.0969 20.5965 3
      vertex -2.74105 20.8203 3
    endloop
  endfacet
  facet normal -0.162859 0.986649 0
    outer loop
      vertex -4.0969 20.5965 3
      vertex -2.74105 20.8203 0
      vertex -4.0969 20.5965 0
    endloop
  endfacet
  facet normal 0.528022 -0.849231 0
    outer loop
      vertex 10.5 -18.1865 0
      vertex 11.667 -17.4609 3
      vertex 10.5 -18.1865 3
    endloop
  endfacet
  facet normal 0.528022 -0.849231 0
    outer loop
      vertex 11.667 -17.4609 3
      vertex 10.5 -18.1865 0
      vertex 11.667 -17.4609 0
    endloop
  endfacet
  facet normal 0.773013 0.63439 0
    outer loop
      vertex 16.6604 12.784 3
      vertex 15.7886 13.8463 0
      vertex 15.7886 13.8463 3
    endloop
  endfacet
  facet normal 0.773013 0.63439 0
    outer loop
      vertex 15.7886 13.8463 0
      vertex 16.6604 12.784 3
      vertex 16.6604 12.784 0
    endloop
  endfacet
  facet normal -0.582511 -0.812823 0
    outer loop
      vertex -12.784 -16.6604 0
      vertex -11.667 -17.4609 3
      vertex -12.784 -16.6604 3
    endloop
  endfacet
  facet normal -0.582511 -0.812823 -0
    outer loop
      vertex -11.667 -17.4609 3
      vertex -12.784 -16.6604 0
      vertex -11.667 -17.4609 0
    endloop
  endfacet
  facet normal 0.88192 -0.471399 0
    outer loop
      vertex 18.1865 -10.5 3
      vertex 18.8343 -9.28806 0
      vertex 18.8343 -9.28806 3
    endloop
  endfacet
  facet normal 0.88192 -0.471399 0
    outer loop
      vertex 18.8343 -9.28806 0
      vertex 18.1865 -10.5 3
      vertex 18.1865 -10.5 0
    endloop
  endfacet
  facet normal 0.290278 -0.956942 0
    outer loop
      vertex 5.4352 -20.2844 0
      vertex 6.75023 -19.8855 3
      vertex 5.4352 -20.2844 3
    endloop
  endfacet
  facet normal 0.290278 -0.956942 0
    outer loop
      vertex 6.75023 -19.8855 3
      vertex 5.4352 -20.2844 0
      vertex 6.75023 -19.8855 0
    endloop
  endfacet
  facet normal -0.849231 0.528022 0
    outer loop
      vertex -18.1865 10.5 0
      vertex -17.4609 11.667 3
      vertex -17.4609 11.667 0
    endloop
  endfacet
  facet normal -0.849231 0.528022 0
    outer loop
      vertex -17.4609 11.667 3
      vertex -18.1865 10.5 0
      vertex -18.1865 10.5 3
    endloop
  endfacet
  facet normal 0.849231 0.528022 0
    outer loop
      vertex 18.1865 10.5 3
      vertex 17.4609 11.667 0
      vertex 17.4609 11.667 3
    endloop
  endfacet
  facet normal 0.849231 0.528022 0
    outer loop
      vertex 17.4609 11.667 0
      vertex 18.1865 10.5 3
      vertex 18.1865 10.5 0
    endloop
  endfacet
  facet normal 0.986649 -0.162859 0
    outer loop
      vertex 20.5965 -4.0969 3
      vertex 20.8203 -2.74105 0
      vertex 20.8203 -2.74105 3
    endloop
  endfacet
  facet normal 0.986649 -0.162859 0
    outer loop
      vertex 20.8203 -2.74105 0
      vertex 20.5965 -4.0969 3
      vertex 20.5965 -4.0969 0
    endloop
  endfacet
  facet normal 0.683624 0.729834 -0
    outer loop
      vertex 14.8492 14.8492 0
      vertex 13.8463 15.7886 3
      vertex 14.8492 14.8492 3
    endloop
  endfacet
  facet normal 0.683624 0.729834 0
    outer loop
      vertex 13.8463 15.7886 3
      vertex 14.8492 14.8492 0
      vertex 13.8463 15.7886 0
    endloop
  endfacet
  facet normal 0.729834 0.683624 0
    outer loop
      vertex 15.7886 13.8463 3
      vertex 14.8492 14.8492 0
      vertex 14.8492 14.8492 3
    endloop
  endfacet
  facet normal 0.729834 0.683624 0
    outer loop
      vertex 14.8492 14.8492 0
      vertex 15.7886 13.8463 3
      vertex 15.7886 13.8463 0
    endloop
  endfacet
  facet normal 0.528022 0.849231 -0
    outer loop
      vertex 11.667 17.4609 0
      vertex 10.5 18.1865 3
      vertex 11.667 17.4609 3
    endloop
  endfacet
  facet normal 0.528022 0.849231 0
    outer loop
      vertex 10.5 18.1865 3
      vertex 11.667 17.4609 0
      vertex 10.5 18.1865 0
    endloop
  endfacet
  facet normal -0.162859 -0.986649 0
    outer loop
      vertex -4.0969 -20.5965 0
      vertex -2.74105 -20.8203 3
      vertex -4.0969 -20.5965 3
    endloop
  endfacet
  facet normal -0.162859 -0.986649 -0
    outer loop
      vertex -2.74105 -20.8203 3
      vertex -4.0969 -20.5965 0
      vertex -2.74105 -20.8203 0
    endloop
  endfacet
  facet normal 0.412742 0.910848 -0
    outer loop
      vertex 9.28806 18.8343 0
      vertex 8.03635 19.4015 3
      vertex 9.28806 18.8343 3
    endloop
  endfacet
  facet normal 0.412742 0.910848 0
    outer loop
      vertex 8.03635 19.4015 3
      vertex 9.28806 18.8343 0
      vertex 8.03635 19.4015 0
    endloop
  endfacet
  facet normal 0.956942 0.290278 0
    outer loop
      vertex 20.2844 5.4352 3
      vertex 19.8855 6.75023 0
      vertex 19.8855 6.75023 3
    endloop
  endfacet
  facet normal 0.956942 0.290278 0
    outer loop
      vertex 19.8855 6.75023 0
      vertex 20.2844 5.4352 3
      vertex 20.2844 5.4352 0
    endloop
  endfacet
  facet normal -0.986649 -0.162859 0
    outer loop
      vertex -20.5965 -4.0969 0
      vertex -20.8203 -2.74105 3
      vertex -20.8203 -2.74105 0
    endloop
  endfacet
  facet normal -0.986649 -0.162859 0
    outer loop
      vertex -20.8203 -2.74105 3
      vertex -20.5965 -4.0969 0
      vertex -20.5965 -4.0969 3
    endloop
  endfacet
  facet normal 0.88192 0.471399 0
    outer loop
      vertex 18.8343 9.28806 3
      vertex 18.1865 10.5 0
      vertex 18.1865 10.5 3
    endloop
  endfacet
  facet normal 0.88192 0.471399 0
    outer loop
      vertex 18.1865 10.5 0
      vertex 18.8343 9.28806 3
      vertex 18.8343 9.28806 0
    endloop
  endfacet
  facet normal 0.683624 -0.729834 0
    outer loop
      vertex 13.8463 -15.7886 0
      vertex 14.8492 -14.8492 3
      vertex 13.8463 -15.7886 3
    endloop
  endfacet
  facet normal 0.683624 -0.729834 0
    outer loop
      vertex 14.8492 -14.8492 3
      vertex 13.8463 -15.7886 0
      vertex 14.8492 -14.8492 0
    endloop
  endfacet
  facet normal -0.227112 -0.973869 0
    outer loop
      vertex -5.4352 -20.2844 0
      vertex -4.0969 -20.5965 3
      vertex -5.4352 -20.2844 3
    endloop
  endfacet
  facet normal -0.227112 -0.973869 -0
    outer loop
      vertex -4.0969 -20.5965 3
      vertex -5.4352 -20.2844 0
      vertex -4.0969 -20.5965 0
    endloop
  endfacet
  facet normal 0.63439 -0.773013 0
    outer loop
      vertex 12.784 -16.6604 0
      vertex 13.8463 -15.7886 3
      vertex 12.784 -16.6604 3
    endloop
  endfacet
  facet normal 0.63439 -0.773013 0
    outer loop
      vertex 13.8463 -15.7886 3
      vertex 12.784 -16.6604 0
      vertex 13.8463 -15.7886 0
    endloop
  endfacet
  facet normal -0.973869 -0.227112 0
    outer loop
      vertex -20.2844 -5.4352 0
      vertex -20.5965 -4.0969 3
      vertex -20.5965 -4.0969 0
    endloop
  endfacet
  facet normal -0.973869 -0.227112 0
    outer loop
      vertex -20.5965 -4.0969 3
      vertex -20.2844 -5.4352 0
      vertex -20.2844 -5.4352 3
    endloop
  endfacet
  facet normal -0.973869 0.227112 0
    outer loop
      vertex -20.5965 4.0969 0
      vertex -20.2844 5.4352 3
      vertex -20.2844 5.4352 0
    endloop
  endfacet
  facet normal -0.973869 0.227112 0
    outer loop
      vertex -20.2844 5.4352 3
      vertex -20.5965 4.0969 0
      vertex -20.5965 4.0969 3
    endloop
  endfacet
  facet normal -0.528022 0.849231 0
    outer loop
      vertex -10.5 18.1865 0
      vertex -11.667 17.4609 3
      vertex -10.5 18.1865 3
    endloop
  endfacet
  facet normal -0.528022 0.849231 0
    outer loop
      vertex -11.667 17.4609 3
      vertex -10.5 18.1865 0
      vertex -11.667 17.4609 0
    endloop
  endfacet
  facet normal -0.910848 0.412742 0
    outer loop
      vertex -19.4015 8.03635 0
      vertex -18.8343 9.28806 3
      vertex -18.8343 9.28806 0
    endloop
  endfacet
  facet normal -0.910848 0.412742 0
    outer loop
      vertex -18.8343 9.28806 3
      vertex -19.4015 8.03635 0
      vertex -19.4015 8.03635 3
    endloop
  endfacet
  facet normal 0.352211 -0.935921 0
    outer loop
      vertex 6.75023 -19.8855 0
      vertex 8.03635 -19.4015 3
      vertex 6.75023 -19.8855 3
    endloop
  endfacet
  facet normal 0.352211 -0.935921 0
    outer loop
      vertex 8.03635 -19.4015 3
      vertex 6.75023 -19.8855 0
      vertex 8.03635 -19.4015 0
    endloop
  endfacet
  facet normal 0.910848 0.412742 0
    outer loop
      vertex 19.4015 8.03635 3
      vertex 18.8343 9.28806 0
      vertex 18.8343 9.28806 3
    endloop
  endfacet
  facet normal 0.910848 0.412742 0
    outer loop
      vertex 18.8343 9.28806 0
      vertex 19.4015 8.03635 3
      vertex 19.4015 8.03635 0
    endloop
  endfacet
  facet normal -0.935921 0.352211 0
    outer loop
      vertex -19.8855 6.75023 0
      vertex -19.4015 8.03635 3
      vertex -19.4015 8.03635 0
    endloop
  endfacet
  facet normal -0.935921 0.352211 0
    outer loop
      vertex -19.4015 8.03635 3
      vertex -19.8855 6.75023 0
      vertex -19.8855 6.75023 3
    endloop
  endfacet
  facet normal -0.227112 0.973869 0
    outer loop
      vertex -4.0969 20.5965 0
      vertex -5.4352 20.2844 3
      vertex -4.0969 20.5965 3
    endloop
  endfacet
  facet normal -0.227112 0.973869 0
    outer loop
      vertex -5.4352 20.2844 3
      vertex -4.0969 20.5965 0
      vertex -5.4352 20.2844 0
    endloop
  endfacet
  facet normal 0.773013 -0.63439 0
    outer loop
      vertex 15.7886 -13.8463 3
      vertex 16.6604 -12.784 0
      vertex 16.6604 -12.784 3
    endloop
  endfacet
  facet normal 0.773013 -0.63439 0
    outer loop
      vertex 16.6604 -12.784 0
      vertex 15.7886 -13.8463 3
      vertex 15.7886 -13.8463 0
    endloop
  endfacet
  facet normal 0.729834 -0.683624 0
    outer loop
      vertex 14.8492 -14.8492 3
      vertex 15.7886 -13.8463 0
      vertex 15.7886 -13.8463 3
    endloop
  endfacet
  facet normal 0.729834 -0.683624 0
    outer loop
      vertex 15.7886 -13.8463 0
      vertex 14.8492 -14.8492 3
      vertex 14.8492 -14.8492 0
    endloop
  endfacet
  facet normal 0.471399 -0.88192 0
    outer loop
      vertex 9.28806 -18.8343 0
      vertex 10.5 -18.1865 3
      vertex 9.28806 -18.8343 3
    endloop
  endfacet
  facet normal 0.471399 -0.88192 0
    outer loop
      vertex 10.5 -18.1865 3
      vertex 9.28806 -18.8343 0
      vertex 10.5 -18.1865 0
    endloop
  endfacet
  facet normal -0.812823 -0.582511 0
    outer loop
      vertex -16.6604 -12.784 0
      vertex -17.4609 -11.667 3
      vertex -17.4609 -11.667 0
    endloop
  endfacet
  facet normal -0.812823 -0.582511 0
    outer loop
      vertex -17.4609 -11.667 3
      vertex -16.6604 -12.784 0
      vertex -16.6604 -12.784 3
    endloop
  endfacet
  facet normal 0.999464 -0.0327462 0
    outer loop
      vertex 20.955 -1.37347 3
      vertex 21 0 0
      vertex 21 0 3
    endloop
  endfacet
  facet normal 0.999464 -0.0327462 0
    outer loop
      vertex 21 0 0
      vertex 20.955 -1.37347 3
      vertex 20.955 -1.37347 0
    endloop
  endfacet
  facet normal 0.412742 -0.910848 0
    outer loop
      vertex 8.03635 -19.4015 0
      vertex 9.28806 -18.8343 3
      vertex 8.03635 -19.4015 3
    endloop
  endfacet
  facet normal 0.412742 -0.910848 0
    outer loop
      vertex 9.28806 -18.8343 3
      vertex 8.03635 -19.4015 0
      vertex 9.28806 -18.8343 0
    endloop
  endfacet
  facet normal 0.0980208 -0.995184 0
    outer loop
      vertex 1.37347 -20.955 0
      vertex 2.74105 -20.8203 3
      vertex 1.37347 -20.955 3
    endloop
  endfacet
  facet normal 0.0980208 -0.995184 0
    outer loop
      vertex 2.74105 -20.8203 3
      vertex 1.37347 -20.955 0
      vertex 2.74105 -20.8203 0
    endloop
  endfacet
  facet normal 0.910848 -0.412742 0
    outer loop
      vertex 18.8343 -9.28806 3
      vertex 19.4015 -8.03635 0
      vertex 19.4015 -8.03635 3
    endloop
  endfacet
  facet normal 0.910848 -0.412742 0
    outer loop
      vertex 19.4015 -8.03635 0
      vertex 18.8343 -9.28806 3
      vertex 18.8343 -9.28806 0
    endloop
  endfacet
  facet normal 0.935921 -0.352211 0
    outer loop
      vertex 19.4015 -8.03635 3
      vertex 19.8855 -6.75023 0
      vertex 19.8855 -6.75023 3
    endloop
  endfacet
  facet normal 0.935921 -0.352211 0
    outer loop
      vertex 19.8855 -6.75023 0
      vertex 19.4015 -8.03635 3
      vertex 19.4015 -8.03635 0
    endloop
  endfacet
  facet normal -0.729834 0.683624 0
    outer loop
      vertex -15.7886 13.8463 0
      vertex -14.8492 14.8492 3
      vertex -14.8492 14.8492 0
    endloop
  endfacet
  facet normal -0.729834 0.683624 0
    outer loop
      vertex -14.8492 14.8492 3
      vertex -15.7886 13.8463 0
      vertex -15.7886 13.8463 3
    endloop
  endfacet
  facet normal 0.956942 -0.290278 0
    outer loop
      vertex 19.8855 -6.75023 3
      vertex 20.2844 -5.4352 0
      vertex 20.2844 -5.4352 3
    endloop
  endfacet
  facet normal 0.956942 -0.290278 0
    outer loop
      vertex 20.2844 -5.4352 0
      vertex 19.8855 -6.75023 3
      vertex 19.8855 -6.75023 0
    endloop
  endfacet
  facet normal 0.63439 0.773013 -0
    outer loop
      vertex 13.8463 15.7886 0
      vertex 12.784 16.6604 3
      vertex 13.8463 15.7886 3
    endloop
  endfacet
  facet normal 0.63439 0.773013 0
    outer loop
      vertex 12.784 16.6604 3
      vertex 13.8463 15.7886 0
      vertex 12.784 16.6604 0
    endloop
  endfacet
  facet normal 0.812823 0.582511 0
    outer loop
      vertex 17.4609 11.667 3
      vertex 16.6604 12.784 0
      vertex 16.6604 12.784 3
    endloop
  endfacet
  facet normal 0.812823 0.582511 0
    outer loop
      vertex 16.6604 12.784 0
      vertex 17.4609 11.667 3
      vertex 17.4609 11.667 0
    endloop
  endfacet
  facet normal -0.352211 -0.935921 0
    outer loop
      vertex -8.03635 -19.4015 0
      vertex -6.75023 -19.8855 3
      vertex -8.03635 -19.4015 3
    endloop
  endfacet
  facet normal -0.352211 -0.935921 -0
    outer loop
      vertex -6.75023 -19.8855 3
      vertex -8.03635 -19.4015 0
      vertex -6.75023 -19.8855 0
    endloop
  endfacet
  facet normal -0.849231 -0.528022 0
    outer loop
      vertex -17.4609 -11.667 0
      vertex -18.1865 -10.5 3
      vertex -18.1865 -10.5 0
    endloop
  endfacet
  facet normal -0.849231 -0.528022 0
    outer loop
      vertex -18.1865 -10.5 3
      vertex -17.4609 -11.667 0
      vertex -17.4609 -11.667 3
    endloop
  endfacet
  facet normal -0.290278 0.956942 0
    outer loop
      vertex -5.4352 20.2844 0
      vertex -6.75023 19.8855 3
      vertex -5.4352 20.2844 3
    endloop
  endfacet
  facet normal -0.290278 0.956942 0
    outer loop
      vertex -6.75023 19.8855 3
      vertex -5.4352 20.2844 0
      vertex -6.75023 19.8855 0
    endloop
  endfacet
  facet normal -0.528022 -0.849231 0
    outer loop
      vertex -11.667 -17.4609 0
      vertex -10.5 -18.1865 3
      vertex -11.667 -17.4609 3
    endloop
  endfacet
  facet normal -0.528022 -0.849231 -0
    outer loop
      vertex -10.5 -18.1865 3
      vertex -11.667 -17.4609 0
      vertex -10.5 -18.1865 0
    endloop
  endfacet
  facet normal -0.986649 0.162859 0
    outer loop
      vertex -20.8203 2.74105 0
      vertex -20.5965 4.0969 3
      vertex -20.5965 4.0969 0
    endloop
  endfacet
  facet normal -0.986649 0.162859 0
    outer loop
      vertex -20.5965 4.0969 3
      vertex -20.8203 2.74105 0
      vertex -20.8203 2.74105 3
    endloop
  endfacet
  facet normal 0.0327462 0.999464 -0
    outer loop
      vertex 1.37347 20.955 0
      vertex 0 21 3
      vertex 1.37347 20.955 3
    endloop
  endfacet
  facet normal 0.0327462 0.999464 0
    outer loop
      vertex 0 21 3
      vertex 1.37347 20.955 0
      vertex 0 21 0
    endloop
  endfacet
  facet normal -0.683624 0.729834 0
    outer loop
      vertex -13.8463 15.7886 0
      vertex -14.8492 14.8492 3
      vertex -13.8463 15.7886 3
    endloop
  endfacet
  facet normal -0.683624 0.729834 0
    outer loop
      vertex -14.8492 14.8492 3
      vertex -13.8463 15.7886 0
      vertex -14.8492 14.8492 0
    endloop
  endfacet
  facet normal -0.0327462 0.999464 0
    outer loop
      vertex 0 21 0
      vertex -1.37347 20.955 3
      vertex 0 21 3
    endloop
  endfacet
  facet normal -0.0327462 0.999464 0
    outer loop
      vertex -1.37347 20.955 3
      vertex 0 21 0
      vertex -1.37347 20.955 0
    endloop
  endfacet
  facet normal 0.849231 -0.528022 0
    outer loop
      vertex 17.4609 -11.667 3
      vertex 18.1865 -10.5 0
      vertex 18.1865 -10.5 3
    endloop
  endfacet
  facet normal 0.849231 -0.528022 0
    outer loop
      vertex 18.1865 -10.5 0
      vertex 17.4609 -11.667 3
      vertex 17.4609 -11.667 0
    endloop
  endfacet
  facet normal -0.729834 -0.683624 0
    outer loop
      vertex -14.8492 -14.8492 0
      vertex -15.7886 -13.8463 3
      vertex -15.7886 -13.8463 0
    endloop
  endfacet
  facet normal -0.729834 -0.683624 0
    outer loop
      vertex -15.7886 -13.8463 3
      vertex -14.8492 -14.8492 0
      vertex -14.8492 -14.8492 3
    endloop
  endfacet
  facet normal -0.412742 0.910848 0
    outer loop
      vertex -8.03635 19.4015 0
      vertex -9.28806 18.8343 3
      vertex -8.03635 19.4015 3
    endloop
  endfacet
  facet normal -0.412742 0.910848 0
    outer loop
      vertex -9.28806 18.8343 3
      vertex -8.03635 19.4015 0
      vertex -9.28806 18.8343 0
    endloop
  endfacet
  facet normal 0.582511 -0.812823 0
    outer loop
      vertex 11.667 -17.4609 0
      vertex 12.784 -16.6604 3
      vertex 11.667 -17.4609 3
    endloop
  endfacet
  facet normal 0.582511 -0.812823 0
    outer loop
      vertex 12.784 -16.6604 3
      vertex 11.667 -17.4609 0
      vertex 12.784 -16.6604 0
    endloop
  endfacet
  facet normal -0.683624 -0.729834 0
    outer loop
      vertex -14.8492 -14.8492 0
      vertex -13.8463 -15.7886 3
      vertex -14.8492 -14.8492 3
    endloop
  endfacet
  facet normal -0.683624 -0.729834 -0
    outer loop
      vertex -13.8463 -15.7886 3
      vertex -14.8492 -14.8492 0
      vertex -13.8463 -15.7886 0
    endloop
  endfacet
  facet normal -0.773013 0.63439 0
    outer loop
      vertex -16.6604 12.784 0
      vertex -15.7886 13.8463 3
      vertex -15.7886 13.8463 0
    endloop
  endfacet
  facet normal -0.773013 0.63439 0
    outer loop
      vertex -15.7886 13.8463 3
      vertex -16.6604 12.784 0
      vertex -16.6604 12.784 3
    endloop
  endfacet
  facet normal 0.973869 -0.227112 0
    outer loop
      vertex 20.2844 -5.4352 3
      vertex 20.5965 -4.0969 0
      vertex 20.5965 -4.0969 3
    endloop
  endfacet
  facet normal 0.973869 -0.227112 0
    outer loop
      vertex 20.5965 -4.0969 0
      vertex 20.2844 -5.4352 3
      vertex 20.2844 -5.4352 0
    endloop
  endfacet
  facet normal -0.956942 -0.290278 0
    outer loop
      vertex -19.8855 -6.75023 0
      vertex -20.2844 -5.4352 3
      vertex -20.2844 -5.4352 0
    endloop
  endfacet
  facet normal -0.956942 -0.290278 0
    outer loop
      vertex -20.2844 -5.4352 3
      vertex -19.8855 -6.75023 0
      vertex -19.8855 -6.75023 3
    endloop
  endfacet
  facet normal -0.956942 0.290278 0
    outer loop
      vertex -20.2844 5.4352 0
      vertex -19.8855 6.75023 3
      vertex -19.8855 6.75023 0
    endloop
  endfacet
  facet normal -0.956942 0.290278 0
    outer loop
      vertex -19.8855 6.75023 3
      vertex -20.2844 5.4352 0
      vertex -20.2844 5.4352 3
    endloop
  endfacet
  facet normal 0.0980208 0.995184 -0
    outer loop
      vertex 2.74105 20.8203 0
      vertex 1.37347 20.955 3
      vertex 2.74105 20.8203 3
    endloop
  endfacet
  facet normal 0.0980208 0.995184 0
    outer loop
      vertex 1.37347 20.955 3
      vertex 2.74105 20.8203 0
      vertex 1.37347 20.955 0
    endloop
  endfacet
  facet normal -0.412742 -0.910848 0
    outer loop
      vertex -9.28806 -18.8343 0
      vertex -8.03635 -19.4015 3
      vertex -9.28806 -18.8343 3
    endloop
  endfacet
  facet normal -0.412742 -0.910848 -0
    outer loop
      vertex -8.03635 -19.4015 3
      vertex -9.28806 -18.8343 0
      vertex -8.03635 -19.4015 0
    endloop
  endfacet
  facet normal -0.0980208 -0.995184 0
    outer loop
      vertex -2.74105 -20.8203 0
      vertex -1.37347 -20.955 3
      vertex -2.74105 -20.8203 3
    endloop
  endfacet
  facet normal -0.0980208 -0.995184 -0
    outer loop
      vertex -1.37347 -20.955 3
      vertex -2.74105 -20.8203 0
      vertex -1.37347 -20.955 0
    endloop
  endfacet
  facet normal -0.999464 0.0327462 0
    outer loop
      vertex -21 0 0
      vertex -20.955 1.37347 3
      vertex -20.955 1.37347 0
    endloop
  endfacet
  facet normal -0.999464 0.0327462 0
    outer loop
      vertex -20.955 1.37347 3
      vertex -21 0 0
      vertex -21 0 3
    endloop
  endfacet
  facet normal 0.227112 0.973869 -0
    outer loop
      vertex 5.4352 20.2844 0
      vertex 4.0969 20.5965 3
      vertex 5.4352 20.2844 3
    endloop
  endfacet
  facet normal 0.227112 0.973869 0
    outer loop
      vertex 4.0969 20.5965 3
      vertex 5.4352 20.2844 0
      vertex 4.0969 20.5965 0
    endloop
  endfacet
  facet normal 0.290278 0.956942 -0
    outer loop
      vertex 6.75023 19.8855 0
      vertex 5.4352 20.2844 3
      vertex 6.75023 19.8855 3
    endloop
  endfacet
  facet normal 0.290278 0.956942 0
    outer loop
      vertex 5.4352 20.2844 3
      vertex 6.75023 19.8855 0
      vertex 5.4352 20.2844 0
    endloop
  endfacet
  facet normal -0.471399 0.88192 0
    outer loop
      vertex -9.28806 18.8343 0
      vertex -10.5 18.1865 3
      vertex -9.28806 18.8343 3
    endloop
  endfacet
  facet normal -0.471399 0.88192 0
    outer loop
      vertex -10.5 18.1865 3
      vertex -9.28806 18.8343 0
      vertex -10.5 18.1865 0
    endloop
  endfacet
  facet normal -0.63439 -0.773013 0
    outer loop
      vertex -13.8463 -15.7886 0
      vertex -12.784 -16.6604 3
      vertex -13.8463 -15.7886 3
    endloop
  endfacet
  facet normal -0.63439 -0.773013 -0
    outer loop
      vertex -12.784 -16.6604 3
      vertex -13.8463 -15.7886 0
      vertex -12.784 -16.6604 0
    endloop
  endfacet
  facet normal -0.471399 -0.88192 0
    outer loop
      vertex -10.5 -18.1865 0
      vertex -9.28806 -18.8343 3
      vertex -10.5 -18.1865 3
    endloop
  endfacet
  facet normal -0.471399 -0.88192 -0
    outer loop
      vertex -9.28806 -18.8343 3
      vertex -10.5 -18.1865 0
      vertex -9.28806 -18.8343 0
    endloop
  endfacet
  facet normal 0.995187 0.0979922 0
    outer loop
      vertex 27.3413 1.79205 3
      vertex 27.1656 3.57642 0
      vertex 27.1656 3.57642 3
    endloop
  endfacet
  facet normal 0.995187 0.0979922 0
    outer loop
      vertex 27.1656 3.57642 0
      vertex 27.3413 1.79205 3
      vertex 27.3413 1.79205 0
    endloop
  endfacet
  facet normal 0.999464 0.0327382 0
    outer loop
      vertex 27.4 0 3
      vertex 27.3413 1.79205 0
      vertex 27.3413 1.79205 3
    endloop
  endfacet
  facet normal 0.999464 0.0327382 0
    outer loop
      vertex 27.3413 1.79205 0
      vertex 27.4 0 3
      vertex 27.4 0 0
    endloop
  endfacet
  facet normal 0.986641 0.162911 0
    outer loop
      vertex 27.1656 3.57642 3
      vertex 26.8735 5.34547 0
      vertex 26.8735 5.34547 3
    endloop
  endfacet
  facet normal 0.986641 0.162911 0
    outer loop
      vertex 26.8735 5.34547 0
      vertex 27.1656 3.57642 3
      vertex 27.1656 3.57642 0
    endloop
  endfacet
  facet normal 0.973883 0.22705 0
    outer loop
      vertex 26.8735 5.34547 3
      vertex 26.4664 7.09164 0
      vertex 26.4664 7.09164 3
    endloop
  endfacet
  facet normal 0.973883 0.22705 0
    outer loop
      vertex 26.4664 7.09164 0
      vertex 26.8735 5.34547 3
      vertex 26.8735 5.34547 0
    endloop
  endfacet
  facet normal -0.634406 0.773 0
    outer loop
      vertex -16.6801 21.7379 0
      vertex -18.0661 20.6004 3
      vertex -16.6801 21.7379 3
    endloop
  endfacet
  facet normal -0.634406 0.773 0
    outer loop
      vertex -18.0661 20.6004 3
      vertex -16.6801 21.7379 0
      vertex -18.0661 20.6004 0
    endloop
  endfacet
  facet normal -0.22705 0.973883 0
    outer loop
      vertex -5.34547 26.8735 0
      vertex -7.09164 26.4664 3
      vertex -5.34547 26.8735 3
    endloop
  endfacet
  facet normal -0.22705 0.973883 0
    outer loop
      vertex -7.09164 26.4664 3
      vertex -5.34547 26.8735 0
      vertex -7.09164 26.4664 0
    endloop
  endfacet
  facet normal 0.986641 -0.162911 0
    outer loop
      vertex 26.8735 -5.34547 3
      vertex 27.1656 -3.57642 0
      vertex 27.1656 -3.57642 3
    endloop
  endfacet
  facet normal 0.986641 -0.162911 0
    outer loop
      vertex 27.1656 -3.57642 0
      vertex 26.8735 -5.34547 3
      vertex 26.8735 -5.34547 0
    endloop
  endfacet
  facet normal -0.881926 -0.471387 0
    outer loop
      vertex -23.7291 -13.7 0
      vertex -24.5743 -12.1187 3
      vertex -24.5743 -12.1187 0
    endloop
  endfacet
  facet normal -0.881926 -0.471387 0
    outer loop
      vertex -24.5743 -12.1187 3
      vertex -23.7291 -13.7 0
      vertex -23.7291 -13.7 3
    endloop
  endfacet
  facet normal 0.582467 0.812855 -0
    outer loop
      vertex 16.6801 21.7379 0
      vertex 15.2226 22.7823 3
      vertex 16.6801 21.7379 3
    endloop
  endfacet
  facet normal 0.582467 0.812855 0
    outer loop
      vertex 15.2226 22.7823 3
      vertex 16.6801 21.7379 0
      vertex 15.2226 22.7823 0
    endloop
  endfacet
  facet normal 0.471387 0.881926 -0
    outer loop
      vertex 13.7 23.7291 0
      vertex 12.1187 24.5743 3
      vertex 13.7 23.7291 3
    endloop
  endfacet
  facet normal 0.471387 0.881926 0
    outer loop
      vertex 12.1187 24.5743 3
      vertex 13.7 23.7291 0
      vertex 12.1187 24.5743 0
    endloop
  endfacet
  facet normal -0.773 0.634406 0
    outer loop
      vertex -21.7379 16.6801 0
      vertex -20.6004 18.0661 3
      vertex -20.6004 18.0661 0
    endloop
  endfacet
  facet normal -0.773 0.634406 0
    outer loop
      vertex -20.6004 18.0661 3
      vertex -21.7379 16.6801 0
      vertex -21.7379 16.6801 3
    endloop
  endfacet
  facet normal -0.973883 0.22705 0
    outer loop
      vertex -26.8735 5.34547 0
      vertex -26.4664 7.09164 3
      vertex -26.4664 7.09164 0
    endloop
  endfacet
  facet normal -0.973883 0.22705 0
    outer loop
      vertex -26.4664 7.09164 3
      vertex -26.8735 5.34547 0
      vertex -26.8735 5.34547 3
    endloop
  endfacet
  facet normal 0.22705 0.973883 -0
    outer loop
      vertex 7.09164 26.4664 0
      vertex 5.34547 26.8735 3
      vertex 7.09164 26.4664 3
    endloop
  endfacet
  facet normal 0.22705 0.973883 0
    outer loop
      vertex 5.34547 26.8735 3
      vertex 7.09164 26.4664 0
      vertex 5.34547 26.8735 0
    endloop
  endfacet
  facet normal 0.290294 0.956938 -0
    outer loop
      vertex 8.80744 25.9459 0
      vertex 7.09164 26.4664 3
      vertex 8.80744 25.9459 3
    endloop
  endfacet
  facet normal 0.290294 0.956938 0
    outer loop
      vertex 7.09164 26.4664 3
      vertex 8.80744 25.9459 0
      vertex 7.09164 26.4664 0
    endloop
  endfacet
  facet normal 0.910862 0.41271 0
    outer loop
      vertex 25.3143 10.4855 3
      vertex 24.5743 12.1187 0
      vertex 24.5743 12.1187 3
    endloop
  endfacet
  facet normal 0.910862 0.41271 0
    outer loop
      vertex 24.5743 12.1187 0
      vertex 25.3143 10.4855 3
      vertex 25.3143 10.4855 0
    endloop
  endfacet
  facet normal 0.973883 -0.22705 0
    outer loop
      vertex 26.4664 -7.09164 3
      vertex 26.8735 -5.34547 0
      vertex 26.8735 -5.34547 3
    endloop
  endfacet
  facet normal 0.973883 -0.22705 0
    outer loop
      vertex 26.8735 -5.34547 0
      vertex 26.4664 -7.09164 3
      vertex 26.4664 -7.09164 0
    endloop
  endfacet
  facet normal 0.471387 -0.881926 0
    outer loop
      vertex 12.1187 -24.5743 0
      vertex 13.7 -23.7291 3
      vertex 12.1187 -24.5743 3
    endloop
  endfacet
  facet normal 0.471387 -0.881926 0
    outer loop
      vertex 13.7 -23.7291 3
      vertex 12.1187 -24.5743 0
      vertex 13.7 -23.7291 0
    endloop
  endfacet
  facet normal 0.956938 0.290294 0
    outer loop
      vertex 26.4664 7.09164 3
      vertex 25.9459 8.80744 0
      vertex 25.9459 8.80744 3
    endloop
  endfacet
  facet normal 0.956938 0.290294 0
    outer loop
      vertex 25.9459 8.80744 0
      vertex 26.4664 7.09164 3
      vertex 26.4664 7.09164 0
    endloop
  endfacet
  facet normal 0.0979922 0.995187 -0
    outer loop
      vertex 3.57642 27.1656 0
      vertex 1.79205 27.3413 3
      vertex 3.57642 27.1656 3
    endloop
  endfacet
  facet normal 0.0979922 0.995187 0
    outer loop
      vertex 1.79205 27.3413 3
      vertex 3.57642 27.1656 0
      vertex 1.79205 27.3413 0
    endloop
  endfacet
  facet normal -0.41271 0.910862 0
    outer loop
      vertex -10.4855 25.3143 0
      vertex -12.1187 24.5743 3
      vertex -10.4855 25.3143 3
    endloop
  endfacet
  facet normal -0.41271 0.910862 0
    outer loop
      vertex -12.1187 24.5743 3
      vertex -10.4855 25.3143 0
      vertex -12.1187 24.5743 0
    endloop
  endfacet
  facet normal -0.999464 -0.0327382 0
    outer loop
      vertex -27.3413 -1.79205 0
      vertex -27.4 0 3
      vertex -27.4 0 0
    endloop
  endfacet
  facet normal -0.999464 -0.0327382 0
    outer loop
      vertex -27.4 0 3
      vertex -27.3413 -1.79205 0
      vertex -27.3413 -1.79205 3
    endloop
  endfacet
  facet normal -0.22705 -0.973883 0
    outer loop
      vertex -7.09164 -26.4664 0
      vertex -5.34547 -26.8735 3
      vertex -7.09164 -26.4664 3
    endloop
  endfacet
  facet normal -0.22705 -0.973883 -0
    outer loop
      vertex -5.34547 -26.8735 3
      vertex -7.09164 -26.4664 0
      vertex -5.34547 -26.8735 0
    endloop
  endfacet
  facet normal 0.0979922 -0.995187 0
    outer loop
      vertex 1.79205 -27.3413 0
      vertex 3.57642 -27.1656 3
      vertex 1.79205 -27.3413 3
    endloop
  endfacet
  facet normal 0.0979922 -0.995187 0
    outer loop
      vertex 3.57642 -27.1656 3
      vertex 1.79205 -27.3413 0
      vertex 3.57642 -27.1656 0
    endloop
  endfacet
  facet normal 0.935902 0.352261 0
    outer loop
      vertex 25.9459 8.80744 3
      vertex 25.3143 10.4855 0
      vertex 25.3143 10.4855 3
    endloop
  endfacet
  facet normal 0.935902 0.352261 0
    outer loop
      vertex 25.3143 10.4855 0
      vertex 25.9459 8.80744 3
      vertex 25.9459 8.80744 0
    endloop
  endfacet
  facet normal 0.634406 0.773 -0
    outer loop
      vertex 18.0661 20.6004 0
      vertex 16.6801 21.7379 3
      vertex 18.0661 20.6004 3
    endloop
  endfacet
  facet normal 0.634406 0.773 0
    outer loop
      vertex 16.6801 21.7379 3
      vertex 18.0661 20.6004 0
      vertex 16.6801 21.7379 0
    endloop
  endfacet
  facet normal 0.290294 -0.956938 0
    outer loop
      vertex 7.09164 -26.4664 0
      vertex 8.80744 -25.9459 3
      vertex 7.09164 -26.4664 3
    endloop
  endfacet
  facet normal 0.290294 -0.956938 0
    outer loop
      vertex 8.80744 -25.9459 3
      vertex 7.09164 -26.4664 0
      vertex 8.80744 -25.9459 0
    endloop
  endfacet
  facet normal -0.634406 -0.773 0
    outer loop
      vertex -18.0661 -20.6004 0
      vertex -16.6801 -21.7379 3
      vertex -18.0661 -20.6004 3
    endloop
  endfacet
  facet normal -0.634406 -0.773 -0
    outer loop
      vertex -16.6801 -21.7379 3
      vertex -18.0661 -20.6004 0
      vertex -16.6801 -21.7379 0
    endloop
  endfacet
  facet normal 0.812855 0.582467 0
    outer loop
      vertex 22.7823 15.2226 3
      vertex 21.7379 16.6801 0
      vertex 21.7379 16.6801 3
    endloop
  endfacet
  facet normal 0.812855 0.582467 0
    outer loop
      vertex 21.7379 16.6801 0
      vertex 22.7823 15.2226 3
      vertex 22.7823 15.2226 0
    endloop
  endfacet
  facet normal -0.0979922 -0.995187 0
    outer loop
      vertex -3.57642 -27.1656 0
      vertex -1.79205 -27.3413 3
      vertex -3.57642 -27.1656 3
    endloop
  endfacet
  facet normal -0.0979922 -0.995187 -0
    outer loop
      vertex -1.79205 -27.3413 3
      vertex -3.57642 -27.1656 0
      vertex -1.79205 -27.3413 0
    endloop
  endfacet
  facet normal -0.0979922 0.995187 0
    outer loop
      vertex -1.79205 27.3413 0
      vertex -3.57642 27.1656 3
      vertex -1.79205 27.3413 3
    endloop
  endfacet
  facet normal -0.0979922 0.995187 0
    outer loop
      vertex -3.57642 27.1656 3
      vertex -1.79205 27.3413 0
      vertex -3.57642 27.1656 0
    endloop
  endfacet
  facet normal 0.995187 -0.0979922 0
    outer loop
      vertex 27.1656 -3.57642 3
      vertex 27.3413 -1.79205 0
      vertex 27.3413 -1.79205 3
    endloop
  endfacet
  facet normal 0.995187 -0.0979922 0
    outer loop
      vertex 27.3413 -1.79205 0
      vertex 27.1656 -3.57642 3
      vertex 27.1656 -3.57642 0
    endloop
  endfacet
  facet normal 0.849206 0.528062 0
    outer loop
      vertex 23.7291 13.7 3
      vertex 22.7823 15.2226 0
      vertex 22.7823 15.2226 3
    endloop
  endfacet
  facet normal 0.849206 0.528062 0
    outer loop
      vertex 22.7823 15.2226 0
      vertex 23.7291 13.7 3
      vertex 23.7291 13.7 0
    endloop
  endfacet
  facet normal -0.471387 0.881926 0
    outer loop
      vertex -12.1187 24.5743 0
      vertex -13.7 23.7291 3
      vertex -12.1187 24.5743 3
    endloop
  endfacet
  facet normal -0.471387 0.881926 0
    outer loop
      vertex -13.7 23.7291 3
      vertex -12.1187 24.5743 0
      vertex -13.7 23.7291 0
    endloop
  endfacet
  facet normal -0.935902 -0.352261 0
    outer loop
      vertex -25.3143 -10.4855 0
      vertex -25.9459 -8.80744 3
      vertex -25.9459 -8.80744 0
    endloop
  endfacet
  facet normal -0.935902 -0.352261 0
    outer loop
      vertex -25.9459 -8.80744 3
      vertex -25.3143 -10.4855 0
      vertex -25.3143 -10.4855 3
    endloop
  endfacet
  facet normal -0.0327382 -0.999464 0
    outer loop
      vertex -1.79205 -27.3413 0
      vertex 0 -27.4 3
      vertex -1.79205 -27.3413 3
    endloop
  endfacet
  facet normal -0.0327382 -0.999464 -0
    outer loop
      vertex 0 -27.4 3
      vertex -1.79205 -27.3413 0
      vertex 0 -27.4 0
    endloop
  endfacet
  facet normal 0.528062 0.849206 -0
    outer loop
      vertex 15.2226 22.7823 0
      vertex 13.7 23.7291 3
      vertex 15.2226 22.7823 3
    endloop
  endfacet
  facet normal 0.528062 0.849206 0
    outer loop
      vertex 13.7 23.7291 3
      vertex 15.2226 22.7823 0
      vertex 13.7 23.7291 0
    endloop
  endfacet
  facet normal 0.729847 -0.683611 0
    outer loop
      vertex 19.3747 -19.3747 3
      vertex 20.6004 -18.0661 0
      vertex 20.6004 -18.0661 3
    endloop
  endfacet
  facet normal 0.729847 -0.683611 0
    outer loop
      vertex 20.6004 -18.0661 0
      vertex 19.3747 -19.3747 3
      vertex 19.3747 -19.3747 0
    endloop
  endfacet
  facet normal 0.881926 0.471387 0
    outer loop
      vertex 24.5743 12.1187 3
      vertex 23.7291 13.7 0
      vertex 23.7291 13.7 3
    endloop
  endfacet
  facet normal 0.881926 0.471387 0
    outer loop
      vertex 23.7291 13.7 0
      vertex 24.5743 12.1187 3
      vertex 24.5743 12.1187 0
    endloop
  endfacet
  facet normal 0.729847 0.683611 0
    outer loop
      vertex 20.6004 18.0661 3
      vertex 19.3747 19.3747 0
      vertex 19.3747 19.3747 3
    endloop
  endfacet
  facet normal 0.729847 0.683611 0
    outer loop
      vertex 19.3747 19.3747 0
      vertex 20.6004 18.0661 3
      vertex 20.6004 18.0661 0
    endloop
  endfacet
  facet normal 0.683611 0.729847 -0
    outer loop
      vertex 19.3747 19.3747 0
      vertex 18.0661 20.6004 3
      vertex 19.3747 19.3747 3
    endloop
  endfacet
  facet normal 0.683611 0.729847 0
    outer loop
      vertex 18.0661 20.6004 3
      vertex 19.3747 19.3747 0
      vertex 18.0661 20.6004 0
    endloop
  endfacet
  facet normal 0.22705 -0.973883 0
    outer loop
      vertex 5.34547 -26.8735 0
      vertex 7.09164 -26.4664 3
      vertex 5.34547 -26.8735 3
    endloop
  endfacet
  facet normal 0.22705 -0.973883 0
    outer loop
      vertex 7.09164 -26.4664 3
      vertex 5.34547 -26.8735 0
      vertex 7.09164 -26.4664 0
    endloop
  endfacet
  facet normal 0.582467 -0.812855 0
    outer loop
      vertex 15.2226 -22.7823 0
      vertex 16.6801 -21.7379 3
      vertex 15.2226 -22.7823 3
    endloop
  endfacet
  facet normal 0.582467 -0.812855 0
    outer loop
      vertex 16.6801 -21.7379 3
      vertex 15.2226 -22.7823 0
      vertex 16.6801 -21.7379 0
    endloop
  endfacet
  facet normal 0.352261 0.935902 -0
    outer loop
      vertex 10.4855 25.3143 0
      vertex 8.80744 25.9459 3
      vertex 10.4855 25.3143 3
    endloop
  endfacet
  facet normal 0.352261 0.935902 0
    outer loop
      vertex 8.80744 25.9459 3
      vertex 10.4855 25.3143 0
      vertex 8.80744 25.9459 0
    endloop
  endfacet
  facet normal -0.910862 0.41271 0
    outer loop
      vertex -25.3143 10.4855 0
      vertex -24.5743 12.1187 3
      vertex -24.5743 12.1187 0
    endloop
  endfacet
  facet normal -0.910862 0.41271 0
    outer loop
      vertex -24.5743 12.1187 3
      vertex -25.3143 10.4855 0
      vertex -25.3143 10.4855 3
    endloop
  endfacet
  facet normal -0.162911 -0.986641 0
    outer loop
      vertex -5.34547 -26.8735 0
      vertex -3.57642 -27.1656 3
      vertex -5.34547 -26.8735 3
    endloop
  endfacet
  facet normal -0.162911 -0.986641 -0
    outer loop
      vertex -3.57642 -27.1656 3
      vertex -5.34547 -26.8735 0
      vertex -3.57642 -27.1656 0
    endloop
  endfacet
  facet normal 0.773 -0.634406 0
    outer loop
      vertex 20.6004 -18.0661 3
      vertex 21.7379 -16.6801 0
      vertex 21.7379 -16.6801 3
    endloop
  endfacet
  facet normal 0.773 -0.634406 0
    outer loop
      vertex 21.7379 -16.6801 0
      vertex 20.6004 -18.0661 3
      vertex 20.6004 -18.0661 0
    endloop
  endfacet
  facet normal 0.41271 -0.910862 0
    outer loop
      vertex 10.4855 -25.3143 0
      vertex 12.1187 -24.5743 3
      vertex 10.4855 -25.3143 3
    endloop
  endfacet
  facet normal 0.41271 -0.910862 0
    outer loop
      vertex 12.1187 -24.5743 3
      vertex 10.4855 -25.3143 0
      vertex 12.1187 -24.5743 0
    endloop
  endfacet
  facet normal 0.999464 -0.0327382 0
    outer loop
      vertex 27.3413 -1.79205 3
      vertex 27.4 0 0
      vertex 27.4 0 3
    endloop
  endfacet
  facet normal 0.999464 -0.0327382 0
    outer loop
      vertex 27.4 0 0
      vertex 27.3413 -1.79205 3
      vertex 27.3413 -1.79205 0
    endloop
  endfacet
  facet normal -0.528062 0.849206 0
    outer loop
      vertex -13.7 23.7291 0
      vertex -15.2226 22.7823 3
      vertex -13.7 23.7291 3
    endloop
  endfacet
  facet normal -0.528062 0.849206 0
    outer loop
      vertex -15.2226 22.7823 3
      vertex -13.7 23.7291 0
      vertex -15.2226 22.7823 0
    endloop
  endfacet
  facet normal 0.0327382 0.999464 -0
    outer loop
      vertex 1.79205 27.3413 0
      vertex 0 27.4 3
      vertex 1.79205 27.3413 3
    endloop
  endfacet
  facet normal 0.0327382 0.999464 0
    outer loop
      vertex 0 27.4 3
      vertex 1.79205 27.3413 0
      vertex 0 27.4 0
    endloop
  endfacet
  facet normal 0.849206 -0.528062 0
    outer loop
      vertex 22.7823 -15.2226 3
      vertex 23.7291 -13.7 0
      vertex 23.7291 -13.7 3
    endloop
  endfacet
  facet normal 0.849206 -0.528062 0
    outer loop
      vertex 23.7291 -13.7 0
      vertex 22.7823 -15.2226 3
      vertex 22.7823 -15.2226 0
    endloop
  endfacet
  facet normal 0.352261 -0.935902 0
    outer loop
      vertex 8.80744 -25.9459 0
      vertex 10.4855 -25.3143 3
      vertex 8.80744 -25.9459 3
    endloop
  endfacet
  facet normal 0.352261 -0.935902 0
    outer loop
      vertex 10.4855 -25.3143 3
      vertex 8.80744 -25.9459 0
      vertex 10.4855 -25.3143 0
    endloop
  endfacet
  facet normal -0.528062 -0.849206 0
    outer loop
      vertex -15.2226 -22.7823 0
      vertex -13.7 -23.7291 3
      vertex -15.2226 -22.7823 3
    endloop
  endfacet
  facet normal -0.528062 -0.849206 -0
    outer loop
      vertex -13.7 -23.7291 3
      vertex -15.2226 -22.7823 0
      vertex -13.7 -23.7291 0
    endloop
  endfacet
  facet normal 0.881926 -0.471387 0
    outer loop
      vertex 23.7291 -13.7 3
      vertex 24.5743 -12.1187 0
      vertex 24.5743 -12.1187 3
    endloop
  endfacet
  facet normal 0.881926 -0.471387 0
    outer loop
      vertex 24.5743 -12.1187 0
      vertex 23.7291 -13.7 3
      vertex 23.7291 -13.7 0
    endloop
  endfacet
  facet normal -0.935902 0.352261 0
    outer loop
      vertex -25.9459 8.80744 0
      vertex -25.3143 10.4855 3
      vertex -25.3143 10.4855 0
    endloop
  endfacet
  facet normal -0.935902 0.352261 0
    outer loop
      vertex -25.3143 10.4855 3
      vertex -25.9459 8.80744 0
      vertex -25.9459 8.80744 3
    endloop
  endfacet
  facet normal -0.773 -0.634406 0
    outer loop
      vertex -20.6004 -18.0661 0
      vertex -21.7379 -16.6801 3
      vertex -21.7379 -16.6801 0
    endloop
  endfacet
  facet normal -0.773 -0.634406 0
    outer loop
      vertex -21.7379 -16.6801 3
      vertex -20.6004 -18.0661 0
      vertex -20.6004 -18.0661 3
    endloop
  endfacet
  facet normal -0.986641 0.162911 0
    outer loop
      vertex -27.1656 3.57642 0
      vertex -26.8735 5.34547 3
      vertex -26.8735 5.34547 0
    endloop
  endfacet
  facet normal -0.986641 0.162911 0
    outer loop
      vertex -26.8735 5.34547 3
      vertex -27.1656 3.57642 0
      vertex -27.1656 3.57642 3
    endloop
  endfacet
  facet normal -0.162911 0.986641 0
    outer loop
      vertex -3.57642 27.1656 0
      vertex -5.34547 26.8735 3
      vertex -3.57642 27.1656 3
    endloop
  endfacet
  facet normal -0.162911 0.986641 0
    outer loop
      vertex -5.34547 26.8735 3
      vertex -3.57642 27.1656 0
      vertex -5.34547 26.8735 0
    endloop
  endfacet
  facet normal 0.683611 -0.729847 0
    outer loop
      vertex 18.0661 -20.6004 0
      vertex 19.3747 -19.3747 3
      vertex 18.0661 -20.6004 3
    endloop
  endfacet
  facet normal 0.683611 -0.729847 0
    outer loop
      vertex 19.3747 -19.3747 3
      vertex 18.0661 -20.6004 0
      vertex 19.3747 -19.3747 0
    endloop
  endfacet
  facet normal -0.0327382 0.999464 0
    outer loop
      vertex 0 27.4 0
      vertex -1.79205 27.3413 3
      vertex 0 27.4 3
    endloop
  endfacet
  facet normal -0.0327382 0.999464 0
    outer loop
      vertex -1.79205 27.3413 3
      vertex 0 27.4 0
      vertex -1.79205 27.3413 0
    endloop
  endfacet
  facet normal -0.995187 0.0979922 0
    outer loop
      vertex -27.3413 1.79205 0
      vertex -27.1656 3.57642 3
      vertex -27.1656 3.57642 0
    endloop
  endfacet
  facet normal -0.995187 0.0979922 0
    outer loop
      vertex -27.1656 3.57642 3
      vertex -27.3413 1.79205 0
      vertex -27.3413 1.79205 3
    endloop
  endfacet
  facet normal 0.162911 -0.986641 0
    outer loop
      vertex 3.57642 -27.1656 0
      vertex 5.34547 -26.8735 3
      vertex 3.57642 -27.1656 3
    endloop
  endfacet
  facet normal 0.162911 -0.986641 0
    outer loop
      vertex 5.34547 -26.8735 3
      vertex 3.57642 -27.1656 0
      vertex 5.34547 -26.8735 0
    endloop
  endfacet
  facet normal -0.290294 0.956938 0
    outer loop
      vertex -7.09164 26.4664 0
      vertex -8.80744 25.9459 3
      vertex -7.09164 26.4664 3
    endloop
  endfacet
  facet normal -0.290294 0.956938 0
    outer loop
      vertex -8.80744 25.9459 3
      vertex -7.09164 26.4664 0
      vertex -8.80744 25.9459 0
    endloop
  endfacet
  facet normal 0.634406 -0.773 0
    outer loop
      vertex 16.6801 -21.7379 0
      vertex 18.0661 -20.6004 3
      vertex 16.6801 -21.7379 3
    endloop
  endfacet
  facet normal 0.634406 -0.773 0
    outer loop
      vertex 18.0661 -20.6004 3
      vertex 16.6801 -21.7379 0
      vertex 18.0661 -20.6004 0
    endloop
  endfacet
  facet normal 0.528062 -0.849206 0
    outer loop
      vertex 13.7 -23.7291 0
      vertex 15.2226 -22.7823 3
      vertex 13.7 -23.7291 3
    endloop
  endfacet
  facet normal 0.528062 -0.849206 0
    outer loop
      vertex 15.2226 -22.7823 3
      vertex 13.7 -23.7291 0
      vertex 15.2226 -22.7823 0
    endloop
  endfacet
  facet normal -0.729847 -0.683611 0
    outer loop
      vertex -19.3747 -19.3747 0
      vertex -20.6004 -18.0661 3
      vertex -20.6004 -18.0661 0
    endloop
  endfacet
  facet normal -0.729847 -0.683611 0
    outer loop
      vertex -20.6004 -18.0661 3
      vertex -19.3747 -19.3747 0
      vertex -19.3747 -19.3747 3
    endloop
  endfacet
  facet normal 0.773 0.634406 0
    outer loop
      vertex 21.7379 16.6801 3
      vertex 20.6004 18.0661 0
      vertex 20.6004 18.0661 3
    endloop
  endfacet
  facet normal 0.773 0.634406 0
    outer loop
      vertex 20.6004 18.0661 0
      vertex 21.7379 16.6801 3
      vertex 21.7379 16.6801 0
    endloop
  endfacet
  facet normal 0.935902 -0.352261 0
    outer loop
      vertex 25.3143 -10.4855 3
      vertex 25.9459 -8.80744 0
      vertex 25.9459 -8.80744 3
    endloop
  endfacet
  facet normal 0.935902 -0.352261 0
    outer loop
      vertex 25.9459 -8.80744 0
      vertex 25.3143 -10.4855 3
      vertex 25.3143 -10.4855 0
    endloop
  endfacet
  facet normal 0.956938 -0.290294 0
    outer loop
      vertex 25.9459 -8.80744 3
      vertex 26.4664 -7.09164 0
      vertex 26.4664 -7.09164 3
    endloop
  endfacet
  facet normal 0.956938 -0.290294 0
    outer loop
      vertex 26.4664 -7.09164 0
      vertex 25.9459 -8.80744 3
      vertex 25.9459 -8.80744 0
    endloop
  endfacet
  facet normal -0.986641 -0.162911 0
    outer loop
      vertex -26.8735 -5.34547 0
      vertex -27.1656 -3.57642 3
      vertex -27.1656 -3.57642 0
    endloop
  endfacet
  facet normal -0.986641 -0.162911 0
    outer loop
      vertex -27.1656 -3.57642 3
      vertex -26.8735 -5.34547 0
      vertex -26.8735 -5.34547 3
    endloop
  endfacet
  facet normal -0.881926 0.471387 0
    outer loop
      vertex -24.5743 12.1187 0
      vertex -23.7291 13.7 3
      vertex -23.7291 13.7 0
    endloop
  endfacet
  facet normal -0.881926 0.471387 0
    outer loop
      vertex -23.7291 13.7 3
      vertex -24.5743 12.1187 0
      vertex -24.5743 12.1187 3
    endloop
  endfacet
  facet normal -0.683611 0.729847 0
    outer loop
      vertex -18.0661 20.6004 0
      vertex -19.3747 19.3747 3
      vertex -18.0661 20.6004 3
    endloop
  endfacet
  facet normal -0.683611 0.729847 0
    outer loop
      vertex -19.3747 19.3747 3
      vertex -18.0661 20.6004 0
      vertex -19.3747 19.3747 0
    endloop
  endfacet
  facet normal 0.910862 -0.41271 0
    outer loop
      vertex 24.5743 -12.1187 3
      vertex 25.3143 -10.4855 0
      vertex 25.3143 -10.4855 3
    endloop
  endfacet
  facet normal 0.910862 -0.41271 0
    outer loop
      vertex 25.3143 -10.4855 0
      vertex 24.5743 -12.1187 3
      vertex 24.5743 -12.1187 0
    endloop
  endfacet
  facet normal 0.162911 0.986641 -0
    outer loop
      vertex 5.34547 26.8735 0
      vertex 3.57642 27.1656 3
      vertex 5.34547 26.8735 3
    endloop
  endfacet
  facet normal 0.162911 0.986641 0
    outer loop
      vertex 3.57642 27.1656 3
      vertex 5.34547 26.8735 0
      vertex 3.57642 27.1656 0
    endloop
  endfacet
  facet normal -0.352261 0.935902 0
    outer loop
      vertex -8.80744 25.9459 0
      vertex -10.4855 25.3143 3
      vertex -8.80744 25.9459 3
    endloop
  endfacet
  facet normal -0.352261 0.935902 0
    outer loop
      vertex -10.4855 25.3143 3
      vertex -8.80744 25.9459 0
      vertex -10.4855 25.3143 0
    endloop
  endfacet
  facet normal -0.999464 0.0327382 0
    outer loop
      vertex -27.4 0 0
      vertex -27.3413 1.79205 3
      vertex -27.3413 1.79205 0
    endloop
  endfacet
  facet normal -0.999464 0.0327382 0
    outer loop
      vertex -27.3413 1.79205 3
      vertex -27.4 0 0
      vertex -27.4 0 3
    endloop
  endfacet
  facet normal -0.729847 0.683611 0
    outer loop
      vertex -20.6004 18.0661 0
      vertex -19.3747 19.3747 3
      vertex -19.3747 19.3747 0
    endloop
  endfacet
  facet normal -0.729847 0.683611 0
    outer loop
      vertex -19.3747 19.3747 3
      vertex -20.6004 18.0661 0
      vertex -20.6004 18.0661 3
    endloop
  endfacet
  facet normal -0.683611 -0.729847 0
    outer loop
      vertex -19.3747 -19.3747 0
      vertex -18.0661 -20.6004 3
      vertex -19.3747 -19.3747 3
    endloop
  endfacet
  facet normal -0.683611 -0.729847 -0
    outer loop
      vertex -18.0661 -20.6004 3
      vertex -19.3747 -19.3747 0
      vertex -18.0661 -20.6004 0
    endloop
  endfacet
  facet normal -0.995187 -0.0979922 0
    outer loop
      vertex -27.1656 -3.57642 0
      vertex -27.3413 -1.79205 3
      vertex -27.3413 -1.79205 0
    endloop
  endfacet
  facet normal -0.995187 -0.0979922 0
    outer loop
      vertex -27.3413 -1.79205 3
      vertex -27.1656 -3.57642 0
      vertex -27.1656 -3.57642 3
    endloop
  endfacet
  facet normal -0.582467 -0.812855 0
    outer loop
      vertex -16.6801 -21.7379 0
      vertex -15.2226 -22.7823 3
      vertex -16.6801 -21.7379 3
    endloop
  endfacet
  facet normal -0.582467 -0.812855 -0
    outer loop
      vertex -15.2226 -22.7823 3
      vertex -16.6801 -21.7379 0
      vertex -15.2226 -22.7823 0
    endloop
  endfacet
  facet normal 0.41271 0.910862 -0
    outer loop
      vertex 12.1187 24.5743 0
      vertex 10.4855 25.3143 3
      vertex 12.1187 24.5743 3
    endloop
  endfacet
  facet normal 0.41271 0.910862 0
    outer loop
      vertex 10.4855 25.3143 3
      vertex 12.1187 24.5743 0
      vertex 10.4855 25.3143 0
    endloop
  endfacet
  facet normal -0.849206 0.528062 0
    outer loop
      vertex -23.7291 13.7 0
      vertex -22.7823 15.2226 3
      vertex -22.7823 15.2226 0
    endloop
  endfacet
  facet normal -0.849206 0.528062 0
    outer loop
      vertex -22.7823 15.2226 3
      vertex -23.7291 13.7 0
      vertex -23.7291 13.7 3
    endloop
  endfacet
  facet normal -0.973883 -0.22705 0
    outer loop
      vertex -26.4664 -7.09164 0
      vertex -26.8735 -5.34547 3
      vertex -26.8735 -5.34547 0
    endloop
  endfacet
  facet normal -0.973883 -0.22705 0
    outer loop
      vertex -26.8735 -5.34547 3
      vertex -26.4664 -7.09164 0
      vertex -26.4664 -7.09164 3
    endloop
  endfacet
  facet normal 0.0327382 -0.999464 0
    outer loop
      vertex 0 -27.4 0
      vertex 1.79205 -27.3413 3
      vertex 0 -27.4 3
    endloop
  endfacet
  facet normal 0.0327382 -0.999464 0
    outer loop
      vertex 1.79205 -27.3413 3
      vertex 0 -27.4 0
      vertex 1.79205 -27.3413 0
    endloop
  endfacet
  facet normal -0.812855 -0.582467 0
    outer loop
      vertex -21.7379 -16.6801 0
      vertex -22.7823 -15.2226 3
      vertex -22.7823 -15.2226 0
    endloop
  endfacet
  facet normal -0.812855 -0.582467 0
    outer loop
      vertex -22.7823 -15.2226 3
      vertex -21.7379 -16.6801 0
      vertex -21.7379 -16.6801 3
    endloop
  endfacet
  facet normal 0.812855 -0.582467 0
    outer loop
      vertex 21.7379 -16.6801 3
      vertex 22.7823 -15.2226 0
      vertex 22.7823 -15.2226 3
    endloop
  endfacet
  facet normal 0.812855 -0.582467 0
    outer loop
      vertex 22.7823 -15.2226 0
      vertex 21.7379 -16.6801 3
      vertex 21.7379 -16.6801 0
    endloop
  endfacet
  facet normal -0.956938 0.290294 0
    outer loop
      vertex -26.4664 7.09164 0
      vertex -25.9459 8.80744 3
      vertex -25.9459 8.80744 0
    endloop
  endfacet
  facet normal -0.956938 0.290294 0
    outer loop
      vertex -25.9459 8.80744 3
      vertex -26.4664 7.09164 0
      vertex -26.4664 7.09164 3
    endloop
  endfacet
  facet normal -0.849206 -0.528062 0
    outer loop
      vertex -22.7823 -15.2226 0
      vertex -23.7291 -13.7 3
      vertex -23.7291 -13.7 0
    endloop
  endfacet
  facet normal -0.849206 -0.528062 0
    outer loop
      vertex -23.7291 -13.7 3
      vertex -22.7823 -15.2226 0
      vertex -22.7823 -15.2226 3
    endloop
  endfacet
  facet normal 0 0 1
    outer loop
      vertex 26 0 3
      vertex 27.4 0 3
      vertex 27.3413 1.79205 3
    endloop
  endfacet
  facet normal 0 0 1
    outer loop
      vertex 25.9443 1.70048 3
      vertex 27.3413 1.79205 3
      vertex 27.1656 3.57642 3
    endloop
  endfacet
  facet normal 0 0 1
    outer loop
      vertex 27.4 0 3
      vertex 26 0 3
      vertex 27.3413 -1.79205 3
    endloop
  endfacet
  facet normal 0 0 1
    outer loop
      vertex 25.7776 3.39368 3
      vertex 27.1656 3.57642 3
      vertex 26.8735 5.34547 3
    endloop
  endfacet
  facet normal -0 0 1
    outer loop
      vertex 25.9443 -1.70048 3
      vertex 27.3413 -1.79205 3
      vertex 26 0 3
    endloop
  endfacet
  facet normal 0 0 1
    outer loop
      vertex 25.5004 5.07235 3
      vertex 26.8735 5.34547 3
      vertex 26.4664 7.09164 3
    endloop
  endfacet
  facet normal 0 0 1
    outer loop
      vertex 27.3413 -1.79205 3
      vertex 25.9443 -1.70048 3
      vertex 27.1656 -3.57642 3
    endloop
  endfacet
  facet normal -0 0 1
    outer loop
      vertex 25.7776 -3.39368 3
      vertex 27.1656 -3.57642 3
      vertex 25.9443 -1.70048 3
    endloop
  endfacet
  facet normal 0 0 1
    outer loop
      vertex 25.1141 6.72929 3
      vertex 26.4664 7.09164 3
      vertex 25.9459 8.80744 3
    endloop
  endfacet
  facet normal 0 0 1
    outer loop
      vertex 27.3413 1.79205 3
      vertex 25.9443 1.70048 3
      vertex 26 0 3
    endloop
  endfacet
  facet normal 0 0 1
    outer loop
      vertex 27.1656 3.57642 3
      vertex 25.7776 3.39368 3
      vertex 25.9443 1.70048 3
    endloop
  endfacet
  facet normal 0 0 1
    outer loop
      vertex 26.8735 5.34547 3
      vertex 25.5004 5.07235 3
      vertex 25.7776 3.39368 3
    endloop
  endfacet
  facet normal 0 0 1
    outer loop
      vertex 24.6202 8.35743 3
      vertex 25.9459 8.80744 3
      vertex 25.3143 10.4855 3
    endloop
  endfacet
  facet normal 0 0 1
    outer loop
      vertex 26.4664 7.09164 3
      vertex 25.1141 6.72929 3
      vertex 25.5004 5.07235 3
    endloop
  endfacet
  facet normal 0 0 1
    outer loop
      vertex 25.9459 8.80744 3
      vertex 24.6202 8.35743 3
      vertex 25.1141 6.72929 3
    endloop
  endfacet
  facet normal 0 0 1
    outer loop
      vertex 24.0209 9.94977 3
      vertex 25.3143 10.4855 3
      vertex 24.5743 12.1187 3
    endloop
  endfacet
  facet normal 0 0 1
    outer loop
      vertex 25.3143 10.4855 3
      vertex 24.0209 9.94977 3
      vertex 24.6202 8.35743 3
    endloop
  endfacet
  facet normal 0 0 1
    outer loop
      vertex 23.3187 11.4995 3
      vertex 24.5743 12.1187 3
      vertex 23.7291 13.7 3
    endloop
  endfacet
  facet normal 0 0 1
    outer loop
      vertex 24.5743 12.1187 3
      vertex 23.3187 11.4995 3
      vertex 24.0209 9.94977 3
    endloop
  endfacet
  facet normal 0 0 1
    outer loop
      vertex 22.5167 13 3
      vertex 23.7291 13.7 3
      vertex 22.7823 15.2226 3
    endloop
  endfacet
  facet normal 0 0 1
    outer loop
      vertex 23.7291 13.7 3
      vertex 22.5167 13 3
      vertex 23.3187 11.4995 3
    endloop
  endfacet
  facet normal 0 0 1
    outer loop
      vertex 21.6182 14.4448 3
      vertex 22.7823 15.2226 3
      vertex 21.7379 16.6801 3
    endloop
  endfacet
  facet normal 0 0 1
    outer loop
      vertex 22.7823 15.2226 3
      vertex 21.6182 14.4448 3
      vertex 22.5167 13 3
    endloop
  endfacet
  facet normal 0 0 1
    outer loop
      vertex 21.7379 16.6801 3
      vertex 20.6272 15.8278 3
      vertex 21.6182 14.4448 3
    endloop
  endfacet
  facet normal 0 0 1
    outer loop
      vertex 20.6004 18.0661 3
      vertex 20.6272 15.8278 3
      vertex 21.7379 16.6801 3
    endloop
  endfacet
  facet normal 0 0 1
    outer loop
      vertex 20.6004 18.0661 3
      vertex 19.5478 17.143 3
      vertex 20.6272 15.8278 3
    endloop
  endfacet
  facet normal 0 0 1
    outer loop
      vertex 19.3747 19.3747 3
      vertex 19.5478 17.143 3
      vertex 20.6004 18.0661 3
    endloop
  endfacet
  facet normal 0 0 1
    outer loop
      vertex 19.3747 19.3747 3
      vertex 18.3848 18.3848 3
      vertex 19.5478 17.143 3
    endloop
  endfacet
  facet normal 0 0 1
    outer loop
      vertex 18.0661 20.6004 3
      vertex 18.3848 18.3848 3
      vertex 19.3747 19.3747 3
    endloop
  endfacet
  facet normal 0 0 1
    outer loop
      vertex 18.0661 20.6004 3
      vertex 17.143 19.5478 3
      vertex 18.3848 18.3848 3
    endloop
  endfacet
  facet normal 0 0 1
    outer loop
      vertex 16.6801 21.7379 3
      vertex 17.143 19.5478 3
      vertex 18.0661 20.6004 3
    endloop
  endfacet
  facet normal 0 0 1
    outer loop
      vertex 16.6801 21.7379 3
      vertex 15.8278 20.6272 3
      vertex 17.143 19.5478 3
    endloop
  endfacet
  facet normal 0 0 1
    outer loop
      vertex 15.2226 22.7823 3
      vertex 15.8278 20.6272 3
      vertex 16.6801 21.7379 3
    endloop
  endfacet
  facet normal 0 0 1
    outer loop
      vertex 15.2226 22.7823 3
      vertex 14.4448 21.6182 3
      vertex 15.8278 20.6272 3
    endloop
  endfacet
  facet normal 0 0 1
    outer loop
      vertex 13.7 23.7291 3
      vertex 14.4448 21.6182 3
      vertex 15.2226 22.7823 3
    endloop
  endfacet
  facet normal 0 0 1
    outer loop
      vertex 13.7 23.7291 3
      vertex 13 22.5167 3
      vertex 14.4448 21.6182 3
    endloop
  endfacet
  facet normal 0 0 1
    outer loop
      vertex 12.1187 24.5743 3
      vertex 13 22.5167 3
      vertex 13.7 23.7291 3
    endloop
  endfacet
  facet normal 0 0 1
    outer loop
      vertex 12.1187 24.5743 3
      vertex 11.4995 23.3187 3
      vertex 13 22.5167 3
    endloop
  endfacet
  facet normal 0 0 1
    outer loop
      vertex 10.4855 25.3143 3
      vertex 11.4995 23.3187 3
      vertex 12.1187 24.5743 3
    endloop
  endfacet
  facet normal 0 0 1
    outer loop
      vertex 10.4855 25.3143 3
      vertex 9.94977 24.0209 3
      vertex 11.4995 23.3187 3
    endloop
  endfacet
  facet normal 0 0 1
    outer loop
      vertex 8.80744 25.9459 3
      vertex 9.94977 24.0209 3
      vertex 10.4855 25.3143 3
    endloop
  endfacet
  facet normal 0 0 1
    outer loop
      vertex 8.80744 25.9459 3
      vertex 8.35743 24.6202 3
      vertex 9.94977 24.0209 3
    endloop
  endfacet
  facet normal 0 0 1
    outer loop
      vertex 7.09164 26.4664 3
      vertex 8.35743 24.6202 3
      vertex 8.80744 25.9459 3
    endloop
  endfacet
  facet normal 0 0 1
    outer loop
      vertex 7.09164 26.4664 3
      vertex 6.72929 25.1141 3
      vertex 8.35743 24.6202 3
    endloop
  endfacet
  facet normal 0 0 1
    outer loop
      vertex 5.34547 26.8735 3
      vertex 6.72929 25.1141 3
      vertex 7.09164 26.4664 3
    endloop
  endfacet
  facet normal 0 0 1
    outer loop
      vertex 5.34547 26.8735 3
      vertex 5.07235 25.5004 3
      vertex 6.72929 25.1141 3
    endloop
  endfacet
  facet normal 0 0 1
    outer loop
      vertex 3.57642 27.1656 3
      vertex 5.07235 25.5004 3
      vertex 5.34547 26.8735 3
    endloop
  endfacet
  facet normal 0 0 1
    outer loop
      vertex 3.57642 27.1656 3
      vertex 3.39368 25.7776 3
      vertex 5.07235 25.5004 3
    endloop
  endfacet
  facet normal 0 0 1
    outer loop
      vertex 1.79205 27.3413 3
      vertex 3.39368 25.7776 3
      vertex 3.57642 27.1656 3
    endloop
  endfacet
  facet normal 0 0 1
    outer loop
      vertex 1.79205 27.3413 3
      vertex 1.70048 25.9443 3
      vertex 3.39368 25.7776 3
    endloop
  endfacet
  facet normal 0 0 1
    outer loop
      vertex 0 27.4 3
      vertex 1.70048 25.9443 3
      vertex 1.79205 27.3413 3
    endloop
  endfacet
  facet normal 0 0 1
    outer loop
      vertex 0 27.4 3
      vertex 0 26 3
      vertex 1.70048 25.9443 3
    endloop
  endfacet
  facet normal 0 0 1
    outer loop
      vertex 0 27.4 3
      vertex -1.70048 25.9443 3
      vertex 0 26 3
    endloop
  endfacet
  facet normal -0 0 1
    outer loop
      vertex -1.79205 27.3413 3
      vertex -1.70048 25.9443 3
      vertex 0 27.4 3
    endloop
  endfacet
  facet normal 0 0 1
    outer loop
      vertex -1.79205 27.3413 3
      vertex -3.39368 25.7776 3
      vertex -1.70048 25.9443 3
    endloop
  endfacet
  facet normal -0 0 1
    outer loop
      vertex -3.57642 27.1656 3
      vertex -3.39368 25.7776 3
      vertex -1.79205 27.3413 3
    endloop
  endfacet
  facet normal 0 0 1
    outer loop
      vertex -3.57642 27.1656 3
      vertex -5.07235 25.5004 3
      vertex -3.39368 25.7776 3
    endloop
  endfacet
  facet normal -0 0 1
    outer loop
      vertex -5.34547 26.8735 3
      vertex -5.07235 25.5004 3
      vertex -3.57642 27.1656 3
    endloop
  endfacet
  facet normal 0 0 1
    outer loop
      vertex -5.34547 26.8735 3
      vertex -6.72929 25.1141 3
      vertex -5.07235 25.5004 3
    endloop
  endfacet
  facet normal -0 0 1
    outer loop
      vertex -7.09164 26.4664 3
      vertex -6.72929 25.1141 3
      vertex -5.34547 26.8735 3
    endloop
  endfacet
  facet normal 0 0 1
    outer loop
      vertex -7.09164 26.4664 3
      vertex -8.35743 24.6202 3
      vertex -6.72929 25.1141 3
    endloop
  endfacet
  facet normal -0 0 1
    outer loop
      vertex -8.80744 25.9459 3
      vertex -8.35743 24.6202 3
      vertex -7.09164 26.4664 3
    endloop
  endfacet
  facet normal 0 0 1
    outer loop
      vertex -8.80744 25.9459 3
      vertex -9.94977 24.0209 3
      vertex -8.35743 24.6202 3
    endloop
  endfacet
  facet normal -0 0 1
    outer loop
      vertex -10.4855 25.3143 3
      vertex -9.94977 24.0209 3
      vertex -8.80744 25.9459 3
    endloop
  endfacet
  facet normal 0 0 1
    outer loop
      vertex -10.4855 25.3143 3
      vertex -11.4995 23.3187 3
      vertex -9.94977 24.0209 3
    endloop
  endfacet
  facet normal -0 0 1
    outer loop
      vertex -12.1187 24.5743 3
      vertex -11.4995 23.3187 3
      vertex -10.4855 25.3143 3
    endloop
  endfacet
  facet normal 0 0 1
    outer loop
      vertex -12.1187 24.5743 3
      vertex -13 22.5167 3
      vertex -11.4995 23.3187 3
    endloop
  endfacet
  facet normal -0 0 1
    outer loop
      vertex -13.7 23.7291 3
      vertex -13 22.5167 3
      vertex -12.1187 24.5743 3
    endloop
  endfacet
  facet normal 0 0 1
    outer loop
      vertex -13.7 23.7291 3
      vertex -14.4448 21.6182 3
      vertex -13 22.5167 3
    endloop
  endfacet
  facet normal -0 0 1
    outer loop
      vertex -15.2226 22.7823 3
      vertex -14.4448 21.6182 3
      vertex -13.7 23.7291 3
    endloop
  endfacet
  facet normal 0 0 1
    outer loop
      vertex -15.2226 22.7823 3
      vertex -15.8278 20.6272 3
      vertex -14.4448 21.6182 3
    endloop
  endfacet
  facet normal -0 0 1
    outer loop
      vertex -16.6801 21.7379 3
      vertex -15.8278 20.6272 3
      vertex -15.2226 22.7823 3
    endloop
  endfacet
  facet normal 0 0 1
    outer loop
      vertex -16.6801 21.7379 3
      vertex -17.143 19.5478 3
      vertex -15.8278 20.6272 3
    endloop
  endfacet
  facet normal -0 0 1
    outer loop
      vertex -18.0661 20.6004 3
      vertex -17.143 19.5478 3
      vertex -16.6801 21.7379 3
    endloop
  endfacet
  facet normal 0 0 1
    outer loop
      vertex -18.0661 20.6004 3
      vertex -18.3848 18.3848 3
      vertex -17.143 19.5478 3
    endloop
  endfacet
  facet normal -0 0 1
    outer loop
      vertex -19.3747 19.3747 3
      vertex -18.3848 18.3848 3
      vertex -18.0661 20.6004 3
    endloop
  endfacet
  facet normal 0 0 1
    outer loop
      vertex -19.3747 19.3747 3
      vertex -19.5478 17.143 3
      vertex -18.3848 18.3848 3
    endloop
  endfacet
  facet normal -0 0 1
    outer loop
      vertex -20.6004 18.0661 3
      vertex -19.5478 17.143 3
      vertex -19.3747 19.3747 3
    endloop
  endfacet
  facet normal 0 0 1
    outer loop
      vertex -20.6004 18.0661 3
      vertex -20.6272 15.8278 3
      vertex -19.5478 17.143 3
    endloop
  endfacet
  facet normal -0 0 1
    outer loop
      vertex -21.7379 16.6801 3
      vertex -20.6272 15.8278 3
      vertex -20.6004 18.0661 3
    endloop
  endfacet
  facet normal 0 0 1
    outer loop
      vertex -20.6272 15.8278 3
      vertex -21.7379 16.6801 3
      vertex -21.6182 14.4448 3
    endloop
  endfacet
  facet normal -0 0 1
    outer loop
      vertex -22.7823 15.2226 3
      vertex -21.6182 14.4448 3
      vertex -21.7379 16.6801 3
    endloop
  endfacet
  facet normal 0 0 1
    outer loop
      vertex -21.6182 14.4448 3
      vertex -22.7823 15.2226 3
      vertex -22.5167 13 3
    endloop
  endfacet
  facet normal -0 0 1
    outer loop
      vertex -23.7291 13.7 3
      vertex -22.5167 13 3
      vertex -22.7823 15.2226 3
    endloop
  endfacet
  facet normal 0 0 1
    outer loop
      vertex -22.5167 13 3
      vertex -23.7291 13.7 3
      vertex -23.3187 11.4995 3
    endloop
  endfacet
  facet normal -0 0 1
    outer loop
      vertex -24.5743 12.1187 3
      vertex -23.3187 11.4995 3
      vertex -23.7291 13.7 3
    endloop
  endfacet
  facet normal 0 0 1
    outer loop
      vertex -23.3187 11.4995 3
      vertex -24.5743 12.1187 3
      vertex -24.0209 9.94977 3
    endloop
  endfacet
  facet normal -0 0 1
    outer loop
      vertex -25.3143 10.4855 3
      vertex -24.0209 9.94977 3
      vertex -24.5743 12.1187 3
    endloop
  endfacet
  facet normal 0 0 1
    outer loop
      vertex -24.0209 9.94977 3
      vertex -25.3143 10.4855 3
      vertex -24.6202 8.35743 3
    endloop
  endfacet
  facet normal -0 0 1
    outer loop
      vertex -25.9459 8.80744 3
      vertex -24.6202 8.35743 3
      vertex -25.3143 10.4855 3
    endloop
  endfacet
  facet normal 0 0 1
    outer loop
      vertex -24.6202 8.35743 3
      vertex -25.9459 8.80744 3
      vertex -25.1141 6.72929 3
    endloop
  endfacet
  facet normal -0 0 1
    outer loop
      vertex -26.4664 7.09164 3
      vertex -25.1141 6.72929 3
      vertex -25.9459 8.80744 3
    endloop
  endfacet
  facet normal 0 0 1
    outer loop
      vertex -25.1141 6.72929 3
      vertex -26.4664 7.09164 3
      vertex -25.5004 5.07235 3
    endloop
  endfacet
  facet normal -0 0 1
    outer loop
      vertex -26.8735 5.34547 3
      vertex -25.5004 5.07235 3
      vertex -26.4664 7.09164 3
    endloop
  endfacet
  facet normal 0 0 1
    outer loop
      vertex -25.5004 5.07235 3
      vertex -26.8735 5.34547 3
      vertex -25.7776 3.39368 3
    endloop
  endfacet
  facet normal -0 0 1
    outer loop
      vertex -27.1656 3.57642 3
      vertex -25.7776 3.39368 3
      vertex -26.8735 5.34547 3
    endloop
  endfacet
  facet normal 0 0 1
    outer loop
      vertex 27.1656 -3.57642 3
      vertex 25.7776 -3.39368 3
      vertex 26.8735 -5.34547 3
    endloop
  endfacet
  facet normal -0 0 1
    outer loop
      vertex 25.5004 -5.07235 3
      vertex 26.8735 -5.34547 3
      vertex 25.7776 -3.39368 3
    endloop
  endfacet
  facet normal 0 0 1
    outer loop
      vertex 26.8735 -5.34547 3
      vertex 25.5004 -5.07235 3
      vertex 26.4664 -7.09164 3
    endloop
  endfacet
  facet normal -0 0 1
    outer loop
      vertex 25.1141 -6.72929 3
      vertex 26.4664 -7.09164 3
      vertex 25.5004 -5.07235 3
    endloop
  endfacet
  facet normal 0 0 1
    outer loop
      vertex 26.4664 -7.09164 3
      vertex 25.1141 -6.72929 3
      vertex 25.9459 -8.80744 3
    endloop
  endfacet
  facet normal -0 0 1
    outer loop
      vertex 24.6202 -8.35743 3
      vertex 25.9459 -8.80744 3
      vertex 25.1141 -6.72929 3
    endloop
  endfacet
  facet normal 0 0 1
    outer loop
      vertex 25.9459 -8.80744 3
      vertex 24.6202 -8.35743 3
      vertex 25.3143 -10.4855 3
    endloop
  endfacet
  facet normal -0 0 1
    outer loop
      vertex 24.0209 -9.94977 3
      vertex 25.3143 -10.4855 3
      vertex 24.6202 -8.35743 3
    endloop
  endfacet
  facet normal 0 0 1
    outer loop
      vertex 25.3143 -10.4855 3
      vertex 24.0209 -9.94977 3
      vertex 24.5743 -12.1187 3
    endloop
  endfacet
  facet normal -0 0 1
    outer loop
      vertex 23.3187 -11.4995 3
      vertex 24.5743 -12.1187 3
      vertex 24.0209 -9.94977 3
    endloop
  endfacet
  facet normal 0 0 1
    outer loop
      vertex 24.5743 -12.1187 3
      vertex 23.3187 -11.4995 3
      vertex 23.7291 -13.7 3
    endloop
  endfacet
  facet normal -0 0 1
    outer loop
      vertex 22.5167 -13 3
      vertex 23.7291 -13.7 3
      vertex 23.3187 -11.4995 3
    endloop
  endfacet
  facet normal 0 0 1
    outer loop
      vertex 23.7291 -13.7 3
      vertex 22.5167 -13 3
      vertex 22.7823 -15.2226 3
    endloop
  endfacet
  facet normal -0 0 1
    outer loop
      vertex 21.6182 -14.4448 3
      vertex 22.7823 -15.2226 3
      vertex 22.5167 -13 3
    endloop
  endfacet
  facet normal 0 0 1
    outer loop
      vertex 22.7823 -15.2226 3
      vertex 21.6182 -14.4448 3
      vertex 21.7379 -16.6801 3
    endloop
  endfacet
  facet normal -0 0 1
    outer loop
      vertex 20.6272 -15.8278 3
      vertex 21.7379 -16.6801 3
      vertex 21.6182 -14.4448 3
    endloop
  endfacet
  facet normal 0 0 1
    outer loop
      vertex 20.6272 -15.8278 3
      vertex 20.6004 -18.0661 3
      vertex 21.7379 -16.6801 3
    endloop
  endfacet
  facet normal -0 0 1
    outer loop
      vertex 19.5478 -17.143 3
      vertex 20.6004 -18.0661 3
      vertex 20.6272 -15.8278 3
    endloop
  endfacet
  facet normal 0 0 1
    outer loop
      vertex 19.5478 -17.143 3
      vertex 19.3747 -19.3747 3
      vertex 20.6004 -18.0661 3
    endloop
  endfacet
  facet normal -0 0 1
    outer loop
      vertex 18.3848 -18.3848 3
      vertex 19.3747 -19.3747 3
      vertex 19.5478 -17.143 3
    endloop
  endfacet
  facet normal 0 0 1
    outer loop
      vertex 18.3848 -18.3848 3
      vertex 18.0661 -20.6004 3
      vertex 19.3747 -19.3747 3
    endloop
  endfacet
  facet normal -0 0 1
    outer loop
      vertex 17.143 -19.5478 3
      vertex 18.0661 -20.6004 3
      vertex 18.3848 -18.3848 3
    endloop
  endfacet
  facet normal 0 0 1
    outer loop
      vertex 17.143 -19.5478 3
      vertex 16.6801 -21.7379 3
      vertex 18.0661 -20.6004 3
    endloop
  endfacet
  facet normal -0 0 1
    outer loop
      vertex 15.8278 -20.6272 3
      vertex 16.6801 -21.7379 3
      vertex 17.143 -19.5478 3
    endloop
  endfacet
  facet normal 0 0 1
    outer loop
      vertex 15.8278 -20.6272 3
      vertex 15.2226 -22.7823 3
      vertex 16.6801 -21.7379 3
    endloop
  endfacet
  facet normal -0 0 1
    outer loop
      vertex 14.4448 -21.6182 3
      vertex 15.2226 -22.7823 3
      vertex 15.8278 -20.6272 3
    endloop
  endfacet
  facet normal 0 0 1
    outer loop
      vertex 14.4448 -21.6182 3
      vertex 13.7 -23.7291 3
      vertex 15.2226 -22.7823 3
    endloop
  endfacet
  facet normal -0 0 1
    outer loop
      vertex 13 -22.5167 3
      vertex 13.7 -23.7291 3
      vertex 14.4448 -21.6182 3
    endloop
  endfacet
  facet normal 0 0 1
    outer loop
      vertex 13 -22.5167 3
      vertex 12.1187 -24.5743 3
      vertex 13.7 -23.7291 3
    endloop
  endfacet
  facet normal -0 0 1
    outer loop
      vertex 11.4995 -23.3187 3
      vertex 12.1187 -24.5743 3
      vertex 13 -22.5167 3
    endloop
  endfacet
  facet normal 0 0 1
    outer loop
      vertex 11.4995 -23.3187 3
      vertex 10.4855 -25.3143 3
      vertex 12.1187 -24.5743 3
    endloop
  endfacet
  facet normal -0 0 1
    outer loop
      vertex 9.94977 -24.0209 3
      vertex 10.4855 -25.3143 3
      vertex 11.4995 -23.3187 3
    endloop
  endfacet
  facet normal 0 0 1
    outer loop
      vertex 9.94977 -24.0209 3
      vertex 8.80744 -25.9459 3
      vertex 10.4855 -25.3143 3
    endloop
  endfacet
  facet normal -0 0 1
    outer loop
      vertex 8.35743 -24.6202 3
      vertex 8.80744 -25.9459 3
      vertex 9.94977 -24.0209 3
    endloop
  endfacet
  facet normal 0 0 1
    outer loop
      vertex 8.35743 -24.6202 3
      vertex 7.09164 -26.4664 3
      vertex 8.80744 -25.9459 3
    endloop
  endfacet
  facet normal -0 0 1
    outer loop
      vertex 6.72929 -25.1141 3
      vertex 7.09164 -26.4664 3
      vertex 8.35743 -24.6202 3
    endloop
  endfacet
  facet normal 0 0 1
    outer loop
      vertex 6.72929 -25.1141 3
      vertex 5.34547 -26.8735 3
      vertex 7.09164 -26.4664 3
    endloop
  endfacet
  facet normal -0 0 1
    outer loop
      vertex 5.07235 -25.5004 3
      vertex 5.34547 -26.8735 3
      vertex 6.72929 -25.1141 3
    endloop
  endfacet
  facet normal 0 0 1
    outer loop
      vertex 5.07235 -25.5004 3
      vertex 3.57642 -27.1656 3
      vertex 5.34547 -26.8735 3
    endloop
  endfacet
  facet normal -0 0 1
    outer loop
      vertex 3.39368 -25.7776 3
      vertex 3.57642 -27.1656 3
      vertex 5.07235 -25.5004 3
    endloop
  endfacet
  facet normal 0 0 1
    outer loop
      vertex 3.39368 -25.7776 3
      vertex 1.79205 -27.3413 3
      vertex 3.57642 -27.1656 3
    endloop
  endfacet
  facet normal -0 0 1
    outer loop
      vertex 1.70048 -25.9443 3
      vertex 1.79205 -27.3413 3
      vertex 3.39368 -25.7776 3
    endloop
  endfacet
  facet normal -0 0 1
    outer loop
      vertex 0 -26 3
      vertex 1.79205 -27.3413 3
      vertex 1.70048 -25.9443 3
    endloop
  endfacet
  facet normal 0 0 1
    outer loop
      vertex 0 -26 3
      vertex 0 -27.4 3
      vertex 1.79205 -27.3413 3
    endloop
  endfacet
  facet normal 0 0 1
    outer loop
      vertex -1.70048 -25.9443 3
      vertex 0 -27.4 3
      vertex 0 -26 3
    endloop
  endfacet
  facet normal 0 0 1
    outer loop
      vertex -1.70048 -25.9443 3
      vertex -1.79205 -27.3413 3
      vertex 0 -27.4 3
    endloop
  endfacet
  facet normal 0 0 1
    outer loop
      vertex -3.39368 -25.7776 3
      vertex -1.79205 -27.3413 3
      vertex -1.70048 -25.9443 3
    endloop
  endfacet
  facet normal 0 0 1
    outer loop
      vertex -3.39368 -25.7776 3
      vertex -3.57642 -27.1656 3
      vertex -1.79205 -27.3413 3
    endloop
  endfacet
  facet normal 0 0 1
    outer loop
      vertex -5.07235 -25.5004 3
      vertex -3.57642 -27.1656 3
      vertex -3.39368 -25.7776 3
    endloop
  endfacet
  facet normal 0 0 1
    outer loop
      vertex -5.07235 -25.5004 3
      vertex -5.34547 -26.8735 3
      vertex -3.57642 -27.1656 3
    endloop
  endfacet
  facet normal 0 0 1
    outer loop
      vertex -6.72929 -25.1141 3
      vertex -5.34547 -26.8735 3
      vertex -5.07235 -25.5004 3
    endloop
  endfacet
  facet normal 0 0 1
    outer loop
      vertex -6.72929 -25.1141 3
      vertex -7.09164 -26.4664 3
      vertex -5.34547 -26.8735 3
    endloop
  endfacet
  facet normal 0 0 1
    outer loop
      vertex -8.35743 -24.6202 3
      vertex -7.09164 -26.4664 3
      vertex -6.72929 -25.1141 3
    endloop
  endfacet
  facet normal 0 0 1
    outer loop
      vertex -8.35743 -24.6202 3
      vertex -8.80744 -25.9459 3
      vertex -7.09164 -26.4664 3
    endloop
  endfacet
  facet normal 0 0 1
    outer loop
      vertex -9.94977 -24.0209 3
      vertex -8.80744 -25.9459 3
      vertex -8.35743 -24.6202 3
    endloop
  endfacet
  facet normal 0 0 1
    outer loop
      vertex -9.94977 -24.0209 3
      vertex -10.4855 -25.3143 3
      vertex -8.80744 -25.9459 3
    endloop
  endfacet
  facet normal 0 0 1
    outer loop
      vertex -11.4995 -23.3187 3
      vertex -10.4855 -25.3143 3
      vertex -9.94977 -24.0209 3
    endloop
  endfacet
  facet normal 0 0 1
    outer loop
      vertex -11.4995 -23.3187 3
      vertex -12.1187 -24.5743 3
      vertex -10.4855 -25.3143 3
    endloop
  endfacet
  facet normal 0 0 1
    outer loop
      vertex -13 -22.5167 3
      vertex -12.1187 -24.5743 3
      vertex -11.4995 -23.3187 3
    endloop
  endfacet
  facet normal 0 0 1
    outer loop
      vertex -13 -22.5167 3
      vertex -13.7 -23.7291 3
      vertex -12.1187 -24.5743 3
    endloop
  endfacet
  facet normal 0 0 1
    outer loop
      vertex -14.4448 -21.6182 3
      vertex -13.7 -23.7291 3
      vertex -13 -22.5167 3
    endloop
  endfacet
  facet normal 0 0 1
    outer loop
      vertex -14.4448 -21.6182 3
      vertex -15.2226 -22.7823 3
      vertex -13.7 -23.7291 3
    endloop
  endfacet
  facet normal 0 0 1
    outer loop
      vertex -15.8278 -20.6272 3
      vertex -15.2226 -22.7823 3
      vertex -14.4448 -21.6182 3
    endloop
  endfacet
  facet normal 0 0 1
    outer loop
      vertex -15.8278 -20.6272 3
      vertex -16.6801 -21.7379 3
      vertex -15.2226 -22.7823 3
    endloop
  endfacet
  facet normal 0 0 1
    outer loop
      vertex -17.143 -19.5478 3
      vertex -16.6801 -21.7379 3
      vertex -15.8278 -20.6272 3
    endloop
  endfacet
  facet normal 0 0 1
    outer loop
      vertex -17.143 -19.5478 3
      vertex -18.0661 -20.6004 3
      vertex -16.6801 -21.7379 3
    endloop
  endfacet
  facet normal 0 0 1
    outer loop
      vertex -18.3848 -18.3848 3
      vertex -18.0661 -20.6004 3
      vertex -17.143 -19.5478 3
    endloop
  endfacet
  facet normal 0 0 1
    outer loop
      vertex -18.3848 -18.3848 3
      vertex -19.3747 -19.3747 3
      vertex -18.0661 -20.6004 3
    endloop
  endfacet
  facet normal 0 0 1
    outer loop
      vertex -19.5478 -17.143 3
      vertex -19.3747 -19.3747 3
      vertex -18.3848 -18.3848 3
    endloop
  endfacet
  facet normal 0 0 1
    outer loop
      vertex -19.5478 -17.143 3
      vertex -20.6004 -18.0661 3
      vertex -19.3747 -19.3747 3
    endloop
  endfacet
  facet normal 0 0 1
    outer loop
      vertex -20.6272 -15.8278 3
      vertex -20.6004 -18.0661 3
      vertex -19.5478 -17.143 3
    endloop
  endfacet
  facet normal 0 0 1
    outer loop
      vertex -21.7379 -16.6801 3
      vertex -20.6272 -15.8278 3
      vertex -21.6182 -14.4448 3
    endloop
  endfacet
  facet normal 0 0 1
    outer loop
      vertex -20.6272 -15.8278 3
      vertex -21.7379 -16.6801 3
      vertex -20.6004 -18.0661 3
    endloop
  endfacet
  facet normal 0 0 1
    outer loop
      vertex -22.7823 -15.2226 3
      vertex -21.6182 -14.4448 3
      vertex -22.5167 -13 3
    endloop
  endfacet
  facet normal 0 0 1
    outer loop
      vertex -21.6182 -14.4448 3
      vertex -22.7823 -15.2226 3
      vertex -21.7379 -16.6801 3
    endloop
  endfacet
  facet normal 0 0 1
    outer loop
      vertex -23.7291 -13.7 3
      vertex -22.5167 -13 3
      vertex -23.3187 -11.4995 3
    endloop
  endfacet
  facet normal 0 0 1
    outer loop
      vertex -22.5167 -13 3
      vertex -23.7291 -13.7 3
      vertex -22.7823 -15.2226 3
    endloop
  endfacet
  facet normal 0 0 1
    outer loop
      vertex -24.5743 -12.1187 3
      vertex -23.3187 -11.4995 3
      vertex -24.0209 -9.94977 3
    endloop
  endfacet
  facet normal 0 0 1
    outer loop
      vertex -23.3187 -11.4995 3
      vertex -24.5743 -12.1187 3
      vertex -23.7291 -13.7 3
    endloop
  endfacet
  facet normal 0 0 1
    outer loop
      vertex -25.3143 -10.4855 3
      vertex -24.0209 -9.94977 3
      vertex -24.6202 -8.35743 3
    endloop
  endfacet
  facet normal 0 0 1
    outer loop
      vertex -25.9459 -8.80744 3
      vertex -24.6202 -8.35743 3
      vertex -25.1141 -6.72929 3
    endloop
  endfacet
  facet normal 0 0 1
    outer loop
      vertex -24.0209 -9.94977 3
      vertex -25.3143 -10.4855 3
      vertex -24.5743 -12.1187 3
    endloop
  endfacet
  facet normal 0 0 1
    outer loop
      vertex -26.4664 -7.09164 3
      vertex -25.1141 -6.72929 3
      vertex -25.5004 -5.07235 3
    endloop
  endfacet
  facet normal 0 0 1
    outer loop
      vertex -26.8735 -5.34547 3
      vertex -25.5004 -5.07235 3
      vertex -25.7776 -3.39368 3
    endloop
  endfacet
  facet normal 0 0 1
    outer loop
      vertex -27.1656 -3.57642 3
      vertex -25.7776 -3.39368 3
      vertex -25.9443 -1.70048 3
    endloop
  endfacet
  facet normal 0 0 1
    outer loop
      vertex -24.6202 -8.35743 3
      vertex -25.9459 -8.80744 3
      vertex -25.3143 -10.4855 3
    endloop
  endfacet
  facet normal 0 0 1
    outer loop
      vertex -27.3413 -1.79205 3
      vertex -25.9443 -1.70048 3
      vertex -26 0 3
    endloop
  endfacet
  facet normal 0 0 1
    outer loop
      vertex -25.7776 3.39368 3
      vertex -27.1656 3.57642 3
      vertex -25.9443 1.70048 3
    endloop
  endfacet
  facet normal 0 0 1
    outer loop
      vertex -25.1141 -6.72929 3
      vertex -26.4664 -7.09164 3
      vertex -25.9459 -8.80744 3
    endloop
  endfacet
  facet normal -0 0 1
    outer loop
      vertex -27.3413 1.79205 3
      vertex -25.9443 1.70048 3
      vertex -27.1656 3.57642 3
    endloop
  endfacet
  facet normal 0 0 1
    outer loop
      vertex -25.5004 -5.07235 3
      vertex -26.8735 -5.34547 3
      vertex -26.4664 -7.09164 3
    endloop
  endfacet
  facet normal 0 0 1
    outer loop
      vertex -25.9443 1.70048 3
      vertex -27.3413 1.79205 3
      vertex -26 0 3
    endloop
  endfacet
  facet normal 0 0 1
    outer loop
      vertex -25.7776 -3.39368 3
      vertex -27.1656 -3.57642 3
      vertex -26.8735 -5.34547 3
    endloop
  endfacet
  facet normal 0 0 1
    outer loop
      vertex -27.4 0 3
      vertex -26 0 3
      vertex -27.3413 1.79205 3
    endloop
  endfacet
  facet normal 0 0 1
    outer loop
      vertex -25.9443 -1.70048 3
      vertex -27.3413 -1.79205 3
      vertex -27.1656 -3.57642 3
    endloop
  endfacet
  facet normal 0 0 1
    outer loop
      vertex -26 0 3
      vertex -27.4 0 3
      vertex -27.3413 -1.79205 3
    endloop
  endfacet
  facet normal 0 0 1
    outer loop
      vertex 3 0 3
      vertex 21 0 3
      vertex 20.955 1.37347 3
    endloop
  endfacet
  facet normal 0 0 1
    outer loop
      vertex 2.99358 0.196209 3
      vertex 20.955 1.37347 3
      vertex 20.8203 2.74105 3
    endloop
  endfacet
  facet normal 0 0 1
    outer loop
      vertex 21 0 3
      vertex 3 0 3
      vertex 20.955 -1.37347 3
    endloop
  endfacet
  facet normal 0 0 1
    outer loop
      vertex 2.97433 0.391578 3
      vertex 20.8203 2.74105 3
      vertex 20.5965 4.0969 3
    endloop
  endfacet
  facet normal -0 0 1
    outer loop
      vertex 2.99358 -0.196209 3
      vertex 20.955 -1.37347 3
      vertex 3 0 3
    endloop
  endfacet
  facet normal 0 0 1
    outer loop
      vertex 2.94236 0.585271 3
      vertex 20.5965 4.0969 3
      vertex 20.2844 5.4352 3
    endloop
  endfacet
  facet normal 0 0 1
    outer loop
      vertex 20.955 -1.37347 3
      vertex 2.99358 -0.196209 3
      vertex 20.8203 -2.74105 3
    endloop
  endfacet
  facet normal 0 0 1
    outer loop
      vertex 2.89778 0.776457 3
      vertex 20.2844 5.4352 3
      vertex 19.8855 6.75023 3
    endloop
  endfacet
  facet normal -0 0 1
    outer loop
      vertex 2.97433 -0.391578 3
      vertex 20.8203 -2.74105 3
      vertex 2.99358 -0.196209 3
    endloop
  endfacet
  facet normal 0 0 1
    outer loop
      vertex 2.84079 0.964318 3
      vertex 19.8855 6.75023 3
      vertex 19.4015 8.03635 3
    endloop
  endfacet
  facet normal 0 0 1
    outer loop
      vertex 20.8203 -2.74105 3
      vertex 2.97433 -0.391578 3
      vertex 20.5965 -4.0969 3
    endloop
  endfacet
  facet normal 0 0 1
    outer loop
      vertex 2.77164 1.14805 3
      vertex 19.4015 8.03635 3
      vertex 18.8343 9.28806 3
    endloop
  endfacet
  facet normal -0 0 1
    outer loop
      vertex 2.94236 -0.585271 3
      vertex 20.5965 -4.0969 3
      vertex 2.97433 -0.391578 3
    endloop
  endfacet
  facet normal 0 0 1
    outer loop
      vertex 2.69062 1.32687 3
      vertex 18.8343 9.28806 3
      vertex 18.1865 10.5 3
    endloop
  endfacet
  facet normal 0 0 1
    outer loop
      vertex 20.5965 -4.0969 3
      vertex 2.94236 -0.585271 3
      vertex 20.2844 -5.4352 3
    endloop
  endfacet
  facet normal 0 0 1
    outer loop
      vertex 2.59808 1.5 3
      vertex 18.1865 10.5 3
      vertex 17.4609 11.667 3
    endloop
  endfacet
  facet normal -0 0 1
    outer loop
      vertex 2.89778 -0.776457 3
      vertex 20.2844 -5.4352 3
      vertex 2.94236 -0.585271 3
    endloop
  endfacet
  facet normal 0 0 1
    outer loop
      vertex 2.49441 1.66671 3
      vertex 17.4609 11.667 3
      vertex 16.6604 12.784 3
    endloop
  endfacet
  facet normal 0 0 1
    outer loop
      vertex 20.2844 -5.4352 3
      vertex 2.89778 -0.776457 3
      vertex 19.8855 -6.75023 3
    endloop
  endfacet
  facet normal 0 0 1
    outer loop
      vertex 2.38006 1.82628 3
      vertex 16.6604 12.784 3
      vertex 15.7886 13.8463 3
    endloop
  endfacet
  facet normal -0 0 1
    outer loop
      vertex 2.84079 -0.964318 3
      vertex 19.8855 -6.75023 3
      vertex 2.89778 -0.776457 3
    endloop
  endfacet
  facet normal 0 0 1
    outer loop
      vertex 2.25552 1.97804 3
      vertex 15.7886 13.8463 3
      vertex 14.8492 14.8492 3
    endloop
  endfacet
  facet normal 0 0 1
    outer loop
      vertex 19.8855 -6.75023 3
      vertex 2.84079 -0.964318 3
      vertex 19.4015 -8.03635 3
    endloop
  endfacet
  facet normal 0 0 1
    outer loop
      vertex 2.12132 2.12132 3
      vertex 14.8492 14.8492 3
      vertex 13.8463 15.7886 3
    endloop
  endfacet
  facet normal -0 0 1
    outer loop
      vertex 2.77164 -1.14805 3
      vertex 19.4015 -8.03635 3
      vertex 2.84079 -0.964318 3
    endloop
  endfacet
  facet normal 0 0 1
    outer loop
      vertex 1.97804 2.25552 3
      vertex 13.8463 15.7886 3
      vertex 12.784 16.6604 3
    endloop
  endfacet
  facet normal 0 0 1
    outer loop
      vertex 19.4015 -8.03635 3
      vertex 2.77164 -1.14805 3
      vertex 18.8343 -9.28806 3
    endloop
  endfacet
  facet normal 0 0 1
    outer loop
      vertex 1.82628 2.38006 3
      vertex 12.784 16.6604 3
      vertex 11.667 17.4609 3
    endloop
  endfacet
  facet normal -0 0 1
    outer loop
      vertex 2.69062 -1.32687 3
      vertex 18.8343 -9.28806 3
      vertex 2.77164 -1.14805 3
    endloop
  endfacet
  facet normal 0 0 1
    outer loop
      vertex 1.66671 2.49441 3
      vertex 11.667 17.4609 3
      vertex 10.5 18.1865 3
    endloop
  endfacet
  facet normal 0 0 1
    outer loop
      vertex 18.8343 -9.28806 3
      vertex 2.69062 -1.32687 3
      vertex 18.1865 -10.5 3
    endloop
  endfacet
  facet normal 0 0 1
    outer loop
      vertex 1.5 2.59808 3
      vertex 10.5 18.1865 3
      vertex 9.28806 18.8343 3
    endloop
  endfacet
  facet normal -0 0 1
    outer loop
      vertex 2.59808 -1.5 3
      vertex 18.1865 -10.5 3
      vertex 2.69062 -1.32687 3
    endloop
  endfacet
  facet normal 0 0 1
    outer loop
      vertex 1.32687 2.69062 3
      vertex 9.28806 18.8343 3
      vertex 8.03635 19.4015 3
    endloop
  endfacet
  facet normal 0 0 1
    outer loop
      vertex 18.1865 -10.5 3
      vertex 2.59808 -1.5 3
      vertex 17.4609 -11.667 3
    endloop
  endfacet
  facet normal 0 0 1
    outer loop
      vertex 1.14805 2.77164 3
      vertex 8.03635 19.4015 3
      vertex 6.75023 19.8855 3
    endloop
  endfacet
  facet normal -0 0 1
    outer loop
      vertex 2.49441 -1.66671 3
      vertex 17.4609 -11.667 3
      vertex 2.59808 -1.5 3
    endloop
  endfacet
  facet normal 0 0 1
    outer loop
      vertex 0.964318 2.84079 3
      vertex 6.75023 19.8855 3
      vertex 5.4352 20.2844 3
    endloop
  endfacet
  facet normal 0 0 1
    outer loop
      vertex 17.4609 -11.667 3
      vertex 2.49441 -1.66671 3
      vertex 16.6604 -12.784 3
    endloop
  endfacet
  facet normal 0 0 1
    outer loop
      vertex 0.776457 2.89778 3
      vertex 5.4352 20.2844 3
      vertex 4.0969 20.5965 3
    endloop
  endfacet
  facet normal -0 0 1
    outer loop
      vertex 2.38006 -1.82628 3
      vertex 16.6604 -12.784 3
      vertex 2.49441 -1.66671 3
    endloop
  endfacet
  facet normal 0 0 1
    outer loop
      vertex 16.6604 -12.784 3
      vertex 2.38006 -1.82628 3
      vertex 15.7886 -13.8463 3
    endloop
  endfacet
  facet normal 0 0 1
    outer loop
      vertex 20.955 1.37347 3
      vertex 2.99358 0.196209 3
      vertex 3 0 3
    endloop
  endfacet
  facet normal 0 0 1
    outer loop
      vertex 20.8203 2.74105 3
      vertex 2.97433 0.391578 3
      vertex 2.99358 0.196209 3
    endloop
  endfacet
  facet normal 0 0 1
    outer loop
      vertex 20.5965 4.0969 3
      vertex 2.94236 0.585271 3
      vertex 2.97433 0.391578 3
    endloop
  endfacet
  facet normal 0 0 1
    outer loop
      vertex 20.2844 5.4352 3
      vertex 2.89778 0.776457 3
      vertex 2.94236 0.585271 3
    endloop
  endfacet
  facet normal 0 0 1
    outer loop
      vertex 19.8855 6.75023 3
      vertex 2.84079 0.964318 3
      vertex 2.89778 0.776457 3
    endloop
  endfacet
  facet normal 0 0 1
    outer loop
      vertex 19.4015 8.03635 3
      vertex 2.77164 1.14805 3
      vertex 2.84079 0.964318 3
    endloop
  endfacet
  facet normal 0 0 1
    outer loop
      vertex 0.585271 2.94236 3
      vertex 4.0969 20.5965 3
      vertex 2.74105 20.8203 3
    endloop
  endfacet
  facet normal 0 0 1
    outer loop
      vertex 18.8343 9.28806 3
      vertex 2.69062 1.32687 3
      vertex 2.77164 1.14805 3
    endloop
  endfacet
  facet normal 0 0 1
    outer loop
      vertex 18.1865 10.5 3
      vertex 2.59808 1.5 3
      vertex 2.69062 1.32687 3
    endloop
  endfacet
  facet normal 0 0 1
    outer loop
      vertex 17.4609 11.667 3
      vertex 2.49441 1.66671 3
      vertex 2.59808 1.5 3
    endloop
  endfacet
  facet normal 0 0 1
    outer loop
      vertex 16.6604 12.784 3
      vertex 2.38006 1.82628 3
      vertex 2.49441 1.66671 3
    endloop
  endfacet
  facet normal 0 0 1
    outer loop
      vertex 15.7886 13.8463 3
      vertex 2.25552 1.97804 3
      vertex 2.38006 1.82628 3
    endloop
  endfacet
  facet normal 0 0 1
    outer loop
      vertex 14.8492 14.8492 3
      vertex 2.12132 2.12132 3
      vertex 2.25552 1.97804 3
    endloop
  endfacet
  facet normal 0 0 1
    outer loop
      vertex 13.8463 15.7886 3
      vertex 1.97804 2.25552 3
      vertex 2.12132 2.12132 3
    endloop
  endfacet
  facet normal 0 0 1
    outer loop
      vertex 12.784 16.6604 3
      vertex 1.82628 2.38006 3
      vertex 1.97804 2.25552 3
    endloop
  endfacet
  facet normal 0 0 1
    outer loop
      vertex 11.667 17.4609 3
      vertex 1.66671 2.49441 3
      vertex 1.82628 2.38006 3
    endloop
  endfacet
  facet normal 0 0 1
    outer loop
      vertex 10.5 18.1865 3
      vertex 1.5 2.59808 3
      vertex 1.66671 2.49441 3
    endloop
  endfacet
  facet normal 0 0 1
    outer loop
      vertex 0.391578 2.97433 3
      vertex 2.74105 20.8203 3
      vertex 1.37347 20.955 3
    endloop
  endfacet
  facet normal 0 0 1
    outer loop
      vertex 9.28806 18.8343 3
      vertex 1.32687 2.69062 3
      vertex 1.5 2.59808 3
    endloop
  endfacet
  facet normal 0 0 1
    outer loop
      vertex 8.03635 19.4015 3
      vertex 1.14805 2.77164 3
      vertex 1.32687 2.69062 3
    endloop
  endfacet
  facet normal 0 0 1
    outer loop
      vertex 6.75023 19.8855 3
      vertex 0.964318 2.84079 3
      vertex 1.14805 2.77164 3
    endloop
  endfacet
  facet normal 0 0 1
    outer loop
      vertex 5.4352 20.2844 3
      vertex 0.776457 2.89778 3
      vertex 0.964318 2.84079 3
    endloop
  endfacet
  facet normal 0 0 1
    outer loop
      vertex 4.0969 20.5965 3
      vertex 0.585271 2.94236 3
      vertex 0.776457 2.89778 3
    endloop
  endfacet
  facet normal 0 0 1
    outer loop
      vertex 2.74105 20.8203 3
      vertex 0.391578 2.97433 3
      vertex 0.585271 2.94236 3
    endloop
  endfacet
  facet normal 0 0 1
    outer loop
      vertex 1.37347 20.955 3
      vertex 0.196209 2.99358 3
      vertex 0.391578 2.97433 3
    endloop
  endfacet
  facet normal 0 0 1
    outer loop
      vertex 0 21 3
      vertex 0.196209 2.99358 3
      vertex 1.37347 20.955 3
    endloop
  endfacet
  facet normal 0 0 1
    outer loop
      vertex 0 21 3
      vertex 0 3 3
      vertex 0.196209 2.99358 3
    endloop
  endfacet
  facet normal 0 0 1
    outer loop
      vertex 0 21 3
      vertex -0.196209 2.99358 3
      vertex 0 3 3
    endloop
  endfacet
  facet normal -0 0 1
    outer loop
      vertex -1.37347 20.955 3
      vertex -0.196209 2.99358 3
      vertex 0 21 3
    endloop
  endfacet
  facet normal 0 0 1
    outer loop
      vertex -0.196209 2.99358 3
      vertex -1.37347 20.955 3
      vertex -0.391578 2.97433 3
    endloop
  endfacet
  facet normal -0 0 1
    outer loop
      vertex -2.74105 20.8203 3
      vertex -0.391578 2.97433 3
      vertex -1.37347 20.955 3
    endloop
  endfacet
  facet normal 0 0 1
    outer loop
      vertex -0.391578 2.97433 3
      vertex -2.74105 20.8203 3
      vertex -0.585271 2.94236 3
    endloop
  endfacet
  facet normal -0 0 1
    outer loop
      vertex -4.0969 20.5965 3
      vertex -0.585271 2.94236 3
      vertex -2.74105 20.8203 3
    endloop
  endfacet
  facet normal 0 0 1
    outer loop
      vertex -0.585271 2.94236 3
      vertex -4.0969 20.5965 3
      vertex -0.776457 2.89778 3
    endloop
  endfacet
  facet normal -0 0 1
    outer loop
      vertex -5.4352 20.2844 3
      vertex -0.776457 2.89778 3
      vertex -4.0969 20.5965 3
    endloop
  endfacet
  facet normal 0 0 1
    outer loop
      vertex -0.776457 2.89778 3
      vertex -5.4352 20.2844 3
      vertex -0.964318 2.84079 3
    endloop
  endfacet
  facet normal -0 0 1
    outer loop
      vertex -6.75023 19.8855 3
      vertex -0.964318 2.84079 3
      vertex -5.4352 20.2844 3
    endloop
  endfacet
  facet normal 0 0 1
    outer loop
      vertex -0.964318 2.84079 3
      vertex -6.75023 19.8855 3
      vertex -1.14805 2.77164 3
    endloop
  endfacet
  facet normal -0 0 1
    outer loop
      vertex -8.03635 19.4015 3
      vertex -1.14805 2.77164 3
      vertex -6.75023 19.8855 3
    endloop
  endfacet
  facet normal 0 0 1
    outer loop
      vertex -1.14805 2.77164 3
      vertex -8.03635 19.4015 3
      vertex -1.32687 2.69062 3
    endloop
  endfacet
  facet normal -0 0 1
    outer loop
      vertex -9.28806 18.8343 3
      vertex -1.32687 2.69062 3
      vertex -8.03635 19.4015 3
    endloop
  endfacet
  facet normal 0 0 1
    outer loop
      vertex -1.32687 2.69062 3
      vertex -9.28806 18.8343 3
      vertex -1.5 2.59808 3
    endloop
  endfacet
  facet normal -0 0 1
    outer loop
      vertex -10.5 18.1865 3
      vertex -1.5 2.59808 3
      vertex -9.28806 18.8343 3
    endloop
  endfacet
  facet normal 0 0 1
    outer loop
      vertex -1.5 2.59808 3
      vertex -10.5 18.1865 3
      vertex -1.66671 2.49441 3
    endloop
  endfacet
  facet normal -0 0 1
    outer loop
      vertex -11.667 17.4609 3
      vertex -1.66671 2.49441 3
      vertex -10.5 18.1865 3
    endloop
  endfacet
  facet normal 0 0 1
    outer loop
      vertex -1.66671 2.49441 3
      vertex -11.667 17.4609 3
      vertex -1.82628 2.38006 3
    endloop
  endfacet
  facet normal -0 0 1
    outer loop
      vertex -12.784 16.6604 3
      vertex -1.82628 2.38006 3
      vertex -11.667 17.4609 3
    endloop
  endfacet
  facet normal 0 0 1
    outer loop
      vertex -1.82628 2.38006 3
      vertex -12.784 16.6604 3
      vertex -1.97804 2.25552 3
    endloop
  endfacet
  facet normal -0 0 1
    outer loop
      vertex -13.8463 15.7886 3
      vertex -1.97804 2.25552 3
      vertex -12.784 16.6604 3
    endloop
  endfacet
  facet normal 0 0 1
    outer loop
      vertex -1.97804 2.25552 3
      vertex -13.8463 15.7886 3
      vertex -2.12132 2.12132 3
    endloop
  endfacet
  facet normal -0 0 1
    outer loop
      vertex -14.8492 14.8492 3
      vertex -2.12132 2.12132 3
      vertex -13.8463 15.7886 3
    endloop
  endfacet
  facet normal 0 0 1
    outer loop
      vertex -2.12132 2.12132 3
      vertex -14.8492 14.8492 3
      vertex -2.25552 1.97804 3
    endloop
  endfacet
  facet normal -0 0 1
    outer loop
      vertex -15.7886 13.8463 3
      vertex -2.25552 1.97804 3
      vertex -14.8492 14.8492 3
    endloop
  endfacet
  facet normal 0 0 1
    outer loop
      vertex -2.25552 1.97804 3
      vertex -15.7886 13.8463 3
      vertex -2.38006 1.82628 3
    endloop
  endfacet
  facet normal -0 0 1
    outer loop
      vertex 2.25552 -1.97804 3
      vertex 15.7886 -13.8463 3
      vertex 2.38006 -1.82628 3
    endloop
  endfacet
  facet normal 0 0 1
    outer loop
      vertex 15.7886 -13.8463 3
      vertex 2.25552 -1.97804 3
      vertex 14.8492 -14.8492 3
    endloop
  endfacet
  facet normal -0 0 1
    outer loop
      vertex 2.12132 -2.12132 3
      vertex 14.8492 -14.8492 3
      vertex 2.25552 -1.97804 3
    endloop
  endfacet
  facet normal 0 0 1
    outer loop
      vertex 14.8492 -14.8492 3
      vertex 2.12132 -2.12132 3
      vertex 13.8463 -15.7886 3
    endloop
  endfacet
  facet normal -0 0 1
    outer loop
      vertex 1.97804 -2.25552 3
      vertex 13.8463 -15.7886 3
      vertex 2.12132 -2.12132 3
    endloop
  endfacet
  facet normal 0 0 1
    outer loop
      vertex 13.8463 -15.7886 3
      vertex 1.97804 -2.25552 3
      vertex 12.784 -16.6604 3
    endloop
  endfacet
  facet normal -0 0 1
    outer loop
      vertex 1.82628 -2.38006 3
      vertex 12.784 -16.6604 3
      vertex 1.97804 -2.25552 3
    endloop
  endfacet
  facet normal 0 0 1
    outer loop
      vertex 12.784 -16.6604 3
      vertex 1.82628 -2.38006 3
      vertex 11.667 -17.4609 3
    endloop
  endfacet
  facet normal -0 0 1
    outer loop
      vertex 1.66671 -2.49441 3
      vertex 11.667 -17.4609 3
      vertex 1.82628 -2.38006 3
    endloop
  endfacet
  facet normal 0 0 1
    outer loop
      vertex 11.667 -17.4609 3
      vertex 1.66671 -2.49441 3
      vertex 10.5 -18.1865 3
    endloop
  endfacet
  facet normal -0 0 1
    outer loop
      vertex 1.5 -2.59808 3
      vertex 10.5 -18.1865 3
      vertex 1.66671 -2.49441 3
    endloop
  endfacet
  facet normal 0 0 1
    outer loop
      vertex 10.5 -18.1865 3
      vertex 1.5 -2.59808 3
      vertex 9.28806 -18.8343 3
    endloop
  endfacet
  facet normal -0 0 1
    outer loop
      vertex 1.32687 -2.69062 3
      vertex 9.28806 -18.8343 3
      vertex 1.5 -2.59808 3
    endloop
  endfacet
  facet normal 0 0 1
    outer loop
      vertex 9.28806 -18.8343 3
      vertex 1.32687 -2.69062 3
      vertex 8.03635 -19.4015 3
    endloop
  endfacet
  facet normal -0 0 1
    outer loop
      vertex 1.14805 -2.77164 3
      vertex 8.03635 -19.4015 3
      vertex 1.32687 -2.69062 3
    endloop
  endfacet
  facet normal 0 0 1
    outer loop
      vertex 8.03635 -19.4015 3
      vertex 1.14805 -2.77164 3
      vertex 6.75023 -19.8855 3
    endloop
  endfacet
  facet normal -0 0 1
    outer loop
      vertex 0.964318 -2.84079 3
      vertex 6.75023 -19.8855 3
      vertex 1.14805 -2.77164 3
    endloop
  endfacet
  facet normal 0 0 1
    outer loop
      vertex 6.75023 -19.8855 3
      vertex 0.964318 -2.84079 3
      vertex 5.4352 -20.2844 3
    endloop
  endfacet
  facet normal -0 0 1
    outer loop
      vertex 0.776457 -2.89778 3
      vertex 5.4352 -20.2844 3
      vertex 0.964318 -2.84079 3
    endloop
  endfacet
  facet normal 0 0 1
    outer loop
      vertex 5.4352 -20.2844 3
      vertex 0.776457 -2.89778 3
      vertex 4.0969 -20.5965 3
    endloop
  endfacet
  facet normal -0 0 1
    outer loop
      vertex 0.585271 -2.94236 3
      vertex 4.0969 -20.5965 3
      vertex 0.776457 -2.89778 3
    endloop
  endfacet
  facet normal 0 0 1
    outer loop
      vertex 4.0969 -20.5965 3
      vertex 0.585271 -2.94236 3
      vertex 2.74105 -20.8203 3
    endloop
  endfacet
  facet normal -0 0 1
    outer loop
      vertex 0.391578 -2.97433 3
      vertex 2.74105 -20.8203 3
      vertex 0.585271 -2.94236 3
    endloop
  endfacet
  facet normal 0 0 1
    outer loop
      vertex 2.74105 -20.8203 3
      vertex 0.391578 -2.97433 3
      vertex 1.37347 -20.955 3
    endloop
  endfacet
  facet normal -0 0 1
    outer loop
      vertex 0.196209 -2.99358 3
      vertex 1.37347 -20.955 3
      vertex 0.391578 -2.97433 3
    endloop
  endfacet
  facet normal -0 0 1
    outer loop
      vertex 0 -3 3
      vertex 1.37347 -20.955 3
      vertex 0.196209 -2.99358 3
    endloop
  endfacet
  facet normal 0 0 1
    outer loop
      vertex 0 -3 3
      vertex 0 -21 3
      vertex 1.37347 -20.955 3
    endloop
  endfacet
  facet normal 0 0 1
    outer loop
      vertex -0.196209 -2.99358 3
      vertex 0 -21 3
      vertex 0 -3 3
    endloop
  endfacet
  facet normal 0 0 1
    outer loop
      vertex -1.37347 -20.955 3
      vertex -0.196209 -2.99358 3
      vertex -0.391578 -2.97433 3
    endloop
  endfacet
  facet normal 0 0 1
    outer loop
      vertex -2.74105 -20.8203 3
      vertex -0.391578 -2.97433 3
      vertex -0.585271 -2.94236 3
    endloop
  endfacet
  facet normal 0 0 1
    outer loop
      vertex -4.0969 -20.5965 3
      vertex -0.585271 -2.94236 3
      vertex -0.776457 -2.89778 3
    endloop
  endfacet
  facet normal 0 0 1
    outer loop
      vertex -5.4352 -20.2844 3
      vertex -0.776457 -2.89778 3
      vertex -0.964318 -2.84079 3
    endloop
  endfacet
  facet normal 0 0 1
    outer loop
      vertex -6.75023 -19.8855 3
      vertex -0.964318 -2.84079 3
      vertex -1.14805 -2.77164 3
    endloop
  endfacet
  facet normal 0 0 1
    outer loop
      vertex -8.03635 -19.4015 3
      vertex -1.14805 -2.77164 3
      vertex -1.32687 -2.69062 3
    endloop
  endfacet
  facet normal 0 0 1
    outer loop
      vertex -0.196209 -2.99358 3
      vertex -1.37347 -20.955 3
      vertex 0 -21 3
    endloop
  endfacet
  facet normal 0 0 1
    outer loop
      vertex -9.28806 -18.8343 3
      vertex -1.32687 -2.69062 3
      vertex -1.5 -2.59808 3
    endloop
  endfacet
  facet normal 0 0 1
    outer loop
      vertex -10.5 -18.1865 3
      vertex -1.5 -2.59808 3
      vertex -1.66671 -2.49441 3
    endloop
  endfacet
  facet normal 0 0 1
    outer loop
      vertex -11.667 -17.4609 3
      vertex -1.66671 -2.49441 3
      vertex -1.82628 -2.38006 3
    endloop
  endfacet
  facet normal 0 0 1
    outer loop
      vertex -12.784 -16.6604 3
      vertex -1.82628 -2.38006 3
      vertex -1.97804 -2.25552 3
    endloop
  endfacet
  facet normal 0 0 1
    outer loop
      vertex -13.8463 -15.7886 3
      vertex -1.97804 -2.25552 3
      vertex -2.12132 -2.12132 3
    endloop
  endfacet
  facet normal 0 0 1
    outer loop
      vertex -14.8492 -14.8492 3
      vertex -2.12132 -2.12132 3
      vertex -2.25552 -1.97804 3
    endloop
  endfacet
  facet normal 0 0 1
    outer loop
      vertex -15.7886 -13.8463 3
      vertex -2.25552 -1.97804 3
      vertex -2.38006 -1.82628 3
    endloop
  endfacet
  facet normal 0 0 1
    outer loop
      vertex -16.6604 -12.784 3
      vertex -2.38006 -1.82628 3
      vertex -2.49441 -1.66671 3
    endloop
  endfacet
  facet normal 0 0 1
    outer loop
      vertex -17.4609 -11.667 3
      vertex -2.49441 -1.66671 3
      vertex -2.59808 -1.5 3
    endloop
  endfacet
  facet normal 0 0 1
    outer loop
      vertex -18.1865 -10.5 3
      vertex -2.59808 -1.5 3
      vertex -2.69062 -1.32687 3
    endloop
  endfacet
  facet normal 0 0 1
    outer loop
      vertex -0.391578 -2.97433 3
      vertex -2.74105 -20.8203 3
      vertex -1.37347 -20.955 3
    endloop
  endfacet
  facet normal 0 0 1
    outer loop
      vertex -18.8343 -9.28806 3
      vertex -2.69062 -1.32687 3
      vertex -2.77164 -1.14805 3
    endloop
  endfacet
  facet normal 0 0 1
    outer loop
      vertex -19.4015 -8.03635 3
      vertex -2.77164 -1.14805 3
      vertex -2.84079 -0.964318 3
    endloop
  endfacet
  facet normal 0 0 1
    outer loop
      vertex -19.8855 -6.75023 3
      vertex -2.84079 -0.964318 3
      vertex -2.89778 -0.776457 3
    endloop
  endfacet
  facet normal 0 0 1
    outer loop
      vertex -20.2844 -5.4352 3
      vertex -2.89778 -0.776457 3
      vertex -2.94236 -0.585271 3
    endloop
  endfacet
  facet normal 0 0 1
    outer loop
      vertex -20.5965 -4.0969 3
      vertex -2.94236 -0.585271 3
      vertex -2.97433 -0.391578 3
    endloop
  endfacet
  facet normal 0 0 1
    outer loop
      vertex -20.8203 -2.74105 3
      vertex -2.97433 -0.391578 3
      vertex -2.99358 -0.196209 3
    endloop
  endfacet
  facet normal 0 0 1
    outer loop
      vertex -20.955 -1.37347 3
      vertex -2.99358 -0.196209 3
      vertex -3 0 3
    endloop
  endfacet
  facet normal -0 0 1
    outer loop
      vertex -16.6604 12.784 3
      vertex -2.38006 1.82628 3
      vertex -15.7886 13.8463 3
    endloop
  endfacet
  facet normal 0 0 1
    outer loop
      vertex -0.585271 -2.94236 3
      vertex -4.0969 -20.5965 3
      vertex -2.74105 -20.8203 3
    endloop
  endfacet
  facet normal 0 0 1
    outer loop
      vertex -2.38006 1.82628 3
      vertex -16.6604 12.784 3
      vertex -2.49441 1.66671 3
    endloop
  endfacet
  facet normal 0 0 1
    outer loop
      vertex -0.776457 -2.89778 3
      vertex -5.4352 -20.2844 3
      vertex -4.0969 -20.5965 3
    endloop
  endfacet
  facet normal -0 0 1
    outer loop
      vertex -17.4609 11.667 3
      vertex -2.49441 1.66671 3
      vertex -16.6604 12.784 3
    endloop
  endfacet
  facet normal 0 0 1
    outer loop
      vertex -0.964318 -2.84079 3
      vertex -6.75023 -19.8855 3
      vertex -5.4352 -20.2844 3
    endloop
  endfacet
  facet normal 0 0 1
    outer loop
      vertex -2.49441 1.66671 3
      vertex -17.4609 11.667 3
      vertex -2.59808 1.5 3
    endloop
  endfacet
  facet normal 0 0 1
    outer loop
      vertex -1.14805 -2.77164 3
      vertex -8.03635 -19.4015 3
      vertex -6.75023 -19.8855 3
    endloop
  endfacet
  facet normal -0 0 1
    outer loop
      vertex -18.1865 10.5 3
      vertex -2.59808 1.5 3
      vertex -17.4609 11.667 3
    endloop
  endfacet
  facet normal 0 0 1
    outer loop
      vertex -1.32687 -2.69062 3
      vertex -9.28806 -18.8343 3
      vertex -8.03635 -19.4015 3
    endloop
  endfacet
  facet normal 0 0 1
    outer loop
      vertex -2.59808 1.5 3
      vertex -18.1865 10.5 3
      vertex -2.69062 1.32687 3
    endloop
  endfacet
  facet normal 0 0 1
    outer loop
      vertex -1.5 -2.59808 3
      vertex -10.5 -18.1865 3
      vertex -9.28806 -18.8343 3
    endloop
  endfacet
  facet normal -0 0 1
    outer loop
      vertex -18.8343 9.28806 3
      vertex -2.69062 1.32687 3
      vertex -18.1865 10.5 3
    endloop
  endfacet
  facet normal 0 0 1
    outer loop
      vertex -1.66671 -2.49441 3
      vertex -11.667 -17.4609 3
      vertex -10.5 -18.1865 3
    endloop
  endfacet
  facet normal 0 0 1
    outer loop
      vertex -2.69062 1.32687 3
      vertex -18.8343 9.28806 3
      vertex -2.77164 1.14805 3
    endloop
  endfacet
  facet normal 0 0 1
    outer loop
      vertex -1.82628 -2.38006 3
      vertex -12.784 -16.6604 3
      vertex -11.667 -17.4609 3
    endloop
  endfacet
  facet normal -0 0 1
    outer loop
      vertex -19.4015 8.03635 3
      vertex -2.77164 1.14805 3
      vertex -18.8343 9.28806 3
    endloop
  endfacet
  facet normal 0 0 1
    outer loop
      vertex -1.97804 -2.25552 3
      vertex -13.8463 -15.7886 3
      vertex -12.784 -16.6604 3
    endloop
  endfacet
  facet normal 0 0 1
    outer loop
      vertex -2.77164 1.14805 3
      vertex -19.4015 8.03635 3
      vertex -2.84079 0.964318 3
    endloop
  endfacet
  facet normal 0 0 1
    outer loop
      vertex -2.12132 -2.12132 3
      vertex -14.8492 -14.8492 3
      vertex -13.8463 -15.7886 3
    endloop
  endfacet
  facet normal -0 0 1
    outer loop
      vertex -19.8855 6.75023 3
      vertex -2.84079 0.964318 3
      vertex -19.4015 8.03635 3
    endloop
  endfacet
  facet normal 0 0 1
    outer loop
      vertex -2.25552 -1.97804 3
      vertex -15.7886 -13.8463 3
      vertex -14.8492 -14.8492 3
    endloop
  endfacet
  facet normal 0 0 1
    outer loop
      vertex -2.84079 0.964318 3
      vertex -19.8855 6.75023 3
      vertex -2.89778 0.776457 3
    endloop
  endfacet
  facet normal 0 0 1
    outer loop
      vertex -2.38006 -1.82628 3
      vertex -16.6604 -12.784 3
      vertex -15.7886 -13.8463 3
    endloop
  endfacet
  facet normal -0 0 1
    outer loop
      vertex -20.2844 5.4352 3
      vertex -2.89778 0.776457 3
      vertex -19.8855 6.75023 3
    endloop
  endfacet
  facet normal 0 0 1
    outer loop
      vertex -2.49441 -1.66671 3
      vertex -17.4609 -11.667 3
      vertex -16.6604 -12.784 3
    endloop
  endfacet
  facet normal 0 0 1
    outer loop
      vertex -2.89778 0.776457 3
      vertex -20.2844 5.4352 3
      vertex -2.94236 0.585271 3
    endloop
  endfacet
  facet normal 0 0 1
    outer loop
      vertex -2.59808 -1.5 3
      vertex -18.1865 -10.5 3
      vertex -17.4609 -11.667 3
    endloop
  endfacet
  facet normal -0 0 1
    outer loop
      vertex -20.5965 4.0969 3
      vertex -2.94236 0.585271 3
      vertex -20.2844 5.4352 3
    endloop
  endfacet
  facet normal 0 0 1
    outer loop
      vertex -2.69062 -1.32687 3
      vertex -18.8343 -9.28806 3
      vertex -18.1865 -10.5 3
    endloop
  endfacet
  facet normal 0 0 1
    outer loop
      vertex -2.94236 0.585271 3
      vertex -20.5965 4.0969 3
      vertex -2.97433 0.391578 3
    endloop
  endfacet
  facet normal 0 0 1
    outer loop
      vertex -2.77164 -1.14805 3
      vertex -19.4015 -8.03635 3
      vertex -18.8343 -9.28806 3
    endloop
  endfacet
  facet normal -0 0 1
    outer loop
      vertex -20.8203 2.74105 3
      vertex -2.97433 0.391578 3
      vertex -20.5965 4.0969 3
    endloop
  endfacet
  facet normal 0 0 1
    outer loop
      vertex -2.84079 -0.964318 3
      vertex -19.8855 -6.75023 3
      vertex -19.4015 -8.03635 3
    endloop
  endfacet
  facet normal 0 0 1
    outer loop
      vertex -2.97433 0.391578 3
      vertex -20.8203 2.74105 3
      vertex -2.99358 0.196209 3
    endloop
  endfacet
  facet normal 0 0 1
    outer loop
      vertex -2.89778 -0.776457 3
      vertex -20.2844 -5.4352 3
      vertex -19.8855 -6.75023 3
    endloop
  endfacet
  facet normal -0 0 1
    outer loop
      vertex -20.955 1.37347 3
      vertex -2.99358 0.196209 3
      vertex -20.8203 2.74105 3
    endloop
  endfacet
  facet normal 0 0 1
    outer loop
      vertex -2.94236 -0.585271 3
      vertex -20.5965 -4.0969 3
      vertex -20.2844 -5.4352 3
    endloop
  endfacet
  facet normal 0 0 1
    outer loop
      vertex -2.99358 0.196209 3
      vertex -20.955 1.37347 3
      vertex -3 0 3
    endloop
  endfacet
  facet normal 0 0 1
    outer loop
      vertex -2.97433 -0.391578 3
      vertex -20.8203 -2.74105 3
      vertex -20.5965 -4.0969 3
    endloop
  endfacet
  facet normal 0 0 1
    outer loop
      vertex -21 0 3
      vertex -3 0 3
      vertex -20.955 1.37347 3
    endloop
  endfacet
  facet normal 0 0 1
    outer loop
      vertex -2.99358 -0.196209 3
      vertex -20.955 -1.37347 3
      vertex -20.8203 -2.74105 3
    endloop
  endfacet
  facet normal 0 0 1
    outer loop
      vertex -3 0 3
      vertex -21 0 3
      vertex -20.955 -1.37347 3
    endloop
  endfacet
  facet normal -0.290294 -0.956938 0
    outer loop
      vertex -8.80744 -25.9459 0
      vertex -7.09164 -26.4664 3
      vertex -8.80744 -25.9459 3
    endloop
  endfacet
  facet normal -0.290294 -0.956938 -0
    outer loop
      vertex -7.09164 -26.4664 3
      vertex -8.80744 -25.9459 0
      vertex -7.09164 -26.4664 0
    endloop
  endfacet
  facet normal -0.582467 0.812855 0
    outer loop
      vertex -15.2226 22.7823 0
      vertex -16.6801 21.7379 3
      vertex -15.2226 22.7823 3
    endloop
  endfacet
  facet normal -0.582467 0.812855 0
    outer loop
      vertex -16.6801 21.7379 3
      vertex -15.2226 22.7823 0
      vertex -16.6801 21.7379 0
    endloop
  endfacet
  facet normal -0.41271 -0.910862 0
    outer loop
      vertex -12.1187 -24.5743 0
      vertex -10.4855 -25.3143 3
      vertex -12.1187 -24.5743 3
    endloop
  endfacet
  facet normal -0.41271 -0.910862 -0
    outer loop
      vertex -10.4855 -25.3143 3
      vertex -12.1187 -24.5743 0
      vertex -10.4855 -25.3143 0
    endloop
  endfacet
  facet normal -0.956938 -0.290294 0
    outer loop
      vertex -25.9459 -8.80744 0
      vertex -26.4664 -7.09164 3
      vertex -26.4664 -7.09164 0
    endloop
  endfacet
  facet normal -0.956938 -0.290294 0
    outer loop
      vertex -26.4664 -7.09164 3
      vertex -25.9459 -8.80744 0
      vertex -25.9459 -8.80744 3
    endloop
  endfacet
  facet normal 0 0 -1
    outer loop
      vertex 26 0 0
      vertex 27.4 0 0
      vertex 27.3413 -1.79205 0
    endloop
  endfacet
  facet normal 0 0 -1
    outer loop
      vertex 25.9443 -1.70048 0
      vertex 27.3413 -1.79205 0
      vertex 27.1656 -3.57642 0
    endloop
  endfacet
  facet normal 0 0 -1
    outer loop
      vertex 27.4 0 0
      vertex 26 0 0
      vertex 27.3413 1.79205 0
    endloop
  endfacet
  facet normal 0 0 -1
    outer loop
      vertex 25.7776 -3.39368 0
      vertex 27.1656 -3.57642 0
      vertex 26.8735 -5.34547 0
    endloop
  endfacet
  facet normal 0 0 -1
    outer loop
      vertex 25.9443 1.70048 0
      vertex 27.3413 1.79205 0
      vertex 26 0 0
    endloop
  endfacet
  facet normal 0 0 -1
    outer loop
      vertex 25.5004 -5.07235 0
      vertex 26.8735 -5.34547 0
      vertex 26.4664 -7.09164 0
    endloop
  endfacet
  facet normal -0 0 -1
    outer loop
      vertex 27.3413 1.79205 0
      vertex 25.9443 1.70048 0
      vertex 27.1656 3.57642 0
    endloop
  endfacet
  facet normal 0 0 -1
    outer loop
      vertex 25.7776 3.39368 0
      vertex 27.1656 3.57642 0
      vertex 25.9443 1.70048 0
    endloop
  endfacet
  facet normal 0 0 -1
    outer loop
      vertex 25.1141 -6.72929 0
      vertex 26.4664 -7.09164 0
      vertex 25.9459 -8.80744 0
    endloop
  endfacet
  facet normal 0 0 -1
    outer loop
      vertex 27.3413 -1.79205 0
      vertex 25.9443 -1.70048 0
      vertex 26 0 0
    endloop
  endfacet
  facet normal 0 0 -1
    outer loop
      vertex 27.1656 -3.57642 0
      vertex 25.7776 -3.39368 0
      vertex 25.9443 -1.70048 0
    endloop
  endfacet
  facet normal 0 0 -1
    outer loop
      vertex 26.8735 -5.34547 0
      vertex 25.5004 -5.07235 0
      vertex 25.7776 -3.39368 0
    endloop
  endfacet
  facet normal 0 0 -1
    outer loop
      vertex 24.6202 -8.35743 0
      vertex 25.9459 -8.80744 0
      vertex 25.3143 -10.4855 0
    endloop
  endfacet
  facet normal 0 0 -1
    outer loop
      vertex 26.4664 -7.09164 0
      vertex 25.1141 -6.72929 0
      vertex 25.5004 -5.07235 0
    endloop
  endfacet
  facet normal 0 0 -1
    outer loop
      vertex 25.9459 -8.80744 0
      vertex 24.6202 -8.35743 0
      vertex 25.1141 -6.72929 0
    endloop
  endfacet
  facet normal 0 0 -1
    outer loop
      vertex 24.0209 -9.94977 0
      vertex 25.3143 -10.4855 0
      vertex 24.5743 -12.1187 0
    endloop
  endfacet
  facet normal 0 0 -1
    outer loop
      vertex 25.3143 -10.4855 0
      vertex 24.0209 -9.94977 0
      vertex 24.6202 -8.35743 0
    endloop
  endfacet
  facet normal 0 0 -1
    outer loop
      vertex 23.3187 -11.4995 0
      vertex 24.5743 -12.1187 0
      vertex 23.7291 -13.7 0
    endloop
  endfacet
  facet normal 0 0 -1
    outer loop
      vertex 24.5743 -12.1187 0
      vertex 23.3187 -11.4995 0
      vertex 24.0209 -9.94977 0
    endloop
  endfacet
  facet normal 0 0 -1
    outer loop
      vertex 22.5167 -13 0
      vertex 23.7291 -13.7 0
      vertex 22.7823 -15.2226 0
    endloop
  endfacet
  facet normal 0 0 -1
    outer loop
      vertex 23.7291 -13.7 0
      vertex 22.5167 -13 0
      vertex 23.3187 -11.4995 0
    endloop
  endfacet
  facet normal 0 0 -1
    outer loop
      vertex 21.6182 -14.4448 0
      vertex 22.7823 -15.2226 0
      vertex 21.7379 -16.6801 0
    endloop
  endfacet
  facet normal 0 0 -1
    outer loop
      vertex 22.7823 -15.2226 0
      vertex 21.6182 -14.4448 0
      vertex 22.5167 -13 0
    endloop
  endfacet
  facet normal 0 0 -1
    outer loop
      vertex 21.7379 -16.6801 0
      vertex 20.6272 -15.8278 0
      vertex 21.6182 -14.4448 0
    endloop
  endfacet
  facet normal 0 0 -1
    outer loop
      vertex 20.6004 -18.0661 0
      vertex 20.6272 -15.8278 0
      vertex 21.7379 -16.6801 0
    endloop
  endfacet
  facet normal 0 0 -1
    outer loop
      vertex 20.6004 -18.0661 0
      vertex 19.5478 -17.143 0
      vertex 20.6272 -15.8278 0
    endloop
  endfacet
  facet normal 0 0 -1
    outer loop
      vertex 19.3747 -19.3747 0
      vertex 19.5478 -17.143 0
      vertex 20.6004 -18.0661 0
    endloop
  endfacet
  facet normal 0 0 -1
    outer loop
      vertex 19.3747 -19.3747 0
      vertex 18.3848 -18.3848 0
      vertex 19.5478 -17.143 0
    endloop
  endfacet
  facet normal 0 0 -1
    outer loop
      vertex 18.0661 -20.6004 0
      vertex 18.3848 -18.3848 0
      vertex 19.3747 -19.3747 0
    endloop
  endfacet
  facet normal 0 0 -1
    outer loop
      vertex 18.0661 -20.6004 0
      vertex 17.143 -19.5478 0
      vertex 18.3848 -18.3848 0
    endloop
  endfacet
  facet normal 0 0 -1
    outer loop
      vertex 16.6801 -21.7379 0
      vertex 17.143 -19.5478 0
      vertex 18.0661 -20.6004 0
    endloop
  endfacet
  facet normal 0 0 -1
    outer loop
      vertex 16.6801 -21.7379 0
      vertex 15.8278 -20.6272 0
      vertex 17.143 -19.5478 0
    endloop
  endfacet
  facet normal 0 0 -1
    outer loop
      vertex 15.2226 -22.7823 0
      vertex 15.8278 -20.6272 0
      vertex 16.6801 -21.7379 0
    endloop
  endfacet
  facet normal 0 0 -1
    outer loop
      vertex 15.2226 -22.7823 0
      vertex 14.4448 -21.6182 0
      vertex 15.8278 -20.6272 0
    endloop
  endfacet
  facet normal 0 0 -1
    outer loop
      vertex 13.7 -23.7291 0
      vertex 14.4448 -21.6182 0
      vertex 15.2226 -22.7823 0
    endloop
  endfacet
  facet normal 0 0 -1
    outer loop
      vertex 13.7 -23.7291 0
      vertex 13 -22.5167 0
      vertex 14.4448 -21.6182 0
    endloop
  endfacet
  facet normal 0 0 -1
    outer loop
      vertex 12.1187 -24.5743 0
      vertex 13 -22.5167 0
      vertex 13.7 -23.7291 0
    endloop
  endfacet
  facet normal 0 0 -1
    outer loop
      vertex 12.1187 -24.5743 0
      vertex 11.4995 -23.3187 0
      vertex 13 -22.5167 0
    endloop
  endfacet
  facet normal 0 0 -1
    outer loop
      vertex 10.4855 -25.3143 0
      vertex 11.4995 -23.3187 0
      vertex 12.1187 -24.5743 0
    endloop
  endfacet
  facet normal 0 0 -1
    outer loop
      vertex 10.4855 -25.3143 0
      vertex 9.94977 -24.0209 0
      vertex 11.4995 -23.3187 0
    endloop
  endfacet
  facet normal 0 0 -1
    outer loop
      vertex 8.80744 -25.9459 0
      vertex 9.94977 -24.0209 0
      vertex 10.4855 -25.3143 0
    endloop
  endfacet
  facet normal 0 0 -1
    outer loop
      vertex 8.80744 -25.9459 0
      vertex 8.35743 -24.6202 0
      vertex 9.94977 -24.0209 0
    endloop
  endfacet
  facet normal 0 0 -1
    outer loop
      vertex 7.09164 -26.4664 0
      vertex 8.35743 -24.6202 0
      vertex 8.80744 -25.9459 0
    endloop
  endfacet
  facet normal 0 0 -1
    outer loop
      vertex 7.09164 -26.4664 0
      vertex 6.72929 -25.1141 0
      vertex 8.35743 -24.6202 0
    endloop
  endfacet
  facet normal 0 0 -1
    outer loop
      vertex 5.34547 -26.8735 0
      vertex 6.72929 -25.1141 0
      vertex 7.09164 -26.4664 0
    endloop
  endfacet
  facet normal 0 0 -1
    outer loop
      vertex 5.34547 -26.8735 0
      vertex 5.07235 -25.5004 0
      vertex 6.72929 -25.1141 0
    endloop
  endfacet
  facet normal 0 0 -1
    outer loop
      vertex 3.57642 -27.1656 0
      vertex 5.07235 -25.5004 0
      vertex 5.34547 -26.8735 0
    endloop
  endfacet
  facet normal 0 0 -1
    outer loop
      vertex 3.57642 -27.1656 0
      vertex 3.39368 -25.7776 0
      vertex 5.07235 -25.5004 0
    endloop
  endfacet
  facet normal 0 0 -1
    outer loop
      vertex 1.79205 -27.3413 0
      vertex 3.39368 -25.7776 0
      vertex 3.57642 -27.1656 0
    endloop
  endfacet
  facet normal 0 0 -1
    outer loop
      vertex 1.79205 -27.3413 0
      vertex 1.70048 -25.9443 0
      vertex 3.39368 -25.7776 0
    endloop
  endfacet
  facet normal 0 0 -1
    outer loop
      vertex 0 -27.4 0
      vertex 1.70048 -25.9443 0
      vertex 1.79205 -27.3413 0
    endloop
  endfacet
  facet normal 0 0 -1
    outer loop
      vertex 0 -27.4 0
      vertex 0 -26 0
      vertex 1.70048 -25.9443 0
    endloop
  endfacet
  facet normal 0 0 -1
    outer loop
      vertex 0 -27.4 0
      vertex -1.70048 -25.9443 0
      vertex 0 -26 0
    endloop
  endfacet
  facet normal 0 0 -1
    outer loop
      vertex -1.79205 -27.3413 0
      vertex -1.70048 -25.9443 0
      vertex 0 -27.4 0
    endloop
  endfacet
  facet normal 0 0 -1
    outer loop
      vertex -1.79205 -27.3413 0
      vertex -3.39368 -25.7776 0
      vertex -1.70048 -25.9443 0
    endloop
  endfacet
  facet normal 0 0 -1
    outer loop
      vertex -3.57642 -27.1656 0
      vertex -3.39368 -25.7776 0
      vertex -1.79205 -27.3413 0
    endloop
  endfacet
  facet normal 0 0 -1
    outer loop
      vertex -3.57642 -27.1656 0
      vertex -5.07235 -25.5004 0
      vertex -3.39368 -25.7776 0
    endloop
  endfacet
  facet normal 0 0 -1
    outer loop
      vertex -5.34547 -26.8735 0
      vertex -5.07235 -25.5004 0
      vertex -3.57642 -27.1656 0
    endloop
  endfacet
  facet normal 0 0 -1
    outer loop
      vertex -5.34547 -26.8735 0
      vertex -6.72929 -25.1141 0
      vertex -5.07235 -25.5004 0
    endloop
  endfacet
  facet normal 0 0 -1
    outer loop
      vertex -7.09164 -26.4664 0
      vertex -6.72929 -25.1141 0
      vertex -5.34547 -26.8735 0
    endloop
  endfacet
  facet normal 0 0 -1
    outer loop
      vertex -7.09164 -26.4664 0
      vertex -8.35743 -24.6202 0
      vertex -6.72929 -25.1141 0
    endloop
  endfacet
  facet normal 0 0 -1
    outer loop
      vertex -8.80744 -25.9459 0
      vertex -8.35743 -24.6202 0
      vertex -7.09164 -26.4664 0
    endloop
  endfacet
  facet normal 0 0 -1
    outer loop
      vertex -8.80744 -25.9459 0
      vertex -9.94977 -24.0209 0
      vertex -8.35743 -24.6202 0
    endloop
  endfacet
  facet normal 0 0 -1
    outer loop
      vertex -10.4855 -25.3143 0
      vertex -9.94977 -24.0209 0
      vertex -8.80744 -25.9459 0
    endloop
  endfacet
  facet normal 0 0 -1
    outer loop
      vertex -10.4855 -25.3143 0
      vertex -11.4995 -23.3187 0
      vertex -9.94977 -24.0209 0
    endloop
  endfacet
  facet normal 0 0 -1
    outer loop
      vertex -12.1187 -24.5743 0
      vertex -11.4995 -23.3187 0
      vertex -10.4855 -25.3143 0
    endloop
  endfacet
  facet normal 0 0 -1
    outer loop
      vertex -12.1187 -24.5743 0
      vertex -13 -22.5167 0
      vertex -11.4995 -23.3187 0
    endloop
  endfacet
  facet normal 0 0 -1
    outer loop
      vertex -13.7 -23.7291 0
      vertex -13 -22.5167 0
      vertex -12.1187 -24.5743 0
    endloop
  endfacet
  facet normal 0 0 -1
    outer loop
      vertex -13.7 -23.7291 0
      vertex -14.4448 -21.6182 0
      vertex -13 -22.5167 0
    endloop
  endfacet
  facet normal 0 0 -1
    outer loop
      vertex -15.2226 -22.7823 0
      vertex -14.4448 -21.6182 0
      vertex -13.7 -23.7291 0
    endloop
  endfacet
  facet normal 0 0 -1
    outer loop
      vertex -15.2226 -22.7823 0
      vertex -15.8278 -20.6272 0
      vertex -14.4448 -21.6182 0
    endloop
  endfacet
  facet normal 0 0 -1
    outer loop
      vertex -16.6801 -21.7379 0
      vertex -15.8278 -20.6272 0
      vertex -15.2226 -22.7823 0
    endloop
  endfacet
  facet normal 0 0 -1
    outer loop
      vertex -16.6801 -21.7379 0
      vertex -17.143 -19.5478 0
      vertex -15.8278 -20.6272 0
    endloop
  endfacet
  facet normal 0 0 -1
    outer loop
      vertex -18.0661 -20.6004 0
      vertex -17.143 -19.5478 0
      vertex -16.6801 -21.7379 0
    endloop
  endfacet
  facet normal 0 0 -1
    outer loop
      vertex -18.0661 -20.6004 0
      vertex -18.3848 -18.3848 0
      vertex -17.143 -19.5478 0
    endloop
  endfacet
  facet normal 0 0 -1
    outer loop
      vertex -19.3747 -19.3747 0
      vertex -18.3848 -18.3848 0
      vertex -18.0661 -20.6004 0
    endloop
  endfacet
  facet normal 0 0 -1
    outer loop
      vertex -19.3747 -19.3747 0
      vertex -19.5478 -17.143 0
      vertex -18.3848 -18.3848 0
    endloop
  endfacet
  facet normal 0 0 -1
    outer loop
      vertex -20.6004 -18.0661 0
      vertex -19.5478 -17.143 0
      vertex -19.3747 -19.3747 0
    endloop
  endfacet
  facet normal 0 0 -1
    outer loop
      vertex -20.6004 -18.0661 0
      vertex -20.6272 -15.8278 0
      vertex -19.5478 -17.143 0
    endloop
  endfacet
  facet normal 0 0 -1
    outer loop
      vertex -21.7379 -16.6801 0
      vertex -20.6272 -15.8278 0
      vertex -20.6004 -18.0661 0
    endloop
  endfacet
  facet normal -0 0 -1
    outer loop
      vertex -20.6272 -15.8278 0
      vertex -21.7379 -16.6801 0
      vertex -21.6182 -14.4448 0
    endloop
  endfacet
  facet normal 0 0 -1
    outer loop
      vertex -22.7823 -15.2226 0
      vertex -21.6182 -14.4448 0
      vertex -21.7379 -16.6801 0
    endloop
  endfacet
  facet normal -0 0 -1
    outer loop
      vertex -21.6182 -14.4448 0
      vertex -22.7823 -15.2226 0
      vertex -22.5167 -13 0
    endloop
  endfacet
  facet normal 0 0 -1
    outer loop
      vertex -23.7291 -13.7 0
      vertex -22.5167 -13 0
      vertex -22.7823 -15.2226 0
    endloop
  endfacet
  facet normal -0 0 -1
    outer loop
      vertex -22.5167 -13 0
      vertex -23.7291 -13.7 0
      vertex -23.3187 -11.4995 0
    endloop
  endfacet
  facet normal 0 0 -1
    outer loop
      vertex -24.5743 -12.1187 0
      vertex -23.3187 -11.4995 0
      vertex -23.7291 -13.7 0
    endloop
  endfacet
  facet normal -0 0 -1
    outer loop
      vertex -23.3187 -11.4995 0
      vertex -24.5743 -12.1187 0
      vertex -24.0209 -9.94977 0
    endloop
  endfacet
  facet normal 0 0 -1
    outer loop
      vertex -25.3143 -10.4855 0
      vertex -24.0209 -9.94977 0
      vertex -24.5743 -12.1187 0
    endloop
  endfacet
  facet normal -0 0 -1
    outer loop
      vertex -24.0209 -9.94977 0
      vertex -25.3143 -10.4855 0
      vertex -24.6202 -8.35743 0
    endloop
  endfacet
  facet normal 0 0 -1
    outer loop
      vertex -25.9459 -8.80744 0
      vertex -24.6202 -8.35743 0
      vertex -25.3143 -10.4855 0
    endloop
  endfacet
  facet normal -0 0 -1
    outer loop
      vertex -24.6202 -8.35743 0
      vertex -25.9459 -8.80744 0
      vertex -25.1141 -6.72929 0
    endloop
  endfacet
  facet normal 0 0 -1
    outer loop
      vertex -26.4664 -7.09164 0
      vertex -25.1141 -6.72929 0
      vertex -25.9459 -8.80744 0
    endloop
  endfacet
  facet normal -0 0 -1
    outer loop
      vertex -25.1141 -6.72929 0
      vertex -26.4664 -7.09164 0
      vertex -25.5004 -5.07235 0
    endloop
  endfacet
  facet normal 0 0 -1
    outer loop
      vertex -26.8735 -5.34547 0
      vertex -25.5004 -5.07235 0
      vertex -26.4664 -7.09164 0
    endloop
  endfacet
  facet normal -0 0 -1
    outer loop
      vertex -25.5004 -5.07235 0
      vertex -26.8735 -5.34547 0
      vertex -25.7776 -3.39368 0
    endloop
  endfacet
  facet normal 0 0 -1
    outer loop
      vertex -27.1656 -3.57642 0
      vertex -25.7776 -3.39368 0
      vertex -26.8735 -5.34547 0
    endloop
  endfacet
  facet normal -0 0 -1
    outer loop
      vertex 27.1656 3.57642 0
      vertex 25.7776 3.39368 0
      vertex 26.8735 5.34547 0
    endloop
  endfacet
  facet normal 0 0 -1
    outer loop
      vertex 25.5004 5.07235 0
      vertex 26.8735 5.34547 0
      vertex 25.7776 3.39368 0
    endloop
  endfacet
  facet normal -0 0 -1
    outer loop
      vertex 26.8735 5.34547 0
      vertex 25.5004 5.07235 0
      vertex 26.4664 7.09164 0
    endloop
  endfacet
  facet normal 0 0 -1
    outer loop
      vertex 25.1141 6.72929 0
      vertex 26.4664 7.09164 0
      vertex 25.5004 5.07235 0
    endloop
  endfacet
  facet normal -0 0 -1
    outer loop
      vertex 26.4664 7.09164 0
      vertex 25.1141 6.72929 0
      vertex 25.9459 8.80744 0
    endloop
  endfacet
  facet normal 0 0 -1
    outer loop
      vertex 24.6202 8.35743 0
      vertex 25.9459 8.80744 0
      vertex 25.1141 6.72929 0
    endloop
  endfacet
  facet normal -0 0 -1
    outer loop
      vertex 25.9459 8.80744 0
      vertex 24.6202 8.35743 0
      vertex 25.3143 10.4855 0
    endloop
  endfacet
  facet normal 0 0 -1
    outer loop
      vertex 24.0209 9.94977 0
      vertex 25.3143 10.4855 0
      vertex 24.6202 8.35743 0
    endloop
  endfacet
  facet normal -0 0 -1
    outer loop
      vertex 25.3143 10.4855 0
      vertex 24.0209 9.94977 0
      vertex 24.5743 12.1187 0
    endloop
  endfacet
  facet normal 0 0 -1
    outer loop
      vertex 23.3187 11.4995 0
      vertex 24.5743 12.1187 0
      vertex 24.0209 9.94977 0
    endloop
  endfacet
  facet normal -0 0 -1
    outer loop
      vertex 24.5743 12.1187 0
      vertex 23.3187 11.4995 0
      vertex 23.7291 13.7 0
    endloop
  endfacet
  facet normal 0 0 -1
    outer loop
      vertex 22.5167 13 0
      vertex 23.7291 13.7 0
      vertex 23.3187 11.4995 0
    endloop
  endfacet
  facet normal -0 0 -1
    outer loop
      vertex 23.7291 13.7 0
      vertex 22.5167 13 0
      vertex 22.7823 15.2226 0
    endloop
  endfacet
  facet normal 0 0 -1
    outer loop
      vertex 21.6182 14.4448 0
      vertex 22.7823 15.2226 0
      vertex 22.5167 13 0
    endloop
  endfacet
  facet normal -0 0 -1
    outer loop
      vertex 22.7823 15.2226 0
      vertex 21.6182 14.4448 0
      vertex 21.7379 16.6801 0
    endloop
  endfacet
  facet normal 0 0 -1
    outer loop
      vertex 20.6272 15.8278 0
      vertex 21.7379 16.6801 0
      vertex 21.6182 14.4448 0
    endloop
  endfacet
  facet normal 0 0 -1
    outer loop
      vertex 20.6272 15.8278 0
      vertex 20.6004 18.0661 0
      vertex 21.7379 16.6801 0
    endloop
  endfacet
  facet normal 0 0 -1
    outer loop
      vertex 19.5478 17.143 0
      vertex 20.6004 18.0661 0
      vertex 20.6272 15.8278 0
    endloop
  endfacet
  facet normal 0 0 -1
    outer loop
      vertex 19.5478 17.143 0
      vertex 19.3747 19.3747 0
      vertex 20.6004 18.0661 0
    endloop
  endfacet
  facet normal 0 0 -1
    outer loop
      vertex 18.3848 18.3848 0
      vertex 19.3747 19.3747 0
      vertex 19.5478 17.143 0
    endloop
  endfacet
  facet normal 0 0 -1
    outer loop
      vertex 18.3848 18.3848 0
      vertex 18.0661 20.6004 0
      vertex 19.3747 19.3747 0
    endloop
  endfacet
  facet normal 0 0 -1
    outer loop
      vertex 17.143 19.5478 0
      vertex 18.0661 20.6004 0
      vertex 18.3848 18.3848 0
    endloop
  endfacet
  facet normal 0 0 -1
    outer loop
      vertex 17.143 19.5478 0
      vertex 16.6801 21.7379 0
      vertex 18.0661 20.6004 0
    endloop
  endfacet
  facet normal 0 0 -1
    outer loop
      vertex 15.8278 20.6272 0
      vertex 16.6801 21.7379 0
      vertex 17.143 19.5478 0
    endloop
  endfacet
  facet normal 0 0 -1
    outer loop
      vertex 15.8278 20.6272 0
      vertex 15.2226 22.7823 0
      vertex 16.6801 21.7379 0
    endloop
  endfacet
  facet normal 0 0 -1
    outer loop
      vertex 14.4448 21.6182 0
      vertex 15.2226 22.7823 0
      vertex 15.8278 20.6272 0
    endloop
  endfacet
  facet normal 0 0 -1
    outer loop
      vertex 14.4448 21.6182 0
      vertex 13.7 23.7291 0
      vertex 15.2226 22.7823 0
    endloop
  endfacet
  facet normal 0 0 -1
    outer loop
      vertex 13 22.5167 0
      vertex 13.7 23.7291 0
      vertex 14.4448 21.6182 0
    endloop
  endfacet
  facet normal 0 0 -1
    outer loop
      vertex 13 22.5167 0
      vertex 12.1187 24.5743 0
      vertex 13.7 23.7291 0
    endloop
  endfacet
  facet normal 0 0 -1
    outer loop
      vertex 11.4995 23.3187 0
      vertex 12.1187 24.5743 0
      vertex 13 22.5167 0
    endloop
  endfacet
  facet normal 0 0 -1
    outer loop
      vertex 11.4995 23.3187 0
      vertex 10.4855 25.3143 0
      vertex 12.1187 24.5743 0
    endloop
  endfacet
  facet normal 0 0 -1
    outer loop
      vertex 9.94977 24.0209 0
      vertex 10.4855 25.3143 0
      vertex 11.4995 23.3187 0
    endloop
  endfacet
  facet normal 0 0 -1
    outer loop
      vertex 9.94977 24.0209 0
      vertex 8.80744 25.9459 0
      vertex 10.4855 25.3143 0
    endloop
  endfacet
  facet normal 0 0 -1
    outer loop
      vertex 8.35743 24.6202 0
      vertex 8.80744 25.9459 0
      vertex 9.94977 24.0209 0
    endloop
  endfacet
  facet normal 0 0 -1
    outer loop
      vertex 8.35743 24.6202 0
      vertex 7.09164 26.4664 0
      vertex 8.80744 25.9459 0
    endloop
  endfacet
  facet normal 0 0 -1
    outer loop
      vertex 6.72929 25.1141 0
      vertex 7.09164 26.4664 0
      vertex 8.35743 24.6202 0
    endloop
  endfacet
  facet normal 0 0 -1
    outer loop
      vertex 6.72929 25.1141 0
      vertex 5.34547 26.8735 0
      vertex 7.09164 26.4664 0
    endloop
  endfacet
  facet normal 0 0 -1
    outer loop
      vertex 5.07235 25.5004 0
      vertex 5.34547 26.8735 0
      vertex 6.72929 25.1141 0
    endloop
  endfacet
  facet normal 0 0 -1
    outer loop
      vertex 5.07235 25.5004 0
      vertex 3.57642 27.1656 0
      vertex 5.34547 26.8735 0
    endloop
  endfacet
  facet normal 0 0 -1
    outer loop
      vertex 3.39368 25.7776 0
      vertex 3.57642 27.1656 0
      vertex 5.07235 25.5004 0
    endloop
  endfacet
  facet normal 0 0 -1
    outer loop
      vertex 3.39368 25.7776 0
      vertex 1.79205 27.3413 0
      vertex 3.57642 27.1656 0
    endloop
  endfacet
  facet normal 0 0 -1
    outer loop
      vertex 1.70048 25.9443 0
      vertex 1.79205 27.3413 0
      vertex 3.39368 25.7776 0
    endloop
  endfacet
  facet normal 0 0 -1
    outer loop
      vertex 0 26 0
      vertex 1.79205 27.3413 0
      vertex 1.70048 25.9443 0
    endloop
  endfacet
  facet normal 0 0 -1
    outer loop
      vertex 0 26 0
      vertex 0 27.4 0
      vertex 1.79205 27.3413 0
    endloop
  endfacet
  facet normal 0 0 -1
    outer loop
      vertex -1.70048 25.9443 0
      vertex 0 27.4 0
      vertex 0 26 0
    endloop
  endfacet
  facet normal 0 0 -1
    outer loop
      vertex -1.70048 25.9443 0
      vertex -1.79205 27.3413 0
      vertex 0 27.4 0
    endloop
  endfacet
  facet normal 0 0 -1
    outer loop
      vertex -3.39368 25.7776 0
      vertex -1.79205 27.3413 0
      vertex -1.70048 25.9443 0
    endloop
  endfacet
  facet normal 0 0 -1
    outer loop
      vertex -3.39368 25.7776 0
      vertex -3.57642 27.1656 0
      vertex -1.79205 27.3413 0
    endloop
  endfacet
  facet normal 0 0 -1
    outer loop
      vertex -5.07235 25.5004 0
      vertex -3.57642 27.1656 0
      vertex -3.39368 25.7776 0
    endloop
  endfacet
  facet normal 0 0 -1
    outer loop
      vertex -5.07235 25.5004 0
      vertex -5.34547 26.8735 0
      vertex -3.57642 27.1656 0
    endloop
  endfacet
  facet normal 0 0 -1
    outer loop
      vertex -6.72929 25.1141 0
      vertex -5.34547 26.8735 0
      vertex -5.07235 25.5004 0
    endloop
  endfacet
  facet normal 0 0 -1
    outer loop
      vertex -6.72929 25.1141 0
      vertex -7.09164 26.4664 0
      vertex -5.34547 26.8735 0
    endloop
  endfacet
  facet normal 0 0 -1
    outer loop
      vertex -8.35743 24.6202 0
      vertex -7.09164 26.4664 0
      vertex -6.72929 25.1141 0
    endloop
  endfacet
  facet normal 0 0 -1
    outer loop
      vertex -8.35743 24.6202 0
      vertex -8.80744 25.9459 0
      vertex -7.09164 26.4664 0
    endloop
  endfacet
  facet normal 0 0 -1
    outer loop
      vertex -9.94977 24.0209 0
      vertex -8.80744 25.9459 0
      vertex -8.35743 24.6202 0
    endloop
  endfacet
  facet normal 0 0 -1
    outer loop
      vertex -9.94977 24.0209 0
      vertex -10.4855 25.3143 0
      vertex -8.80744 25.9459 0
    endloop
  endfacet
  facet normal 0 0 -1
    outer loop
      vertex -11.4995 23.3187 0
      vertex -10.4855 25.3143 0
      vertex -9.94977 24.0209 0
    endloop
  endfacet
  facet normal 0 0 -1
    outer loop
      vertex -11.4995 23.3187 0
      vertex -12.1187 24.5743 0
      vertex -10.4855 25.3143 0
    endloop
  endfacet
  facet normal 0 0 -1
    outer loop
      vertex -13 22.5167 0
      vertex -12.1187 24.5743 0
      vertex -11.4995 23.3187 0
    endloop
  endfacet
  facet normal 0 0 -1
    outer loop
      vertex -13 22.5167 0
      vertex -13.7 23.7291 0
      vertex -12.1187 24.5743 0
    endloop
  endfacet
  facet normal 0 0 -1
    outer loop
      vertex -14.4448 21.6182 0
      vertex -13.7 23.7291 0
      vertex -13 22.5167 0
    endloop
  endfacet
  facet normal 0 0 -1
    outer loop
      vertex -14.4448 21.6182 0
      vertex -15.2226 22.7823 0
      vertex -13.7 23.7291 0
    endloop
  endfacet
  facet normal 0 0 -1
    outer loop
      vertex -15.8278 20.6272 0
      vertex -15.2226 22.7823 0
      vertex -14.4448 21.6182 0
    endloop
  endfacet
  facet normal 0 0 -1
    outer loop
      vertex -15.8278 20.6272 0
      vertex -16.6801 21.7379 0
      vertex -15.2226 22.7823 0
    endloop
  endfacet
  facet normal 0 0 -1
    outer loop
      vertex -17.143 19.5478 0
      vertex -16.6801 21.7379 0
      vertex -15.8278 20.6272 0
    endloop
  endfacet
  facet normal 0 0 -1
    outer loop
      vertex -17.143 19.5478 0
      vertex -18.0661 20.6004 0
      vertex -16.6801 21.7379 0
    endloop
  endfacet
  facet normal 0 0 -1
    outer loop
      vertex -18.3848 18.3848 0
      vertex -18.0661 20.6004 0
      vertex -17.143 19.5478 0
    endloop
  endfacet
  facet normal 0 0 -1
    outer loop
      vertex -18.3848 18.3848 0
      vertex -19.3747 19.3747 0
      vertex -18.0661 20.6004 0
    endloop
  endfacet
  facet normal 0 0 -1
    outer loop
      vertex -19.5478 17.143 0
      vertex -19.3747 19.3747 0
      vertex -18.3848 18.3848 0
    endloop
  endfacet
  facet normal 0 0 -1
    outer loop
      vertex -19.5478 17.143 0
      vertex -20.6004 18.0661 0
      vertex -19.3747 19.3747 0
    endloop
  endfacet
  facet normal 0 0 -1
    outer loop
      vertex -20.6272 15.8278 0
      vertex -20.6004 18.0661 0
      vertex -19.5478 17.143 0
    endloop
  endfacet
  facet normal 0 0 -1
    outer loop
      vertex -21.7379 16.6801 0
      vertex -20.6272 15.8278 0
      vertex -21.6182 14.4448 0
    endloop
  endfacet
  facet normal 0 0 -1
    outer loop
      vertex -20.6272 15.8278 0
      vertex -21.7379 16.6801 0
      vertex -20.6004 18.0661 0
    endloop
  endfacet
  facet normal 0 0 -1
    outer loop
      vertex -22.7823 15.2226 0
      vertex -21.6182 14.4448 0
      vertex -22.5167 13 0
    endloop
  endfacet
  facet normal 0 0 -1
    outer loop
      vertex -21.6182 14.4448 0
      vertex -22.7823 15.2226 0
      vertex -21.7379 16.6801 0
    endloop
  endfacet
  facet normal 0 0 -1
    outer loop
      vertex -23.7291 13.7 0
      vertex -22.5167 13 0
      vertex -23.3187 11.4995 0
    endloop
  endfacet
  facet normal 0 0 -1
    outer loop
      vertex -22.5167 13 0
      vertex -23.7291 13.7 0
      vertex -22.7823 15.2226 0
    endloop
  endfacet
  facet normal 0 0 -1
    outer loop
      vertex -24.5743 12.1187 0
      vertex -23.3187 11.4995 0
      vertex -24.0209 9.94977 0
    endloop
  endfacet
  facet normal 0 0 -1
    outer loop
      vertex -23.3187 11.4995 0
      vertex -24.5743 12.1187 0
      vertex -23.7291 13.7 0
    endloop
  endfacet
  facet normal 0 0 -1
    outer loop
      vertex -25.3143 10.4855 0
      vertex -24.0209 9.94977 0
      vertex -24.6202 8.35743 0
    endloop
  endfacet
  facet normal 0 0 -1
    outer loop
      vertex -25.9459 8.80744 0
      vertex -24.6202 8.35743 0
      vertex -25.1141 6.72929 0
    endloop
  endfacet
  facet normal 0 0 -1
    outer loop
      vertex -24.0209 9.94977 0
      vertex -25.3143 10.4855 0
      vertex -24.5743 12.1187 0
    endloop
  endfacet
  facet normal 0 0 -1
    outer loop
      vertex -26.4664 7.09164 0
      vertex -25.1141 6.72929 0
      vertex -25.5004 5.07235 0
    endloop
  endfacet
  facet normal 0 0 -1
    outer loop
      vertex -26.8735 5.34547 0
      vertex -25.5004 5.07235 0
      vertex -25.7776 3.39368 0
    endloop
  endfacet
  facet normal 0 0 -1
    outer loop
      vertex -27.1656 3.57642 0
      vertex -25.7776 3.39368 0
      vertex -25.9443 1.70048 0
    endloop
  endfacet
  facet normal 0 0 -1
    outer loop
      vertex -24.6202 8.35743 0
      vertex -25.9459 8.80744 0
      vertex -25.3143 10.4855 0
    endloop
  endfacet
  facet normal 0 0 -1
    outer loop
      vertex -27.3413 1.79205 0
      vertex -25.9443 1.70048 0
      vertex -26 0 0
    endloop
  endfacet
  facet normal -0 0 -1
    outer loop
      vertex -25.7776 -3.39368 0
      vertex -27.1656 -3.57642 0
      vertex -25.9443 -1.70048 0
    endloop
  endfacet
  facet normal 0 0 -1
    outer loop
      vertex -25.1141 6.72929 0
      vertex -26.4664 7.09164 0
      vertex -25.9459 8.80744 0
    endloop
  endfacet
  facet normal 0 0 -1
    outer loop
      vertex -27.3413 -1.79205 0
      vertex -25.9443 -1.70048 0
      vertex -27.1656 -3.57642 0
    endloop
  endfacet
  facet normal 0 0 -1
    outer loop
      vertex -25.5004 5.07235 0
      vertex -26.8735 5.34547 0
      vertex -26.4664 7.09164 0
    endloop
  endfacet
  facet normal -0 0 -1
    outer loop
      vertex -25.9443 -1.70048 0
      vertex -27.3413 -1.79205 0
      vertex -26 0 0
    endloop
  endfacet
  facet normal 0 0 -1
    outer loop
      vertex -25.7776 3.39368 0
      vertex -27.1656 3.57642 0
      vertex -26.8735 5.34547 0
    endloop
  endfacet
  facet normal 0 0 -1
    outer loop
      vertex -27.4 0 0
      vertex -26 0 0
      vertex -27.3413 -1.79205 0
    endloop
  endfacet
  facet normal 0 0 -1
    outer loop
      vertex -25.9443 1.70048 0
      vertex -27.3413 1.79205 0
      vertex -27.1656 3.57642 0
    endloop
  endfacet
  facet normal 0 0 -1
    outer loop
      vertex -26 0 0
      vertex -27.4 0 0
      vertex -27.3413 1.79205 0
    endloop
  endfacet
  facet normal 0 0 -1
    outer loop
      vertex 20.955 -1.37347 0
      vertex 20.955 1.37347 0
      vertex 21 0 0
    endloop
  endfacet
  facet normal 0 0 -1
    outer loop
      vertex 20.8203 -2.74105 0
      vertex 20.955 1.37347 0
      vertex 20.955 -1.37347 0
    endloop
  endfacet
  facet normal 0 0 -1
    outer loop
      vertex 20.8203 -2.74105 0
      vertex 20.8203 2.74105 0
      vertex 20.955 1.37347 0
    endloop
  endfacet
  facet normal 0 0 -1
    outer loop
      vertex 20.5965 -4.0969 0
      vertex 20.8203 2.74105 0
      vertex 20.8203 -2.74105 0
    endloop
  endfacet
  facet normal 0 0 -1
    outer loop
      vertex 20.5965 -4.0969 0
      vertex 20.5965 4.0969 0
      vertex 20.8203 2.74105 0
    endloop
  endfacet
  facet normal 0 0 -1
    outer loop
      vertex 20.2844 -5.4352 0
      vertex 20.5965 4.0969 0
      vertex 20.5965 -4.0969 0
    endloop
  endfacet
  facet normal 0 0 -1
    outer loop
      vertex 20.2844 -5.4352 0
      vertex 20.2844 5.4352 0
      vertex 20.5965 4.0969 0
    endloop
  endfacet
  facet normal 0 0 -1
    outer loop
      vertex 19.8855 -6.75023 0
      vertex 20.2844 5.4352 0
      vertex 20.2844 -5.4352 0
    endloop
  endfacet
  facet normal 0 0 -1
    outer loop
      vertex 19.8855 -6.75023 0
      vertex 19.8855 6.75023 0
      vertex 20.2844 5.4352 0
    endloop
  endfacet
  facet normal 0 0 -1
    outer loop
      vertex 19.4015 -8.03635 0
      vertex 19.8855 6.75023 0
      vertex 19.8855 -6.75023 0
    endloop
  endfacet
  facet normal 0 0 -1
    outer loop
      vertex 19.4015 -8.03635 0
      vertex 19.4015 8.03635 0
      vertex 19.8855 6.75023 0
    endloop
  endfacet
  facet normal 0 0 -1
    outer loop
      vertex 18.8343 -9.28806 0
      vertex 19.4015 8.03635 0
      vertex 19.4015 -8.03635 0
    endloop
  endfacet
  facet normal 0 0 -1
    outer loop
      vertex 18.8343 -9.28806 0
      vertex 18.8343 9.28806 0
      vertex 19.4015 8.03635 0
    endloop
  endfacet
  facet normal 0 0 -1
    outer loop
      vertex 18.1865 -10.5 0
      vertex 18.8343 9.28806 0
      vertex 18.8343 -9.28806 0
    endloop
  endfacet
  facet normal 0 0 -1
    outer loop
      vertex 18.1865 -10.5 0
      vertex 18.1865 10.5 0
      vertex 18.8343 9.28806 0
    endloop
  endfacet
  facet normal 0 0 -1
    outer loop
      vertex 17.4609 -11.667 0
      vertex 18.1865 10.5 0
      vertex 18.1865 -10.5 0
    endloop
  endfacet
  facet normal 0 0 -1
    outer loop
      vertex 17.4609 -11.667 0
      vertex 17.4609 11.667 0
      vertex 18.1865 10.5 0
    endloop
  endfacet
  facet normal 0 0 -1
    outer loop
      vertex 16.6604 -12.784 0
      vertex 17.4609 11.667 0
      vertex 17.4609 -11.667 0
    endloop
  endfacet
  facet normal 0 0 -1
    outer loop
      vertex 16.6604 -12.784 0
      vertex 16.6604 12.784 0
      vertex 17.4609 11.667 0
    endloop
  endfacet
  facet normal 0 0 -1
    outer loop
      vertex 15.7886 -13.8463 0
      vertex 16.6604 12.784 0
      vertex 16.6604 -12.784 0
    endloop
  endfacet
  facet normal 0 0 -1
    outer loop
      vertex 15.7886 -13.8463 0
      vertex 15.7886 13.8463 0
      vertex 16.6604 12.784 0
    endloop
  endfacet
  facet normal 0 0 -1
    outer loop
      vertex 14.8492 -14.8492 0
      vertex 15.7886 13.8463 0
      vertex 15.7886 -13.8463 0
    endloop
  endfacet
  facet normal 0 0 -1
    outer loop
      vertex 14.8492 -14.8492 0
      vertex 14.8492 14.8492 0
      vertex 15.7886 13.8463 0
    endloop
  endfacet
  facet normal 0 0 -1
    outer loop
      vertex 13.8463 -15.7886 0
      vertex 14.8492 14.8492 0
      vertex 14.8492 -14.8492 0
    endloop
  endfacet
  facet normal 0 0 -1
    outer loop
      vertex 13.8463 -15.7886 0
      vertex 13.8463 15.7886 0
      vertex 14.8492 14.8492 0
    endloop
  endfacet
  facet normal 0 0 -1
    outer loop
      vertex 12.784 -16.6604 0
      vertex 13.8463 15.7886 0
      vertex 13.8463 -15.7886 0
    endloop
  endfacet
  facet normal 0 0 -1
    outer loop
      vertex 12.784 -16.6604 0
      vertex 12.784 16.6604 0
      vertex 13.8463 15.7886 0
    endloop
  endfacet
  facet normal 0 0 -1
    outer loop
      vertex 11.667 -17.4609 0
      vertex 12.784 16.6604 0
      vertex 12.784 -16.6604 0
    endloop
  endfacet
  facet normal 0 0 -1
    outer loop
      vertex 11.667 -17.4609 0
      vertex 11.667 17.4609 0
      vertex 12.784 16.6604 0
    endloop
  endfacet
  facet normal 0 0 -1
    outer loop
      vertex 10.5 -18.1865 0
      vertex 11.667 17.4609 0
      vertex 11.667 -17.4609 0
    endloop
  endfacet
  facet normal 0 0 -1
    outer loop
      vertex 10.5 -18.1865 0
      vertex 10.5 18.1865 0
      vertex 11.667 17.4609 0
    endloop
  endfacet
  facet normal 0 0 -1
    outer loop
      vertex 9.28806 -18.8343 0
      vertex 10.5 18.1865 0
      vertex 10.5 -18.1865 0
    endloop
  endfacet
  facet normal 0 0 -1
    outer loop
      vertex 9.28806 -18.8343 0
      vertex 9.28806 18.8343 0
      vertex 10.5 18.1865 0
    endloop
  endfacet
  facet normal 0 0 -1
    outer loop
      vertex 8.03635 -19.4015 0
      vertex 9.28806 18.8343 0
      vertex 9.28806 -18.8343 0
    endloop
  endfacet
  facet normal 0 0 -1
    outer loop
      vertex 8.03635 -19.4015 0
      vertex 8.03635 19.4015 0
      vertex 9.28806 18.8343 0
    endloop
  endfacet
  facet normal 0 0 -1
    outer loop
      vertex 6.75023 -19.8855 0
      vertex 8.03635 19.4015 0
      vertex 8.03635 -19.4015 0
    endloop
  endfacet
  facet normal 0 0 -1
    outer loop
      vertex 6.75023 -19.8855 0
      vertex 6.75023 19.8855 0
      vertex 8.03635 19.4015 0
    endloop
  endfacet
  facet normal 0 0 -1
    outer loop
      vertex 5.4352 -20.2844 0
      vertex 6.75023 19.8855 0
      vertex 6.75023 -19.8855 0
    endloop
  endfacet
  facet normal 0 0 -1
    outer loop
      vertex 5.4352 -20.2844 0
      vertex 5.4352 20.2844 0
      vertex 6.75023 19.8855 0
    endloop
  endfacet
  facet normal 0 0 -1
    outer loop
      vertex 4.0969 -20.5965 0
      vertex 5.4352 20.2844 0
      vertex 5.4352 -20.2844 0
    endloop
  endfacet
  facet normal 0 0 -1
    outer loop
      vertex 4.0969 -20.5965 0
      vertex 4.0969 20.5965 0
      vertex 5.4352 20.2844 0
    endloop
  endfacet
  facet normal 0 0 -1
    outer loop
      vertex 2.74105 -20.8203 0
      vertex 4.0969 20.5965 0
      vertex 4.0969 -20.5965 0
    endloop
  endfacet
  facet normal 0 0 -1
    outer loop
      vertex 2.74105 -20.8203 0
      vertex 2.74105 20.8203 0
      vertex 4.0969 20.5965 0
    endloop
  endfacet
  facet normal 0 0 -1
    outer loop
      vertex 1.37347 -20.955 0
      vertex 2.74105 20.8203 0
      vertex 2.74105 -20.8203 0
    endloop
  endfacet
  facet normal 0 0 -1
    outer loop
      vertex 1.37347 -20.955 0
      vertex 1.37347 20.955 0
      vertex 2.74105 20.8203 0
    endloop
  endfacet
  facet normal 0 0 -1
    outer loop
      vertex 0 -21 0
      vertex 1.37347 20.955 0
      vertex 1.37347 -20.955 0
    endloop
  endfacet
  facet normal 0 0 -1
    outer loop
      vertex 0 -21 0
      vertex 0 21 0
      vertex 1.37347 20.955 0
    endloop
  endfacet
  facet normal 0 0 -1
    outer loop
      vertex -1.37347 -20.955 0
      vertex 0 21 0
      vertex 0 -21 0
    endloop
  endfacet
  facet normal 0 0 -1
    outer loop
      vertex -1.37347 -20.955 0
      vertex -1.37347 20.955 0
      vertex 0 21 0
    endloop
  endfacet
  facet normal 0 0 -1
    outer loop
      vertex -2.74105 -20.8203 0
      vertex -1.37347 20.955 0
      vertex -1.37347 -20.955 0
    endloop
  endfacet
  facet normal 0 0 -1
    outer loop
      vertex -2.74105 -20.8203 0
      vertex -2.74105 20.8203 0
      vertex -1.37347 20.955 0
    endloop
  endfacet
  facet normal 0 0 -1
    outer loop
      vertex -4.0969 -20.5965 0
      vertex -2.74105 20.8203 0
      vertex -2.74105 -20.8203 0
    endloop
  endfacet
  facet normal 0 0 -1
    outer loop
      vertex -4.0969 -20.5965 0
      vertex -4.0969 20.5965 0
      vertex -2.74105 20.8203 0
    endloop
  endfacet
  facet normal 0 0 -1
    outer loop
      vertex -5.4352 -20.2844 0
      vertex -4.0969 20.5965 0
      vertex -4.0969 -20.5965 0
    endloop
  endfacet
  facet normal 0 0 -1
    outer loop
      vertex -5.4352 -20.2844 0
      vertex -5.4352 20.2844 0
      vertex -4.0969 20.5965 0
    endloop
  endfacet
  facet normal 0 0 -1
    outer loop
      vertex -6.75023 -19.8855 0
      vertex -5.4352 20.2844 0
      vertex -5.4352 -20.2844 0
    endloop
  endfacet
  facet normal 0 0 -1
    outer loop
      vertex -6.75023 -19.8855 0
      vertex -6.75023 19.8855 0
      vertex -5.4352 20.2844 0
    endloop
  endfacet
  facet normal 0 0 -1
    outer loop
      vertex -8.03635 -19.4015 0
      vertex -6.75023 19.8855 0
      vertex -6.75023 -19.8855 0
    endloop
  endfacet
  facet normal 0 0 -1
    outer loop
      vertex -8.03635 -19.4015 0
      vertex -8.03635 19.4015 0
      vertex -6.75023 19.8855 0
    endloop
  endfacet
  facet normal 0 0 -1
    outer loop
      vertex -9.28806 -18.8343 0
      vertex -8.03635 19.4015 0
      vertex -8.03635 -19.4015 0
    endloop
  endfacet
  facet normal 0 0 -1
    outer loop
      vertex -9.28806 -18.8343 0
      vertex -9.28806 18.8343 0
      vertex -8.03635 19.4015 0
    endloop
  endfacet
  facet normal 0 0 -1
    outer loop
      vertex -10.5 -18.1865 0
      vertex -9.28806 18.8343 0
      vertex -9.28806 -18.8343 0
    endloop
  endfacet
  facet normal 0 0 -1
    outer loop
      vertex -10.5 -18.1865 0
      vertex -10.5 18.1865 0
      vertex -9.28806 18.8343 0
    endloop
  endfacet
  facet normal 0 0 -1
    outer loop
      vertex -11.667 -17.4609 0
      vertex -10.5 18.1865 0
      vertex -10.5 -18.1865 0
    endloop
  endfacet
  facet normal 0 0 -1
    outer loop
      vertex -11.667 -17.4609 0
      vertex -11.667 17.4609 0
      vertex -10.5 18.1865 0
    endloop
  endfacet
  facet normal 0 0 -1
    outer loop
      vertex -12.784 -16.6604 0
      vertex -11.667 17.4609 0
      vertex -11.667 -17.4609 0
    endloop
  endfacet
  facet normal 0 0 -1
    outer loop
      vertex -12.784 -16.6604 0
      vertex -12.784 16.6604 0
      vertex -11.667 17.4609 0
    endloop
  endfacet
  facet normal 0 0 -1
    outer loop
      vertex -13.8463 -15.7886 0
      vertex -12.784 16.6604 0
      vertex -12.784 -16.6604 0
    endloop
  endfacet
  facet normal 0 0 -1
    outer loop
      vertex -13.8463 -15.7886 0
      vertex -13.8463 15.7886 0
      vertex -12.784 16.6604 0
    endloop
  endfacet
  facet normal 0 0 -1
    outer loop
      vertex -14.8492 -14.8492 0
      vertex -13.8463 15.7886 0
      vertex -13.8463 -15.7886 0
    endloop
  endfacet
  facet normal 0 0 -1
    outer loop
      vertex -14.8492 -14.8492 0
      vertex -14.8492 14.8492 0
      vertex -13.8463 15.7886 0
    endloop
  endfacet
  facet normal 0 0 -1
    outer loop
      vertex -15.7886 -13.8463 0
      vertex -14.8492 14.8492 0
      vertex -14.8492 -14.8492 0
    endloop
  endfacet
  facet normal 0 0 -1
    outer loop
      vertex -15.7886 -13.8463 0
      vertex -15.7886 13.8463 0
      vertex -14.8492 14.8492 0
    endloop
  endfacet
  facet normal 0 0 -1
    outer loop
      vertex -16.6604 -12.784 0
      vertex -15.7886 13.8463 0
      vertex -15.7886 -13.8463 0
    endloop
  endfacet
  facet normal 0 0 -1
    outer loop
      vertex -16.6604 -12.784 0
      vertex -16.6604 12.784 0
      vertex -15.7886 13.8463 0
    endloop
  endfacet
  facet normal 0 0 -1
    outer loop
      vertex -17.4609 -11.667 0
      vertex -16.6604 12.784 0
      vertex -16.6604 -12.784 0
    endloop
  endfacet
  facet normal 0 0 -1
    outer loop
      vertex -17.4609 -11.667 0
      vertex -17.4609 11.667 0
      vertex -16.6604 12.784 0
    endloop
  endfacet
  facet normal 0 0 -1
    outer loop
      vertex -18.1865 -10.5 0
      vertex -17.4609 11.667 0
      vertex -17.4609 -11.667 0
    endloop
  endfacet
  facet normal 0 0 -1
    outer loop
      vertex -18.1865 -10.5 0
      vertex -18.1865 10.5 0
      vertex -17.4609 11.667 0
    endloop
  endfacet
  facet normal 0 0 -1
    outer loop
      vertex -18.8343 -9.28806 0
      vertex -18.1865 10.5 0
      vertex -18.1865 -10.5 0
    endloop
  endfacet
  facet normal 0 0 -1
    outer loop
      vertex -18.8343 -9.28806 0
      vertex -18.8343 9.28806 0
      vertex -18.1865 10.5 0
    endloop
  endfacet
  facet normal 0 0 -1
    outer loop
      vertex -19.4015 -8.03635 0
      vertex -18.8343 9.28806 0
      vertex -18.8343 -9.28806 0
    endloop
  endfacet
  facet normal 0 0 -1
    outer loop
      vertex -19.4015 -8.03635 0
      vertex -19.4015 8.03635 0
      vertex -18.8343 9.28806 0
    endloop
  endfacet
  facet normal 0 0 -1
    outer loop
      vertex -19.8855 -6.75023 0
      vertex -19.4015 8.03635 0
      vertex -19.4015 -8.03635 0
    endloop
  endfacet
  facet normal 0 0 -1
    outer loop
      vertex -19.8855 -6.75023 0
      vertex -19.8855 6.75023 0
      vertex -19.4015 8.03635 0
    endloop
  endfacet
  facet normal 0 0 -1
    outer loop
      vertex -20.2844 -5.4352 0
      vertex -19.8855 6.75023 0
      vertex -19.8855 -6.75023 0
    endloop
  endfacet
  facet normal 0 0 -1
    outer loop
      vertex -20.2844 -5.4352 0
      vertex -20.2844 5.4352 0
      vertex -19.8855 6.75023 0
    endloop
  endfacet
  facet normal 0 0 -1
    outer loop
      vertex -20.5965 -4.0969 0
      vertex -20.2844 5.4352 0
      vertex -20.2844 -5.4352 0
    endloop
  endfacet
  facet normal 0 0 -1
    outer loop
      vertex -20.5965 -4.0969 0
      vertex -20.5965 4.0969 0
      vertex -20.2844 5.4352 0
    endloop
  endfacet
  facet normal 0 0 -1
    outer loop
      vertex -20.8203 -2.74105 0
      vertex -20.5965 4.0969 0
      vertex -20.5965 -4.0969 0
    endloop
  endfacet
  facet normal 0 0 -1
    outer loop
      vertex -20.8203 -2.74105 0
      vertex -20.8203 2.74105 0
      vertex -20.5965 4.0969 0
    endloop
  endfacet
  facet normal 0 0 -1
    outer loop
      vertex -20.955 -1.37347 0
      vertex -20.8203 2.74105 0
      vertex -20.8203 -2.74105 0
    endloop
  endfacet
  facet normal 0 0 -1
    outer loop
      vertex -20.955 -1.37347 0
      vertex -20.955 1.37347 0
      vertex -20.8203 2.74105 0
    endloop
  endfacet
  facet normal 0 -0 -1
    outer loop
      vertex -20.955 1.37347 0
      vertex -20.955 -1.37347 0
      vertex -21 0 0
    endloop
  endfacet
  facet normal -0.471387 -0.881926 0
    outer loop
      vertex -13.7 -23.7291 0
      vertex -12.1187 -24.5743 3
      vertex -13.7 -23.7291 3
    endloop
  endfacet
  facet normal -0.471387 -0.881926 -0
    outer loop
      vertex -12.1187 -24.5743 3
      vertex -13.7 -23.7291 0
      vertex -12.1187 -24.5743 0
    endloop
  endfacet
  facet normal -0.352261 -0.935902 0
    outer loop
      vertex -10.4855 -25.3143 0
      vertex -8.80744 -25.9459 3
      vertex -10.4855 -25.3143 3
    endloop
  endfacet
  facet normal -0.352261 -0.935902 -0
    outer loop
      vertex -8.80744 -25.9459 3
      vertex -10.4855 -25.3143 0
      vertex -8.80744 -25.9459 0
    endloop
  endfacet
  facet normal -0.812855 0.582467 0
    outer loop
      vertex -22.7823 15.2226 0
      vertex -21.7379 16.6801 3
      vertex -21.7379 16.6801 0
    endloop
  endfacet
  facet normal -0.812855 0.582467 0
    outer loop
      vertex -21.7379 16.6801 3
      vertex -22.7823 15.2226 0
      vertex -22.7823 15.2226 3
    endloop
  endfacet
  facet normal -0.910862 -0.41271 0
    outer loop
      vertex -24.5743 -12.1187 0
      vertex -25.3143 -10.4855 3
      vertex -25.3143 -10.4855 0
    endloop
  endfacet
  facet normal -0.910862 -0.41271 0
    outer loop
      vertex -25.3143 -10.4855 3
      vertex -24.5743 -12.1187 0
      vertex -24.5743 -12.1187 3
    endloop
  endfacet
  facet normal -0.290299 0.956936 0
    outer loop
      vertex -0.776457 2.89778 3
      vertex -0.964318 2.84079 8.99
      vertex -0.776457 2.89778 8.99
    endloop
  endfacet
  facet normal -0.290299 0.956936 0
    outer loop
      vertex -0.964318 2.84079 8.99
      vertex -0.776457 2.89778 3
      vertex -0.964318 2.84079 3
    endloop
  endfacet
  facet normal 0.995181 0.0980567 0
    outer loop
      vertex 2.99358 0.196209 8.99
      vertex 2.97433 0.391578 3
      vertex 2.97433 0.391578 8.99
    endloop
  endfacet
  facet normal 0.995181 0.0980567 0
    outer loop
      vertex 2.97433 0.391578 3
      vertex 2.99358 0.196209 8.99
      vertex 2.99358 0.196209 3
    endloop
  endfacet
  facet normal 0.999465 0.0327027 0
    outer loop
      vertex 3 0 8.99
      vertex 2.99358 0.196209 3
      vertex 2.99358 0.196209 8.99
    endloop
  endfacet
  facet normal 0.999465 0.0327027 0
    outer loop
      vertex 2.99358 0.196209 3
      vertex 3 0 8.99
      vertex 3 0 3
    endloop
  endfacet
  facet normal 0.986651 0.162852 0
    outer loop
      vertex 2.97433 0.391578 8.99
      vertex 2.94236 0.585271 3
      vertex 2.94236 0.585271 8.99
    endloop
  endfacet
  facet normal 0.986651 0.162852 0
    outer loop
      vertex 2.94236 0.585271 3
      vertex 2.97433 0.391578 8.99
      vertex 2.97433 0.391578 3
    endloop
  endfacet
  facet normal 0.528079 -0.849195 0
    outer loop
      vertex 1.5 -2.59808 3
      vertex 1.66671 -2.49441 8.99
      vertex 1.5 -2.59808 8.99
    endloop
  endfacet
  facet normal 0.528079 -0.849195 0
    outer loop
      vertex 1.66671 -2.49441 8.99
      vertex 1.5 -2.59808 3
      vertex 1.66671 -2.49441 3
    endloop
  endfacet
  facet normal 0.471397 -0.881921 0
    outer loop
      vertex 1.32687 -2.69062 3
      vertex 1.5 -2.59808 8.99
      vertex 1.32687 -2.69062 8.99
    endloop
  endfacet
  facet normal 0.471397 -0.881921 0
    outer loop
      vertex 1.5 -2.59808 8.99
      vertex 1.32687 -2.69062 3
      vertex 1.5 -2.59808 3
    endloop
  endfacet
  facet normal 0.58249 -0.812838 0
    outer loop
      vertex 1.66671 -2.49441 3
      vertex 1.82628 -2.38006 8.99
      vertex 1.66671 -2.49441 8.99
    endloop
  endfacet
  facet normal 0.58249 -0.812838 0
    outer loop
      vertex 1.82628 -2.38006 8.99
      vertex 1.66671 -2.49441 3
      vertex 1.82628 -2.38006 3
    endloop
  endfacet
  facet normal 0.849195 0.528079 0
    outer loop
      vertex 2.59808 1.5 8.99
      vertex 2.49441 1.66671 3
      vertex 2.49441 1.66671 8.99
    endloop
  endfacet
  facet normal 0.849195 0.528079 0
    outer loop
      vertex 2.49441 1.66671 3
      vertex 2.59808 1.5 8.99
      vertex 2.59808 1.5 3
    endloop
  endfacet
  facet normal -0.0327027 -0.999465 0
    outer loop
      vertex -0.196209 -2.99358 3
      vertex 0 -3 8.99
      vertex -0.196209 -2.99358 8.99
    endloop
  endfacet
  facet normal -0.0327027 -0.999465 -0
    outer loop
      vertex 0 -3 8.99
      vertex -0.196209 -2.99358 3
      vertex 0 -3 3
    endloop
  endfacet
  facet normal 0.956936 -0.290299 0
    outer loop
      vertex 2.84079 -0.964318 8.99
      vertex 2.89778 -0.776457 3
      vertex 2.89778 -0.776457 8.99
    endloop
  endfacet
  facet normal 0.956936 -0.290299 0
    outer loop
      vertex 2.89778 -0.776457 3
      vertex 2.84079 -0.964318 8.99
      vertex 2.84079 -0.964318 3
    endloop
  endfacet
  facet normal 0.935909 0.352242 0
    outer loop
      vertex 2.84079 0.964318 8.99
      vertex 2.77164 1.14805 3
      vertex 2.77164 1.14805 8.99
    endloop
  endfacet
  facet normal 0.935909 0.352242 0
    outer loop
      vertex 2.77164 1.14805 3
      vertex 2.84079 0.964318 8.99
      vertex 2.84079 0.964318 3
    endloop
  endfacet
  facet normal 0.973875 0.227084 0
    outer loop
      vertex 2.94236 0.585271 8.99
      vertex 2.89778 0.776457 3
      vertex 2.89778 0.776457 8.99
    endloop
  endfacet
  facet normal 0.973875 0.227084 0
    outer loop
      vertex 2.89778 0.776457 3
      vertex 2.94236 0.585271 8.99
      vertex 2.94236 0.585271 3
    endloop
  endfacet
  facet normal -0.471397 -0.881921 0
    outer loop
      vertex -1.5 -2.59808 3
      vertex -1.32687 -2.69062 8.99
      vertex -1.5 -2.59808 8.99
    endloop
  endfacet
  facet normal -0.471397 -0.881921 -0
    outer loop
      vertex -1.32687 -2.69062 8.99
      vertex -1.5 -2.59808 3
      vertex -1.32687 -2.69062 3
    endloop
  endfacet
  facet normal -0.995181 0.0980567 0
    outer loop
      vertex -2.99358 0.196209 3
      vertex -2.97433 0.391578 8.99
      vertex -2.97433 0.391578 3
    endloop
  endfacet
  facet normal -0.995181 0.0980567 0
    outer loop
      vertex -2.97433 0.391578 8.99
      vertex -2.99358 0.196209 3
      vertex -2.99358 0.196209 8.99
    endloop
  endfacet
  facet normal -0.973875 0.227084 0
    outer loop
      vertex -2.94236 0.585271 3
      vertex -2.89778 0.776457 8.99
      vertex -2.89778 0.776457 3
    endloop
  endfacet
  facet normal -0.973875 0.227084 0
    outer loop
      vertex -2.89778 0.776457 8.99
      vertex -2.94236 0.585271 3
      vertex -2.94236 0.585271 8.99
    endloop
  endfacet
  facet normal 0.0327027 -0.999465 0
    outer loop
      vertex 0 -3 3
      vertex 0.196209 -2.99358 8.99
      vertex 0 -3 8.99
    endloop
  endfacet
  facet normal 0.0327027 -0.999465 0
    outer loop
      vertex 0.196209 -2.99358 8.99
      vertex 0 -3 3
      vertex 0.196209 -2.99358 3
    endloop
  endfacet
  facet normal 0.729855 0.683602 0
    outer loop
      vertex 2.25552 1.97804 8.99
      vertex 2.12132 2.12132 3
      vertex 2.12132 2.12132 8.99
    endloop
  endfacet
  facet normal 0.729855 0.683602 0
    outer loop
      vertex 2.12132 2.12132 3
      vertex 2.25552 1.97804 8.99
      vertex 2.25552 1.97804 3
    endloop
  endfacet
  facet normal -0.881921 0.471397 0
    outer loop
      vertex -2.69062 1.32687 3
      vertex -2.59808 1.5 8.99
      vertex -2.59808 1.5 3
    endloop
  endfacet
  facet normal -0.881921 0.471397 0
    outer loop
      vertex -2.59808 1.5 8.99
      vertex -2.69062 1.32687 3
      vertex -2.69062 1.32687 8.99
    endloop
  endfacet
  facet normal 0.58249 0.812838 -0
    outer loop
      vertex 1.82628 2.38006 3
      vertex 1.66671 2.49441 8.99
      vertex 1.82628 2.38006 8.99
    endloop
  endfacet
  facet normal 0.58249 0.812838 0
    outer loop
      vertex 1.66671 2.49441 8.99
      vertex 1.82628 2.38006 3
      vertex 1.66671 2.49441 3
    endloop
  endfacet
  facet normal -0.935909 -0.352242 0
    outer loop
      vertex -2.77164 -1.14805 3
      vertex -2.84079 -0.964318 8.99
      vertex -2.84079 -0.964318 3
    endloop
  endfacet
  facet normal -0.935909 -0.352242 0
    outer loop
      vertex -2.84079 -0.964318 8.99
      vertex -2.77164 -1.14805 3
      vertex -2.77164 -1.14805 8.99
    endloop
  endfacet
  facet normal -0.683602 0.729855 0
    outer loop
      vertex -1.97804 2.25552 3
      vertex -2.12132 2.12132 8.99
      vertex -1.97804 2.25552 8.99
    endloop
  endfacet
  facet normal -0.683602 0.729855 0
    outer loop
      vertex -2.12132 2.12132 8.99
      vertex -1.97804 2.25552 3
      vertex -2.12132 2.12132 3
    endloop
  endfacet
  facet normal -0.849195 0.528079 0
    outer loop
      vertex -2.59808 1.5 3
      vertex -2.49441 1.66671 8.99
      vertex -2.49441 1.66671 3
    endloop
  endfacet
  facet normal -0.849195 0.528079 0
    outer loop
      vertex -2.49441 1.66671 8.99
      vertex -2.59808 1.5 3
      vertex -2.59808 1.5 8.99
    endloop
  endfacet
  facet normal 0.729855 -0.683602 0
    outer loop
      vertex 2.12132 -2.12132 8.99
      vertex 2.25552 -1.97804 3
      vertex 2.25552 -1.97804 8.99
    endloop
  endfacet
  facet normal 0.729855 -0.683602 0
    outer loop
      vertex 2.25552 -1.97804 3
      vertex 2.12132 -2.12132 8.99
      vertex 2.12132 -2.12132 3
    endloop
  endfacet
  facet normal -0.162852 -0.986651 0
    outer loop
      vertex -0.585271 -2.94236 3
      vertex -0.391578 -2.97433 8.99
      vertex -0.585271 -2.94236 8.99
    endloop
  endfacet
  facet normal -0.162852 -0.986651 -0
    outer loop
      vertex -0.391578 -2.97433 8.99
      vertex -0.585271 -2.94236 3
      vertex -0.391578 -2.97433 3
    endloop
  endfacet
  facet normal -0.849195 -0.528079 0
    outer loop
      vertex -2.49441 -1.66671 3
      vertex -2.59808 -1.5 8.99
      vertex -2.59808 -1.5 3
    endloop
  endfacet
  facet normal -0.849195 -0.528079 0
    outer loop
      vertex -2.59808 -1.5 8.99
      vertex -2.49441 -1.66671 3
      vertex -2.49441 -1.66671 8.99
    endloop
  endfacet
  facet normal -0.956936 -0.290299 0
    outer loop
      vertex -2.84079 -0.964318 3
      vertex -2.89778 -0.776457 8.99
      vertex -2.89778 -0.776457 3
    endloop
  endfacet
  facet normal -0.956936 -0.290299 0
    outer loop
      vertex -2.89778 -0.776457 8.99
      vertex -2.84079 -0.964318 3
      vertex -2.84079 -0.964318 8.99
    endloop
  endfacet
  facet normal 0.162852 -0.986651 0
    outer loop
      vertex 0.391578 -2.97433 3
      vertex 0.585271 -2.94236 8.99
      vertex 0.391578 -2.97433 8.99
    endloop
  endfacet
  facet normal 0.162852 -0.986651 0
    outer loop
      vertex 0.585271 -2.94236 8.99
      vertex 0.391578 -2.97433 3
      vertex 0.585271 -2.94236 3
    endloop
  endfacet
  facet normal -0.812838 0.58249 0
    outer loop
      vertex -2.49441 1.66671 3
      vertex -2.38006 1.82628 8.99
      vertex -2.38006 1.82628 3
    endloop
  endfacet
  facet normal -0.812838 0.58249 0
    outer loop
      vertex -2.38006 1.82628 8.99
      vertex -2.49441 1.66671 3
      vertex -2.49441 1.66671 8.99
    endloop
  endfacet
  facet normal 0.773026 0.634374 0
    outer loop
      vertex 2.38006 1.82628 8.99
      vertex 2.25552 1.97804 3
      vertex 2.25552 1.97804 8.99
    endloop
  endfacet
  facet normal 0.773026 0.634374 0
    outer loop
      vertex 2.25552 1.97804 3
      vertex 2.38006 1.82628 8.99
      vertex 2.38006 1.82628 3
    endloop
  endfacet
  facet normal -0.683602 -0.729855 0
    outer loop
      vertex -2.12132 -2.12132 3
      vertex -1.97804 -2.25552 8.99
      vertex -2.12132 -2.12132 8.99
    endloop
  endfacet
  facet normal -0.683602 -0.729855 -0
    outer loop
      vertex -1.97804 -2.25552 8.99
      vertex -2.12132 -2.12132 3
      vertex -1.97804 -2.25552 3
    endloop
  endfacet
  facet normal -0.352242 0.935909 0
    outer loop
      vertex -0.964318 2.84079 3
      vertex -1.14805 2.77164 8.99
      vertex -0.964318 2.84079 8.99
    endloop
  endfacet
  facet normal -0.352242 0.935909 0
    outer loop
      vertex -1.14805 2.77164 8.99
      vertex -0.964318 2.84079 3
      vertex -1.14805 2.77164 3
    endloop
  endfacet
  facet normal 0.352242 0.935909 -0
    outer loop
      vertex 1.14805 2.77164 3
      vertex 0.964318 2.84079 8.99
      vertex 1.14805 2.77164 8.99
    endloop
  endfacet
  facet normal 0.352242 0.935909 0
    outer loop
      vertex 0.964318 2.84079 8.99
      vertex 1.14805 2.77164 3
      vertex 0.964318 2.84079 3
    endloop
  endfacet
  facet normal 0.0980567 -0.995181 0
    outer loop
      vertex 0.196209 -2.99358 3
      vertex 0.391578 -2.97433 8.99
      vertex 0.196209 -2.99358 8.99
    endloop
  endfacet
  facet normal 0.0980567 -0.995181 0
    outer loop
      vertex 0.391578 -2.97433 8.99
      vertex 0.196209 -2.99358 3
      vertex 0.391578 -2.97433 3
    endloop
  endfacet
  facet normal 0.528079 0.849195 -0
    outer loop
      vertex 1.66671 2.49441 3
      vertex 1.5 2.59808 8.99
      vertex 1.66671 2.49441 8.99
    endloop
  endfacet
  facet normal 0.528079 0.849195 0
    outer loop
      vertex 1.5 2.59808 8.99
      vertex 1.66671 2.49441 3
      vertex 1.5 2.59808 3
    endloop
  endfacet
  facet normal -0.995181 -0.0980567 0
    outer loop
      vertex -2.97433 -0.391578 3
      vertex -2.99358 -0.196209 8.99
      vertex -2.99358 -0.196209 3
    endloop
  endfacet
  facet normal -0.995181 -0.0980567 0
    outer loop
      vertex -2.99358 -0.196209 8.99
      vertex -2.97433 -0.391578 3
      vertex -2.97433 -0.391578 8.99
    endloop
  endfacet
  facet normal 0.986651 -0.162852 0
    outer loop
      vertex 2.94236 -0.585271 8.99
      vertex 2.97433 -0.391578 3
      vertex 2.97433 -0.391578 8.99
    endloop
  endfacet
  facet normal 0.986651 -0.162852 0
    outer loop
      vertex 2.97433 -0.391578 3
      vertex 2.94236 -0.585271 8.99
      vertex 2.94236 -0.585271 3
    endloop
  endfacet
  facet normal 0.812838 0.58249 0
    outer loop
      vertex 2.49441 1.66671 8.99
      vertex 2.38006 1.82628 3
      vertex 2.38006 1.82628 8.99
    endloop
  endfacet
  facet normal 0.812838 0.58249 0
    outer loop
      vertex 2.38006 1.82628 3
      vertex 2.49441 1.66671 8.99
      vertex 2.49441 1.66671 3
    endloop
  endfacet
  facet normal 0.634374 0.773026 -0
    outer loop
      vertex 1.97804 2.25552 3
      vertex 1.82628 2.38006 8.99
      vertex 1.97804 2.25552 8.99
    endloop
  endfacet
  facet normal 0.634374 0.773026 0
    outer loop
      vertex 1.82628 2.38006 8.99
      vertex 1.97804 2.25552 3
      vertex 1.82628 2.38006 3
    endloop
  endfacet
  facet normal 0.849195 -0.528079 0
    outer loop
      vertex 2.49441 -1.66671 8.99
      vertex 2.59808 -1.5 3
      vertex 2.59808 -1.5 8.99
    endloop
  endfacet
  facet normal 0.849195 -0.528079 0
    outer loop
      vertex 2.59808 -1.5 3
      vertex 2.49441 -1.66671 8.99
      vertex 2.49441 -1.66671 3
    endloop
  endfacet
  facet normal 0.881921 0.471397 0
    outer loop
      vertex 2.69062 1.32687 8.99
      vertex 2.59808 1.5 3
      vertex 2.59808 1.5 8.99
    endloop
  endfacet
  facet normal 0.881921 0.471397 0
    outer loop
      vertex 2.59808 1.5 3
      vertex 2.69062 1.32687 8.99
      vertex 2.69062 1.32687 3
    endloop
  endfacet
  facet normal 0.910868 0.412697 0
    outer loop
      vertex 2.77164 1.14805 8.99
      vertex 2.69062 1.32687 3
      vertex 2.69062 1.32687 8.99
    endloop
  endfacet
  facet normal 0.910868 0.412697 0
    outer loop
      vertex 2.69062 1.32687 3
      vertex 2.77164 1.14805 8.99
      vertex 2.77164 1.14805 3
    endloop
  endfacet
  facet normal -0.528079 0.849195 0
    outer loop
      vertex -1.5 2.59808 3
      vertex -1.66671 2.49441 8.99
      vertex -1.5 2.59808 8.99
    endloop
  endfacet
  facet normal -0.528079 0.849195 0
    outer loop
      vertex -1.66671 2.49441 8.99
      vertex -1.5 2.59808 3
      vertex -1.66671 2.49441 3
    endloop
  endfacet
  facet normal 0.956936 0.290299 0
    outer loop
      vertex 2.89778 0.776457 8.99
      vertex 2.84079 0.964318 3
      vertex 2.84079 0.964318 8.99
    endloop
  endfacet
  facet normal 0.956936 0.290299 0
    outer loop
      vertex 2.84079 0.964318 3
      vertex 2.89778 0.776457 8.99
      vertex 2.89778 0.776457 3
    endloop
  endfacet
  facet normal 0.290299 -0.956936 0
    outer loop
      vertex 0.776457 -2.89778 3
      vertex 0.964318 -2.84079 8.99
      vertex 0.776457 -2.89778 8.99
    endloop
  endfacet
  facet normal 0.290299 -0.956936 0
    outer loop
      vertex 0.964318 -2.84079 8.99
      vertex 0.776457 -2.89778 3
      vertex 0.964318 -2.84079 3
    endloop
  endfacet
  facet normal 0.773026 -0.634374 0
    outer loop
      vertex 2.25552 -1.97804 8.99
      vertex 2.38006 -1.82628 3
      vertex 2.38006 -1.82628 8.99
    endloop
  endfacet
  facet normal 0.773026 -0.634374 0
    outer loop
      vertex 2.38006 -1.82628 3
      vertex 2.25552 -1.97804 8.99
      vertex 2.25552 -1.97804 3
    endloop
  endfacet
  facet normal 0.881921 -0.471397 0
    outer loop
      vertex 2.59808 -1.5 8.99
      vertex 2.69062 -1.32687 3
      vertex 2.69062 -1.32687 8.99
    endloop
  endfacet
  facet normal 0.881921 -0.471397 0
    outer loop
      vertex 2.69062 -1.32687 3
      vertex 2.59808 -1.5 8.99
      vertex 2.59808 -1.5 3
    endloop
  endfacet
  facet normal -0.634374 -0.773026 0
    outer loop
      vertex -1.97804 -2.25552 3
      vertex -1.82628 -2.38006 8.99
      vertex -1.97804 -2.25552 8.99
    endloop
  endfacet
  facet normal -0.634374 -0.773026 -0
    outer loop
      vertex -1.82628 -2.38006 8.99
      vertex -1.97804 -2.25552 3
      vertex -1.82628 -2.38006 3
    endloop
  endfacet
  facet normal -0.0327027 0.999465 0
    outer loop
      vertex 0 3 3
      vertex -0.196209 2.99358 8.99
      vertex 0 3 8.99
    endloop
  endfacet
  facet normal -0.0327027 0.999465 0
    outer loop
      vertex -0.196209 2.99358 8.99
      vertex 0 3 3
      vertex -0.196209 2.99358 3
    endloop
  endfacet
  facet normal -0.973875 -0.227084 0
    outer loop
      vertex -2.89778 -0.776457 3
      vertex -2.94236 -0.585271 8.99
      vertex -2.94236 -0.585271 3
    endloop
  endfacet
  facet normal -0.973875 -0.227084 0
    outer loop
      vertex -2.94236 -0.585271 8.99
      vertex -2.89778 -0.776457 3
      vertex -2.89778 -0.776457 8.99
    endloop
  endfacet
  facet normal -0.729855 -0.683602 0
    outer loop
      vertex -2.12132 -2.12132 3
      vertex -2.25552 -1.97804 8.99
      vertex -2.25552 -1.97804 3
    endloop
  endfacet
  facet normal -0.729855 -0.683602 0
    outer loop
      vertex -2.25552 -1.97804 8.99
      vertex -2.12132 -2.12132 3
      vertex -2.12132 -2.12132 8.99
    endloop
  endfacet
  facet normal 0.973875 -0.227084 0
    outer loop
      vertex 2.89778 -0.776457 8.99
      vertex 2.94236 -0.585271 3
      vertex 2.94236 -0.585271 8.99
    endloop
  endfacet
  facet normal 0.973875 -0.227084 0
    outer loop
      vertex 2.94236 -0.585271 3
      vertex 2.89778 -0.776457 8.99
      vertex 2.89778 -0.776457 3
    endloop
  endfacet
  facet normal -0.935909 0.352242 0
    outer loop
      vertex -2.84079 0.964318 3
      vertex -2.77164 1.14805 8.99
      vertex -2.77164 1.14805 3
    endloop
  endfacet
  facet normal -0.935909 0.352242 0
    outer loop
      vertex -2.77164 1.14805 8.99
      vertex -2.84079 0.964318 3
      vertex -2.84079 0.964318 8.99
    endloop
  endfacet
  facet normal -0.162852 0.986651 0
    outer loop
      vertex -0.391578 2.97433 3
      vertex -0.585271 2.94236 8.99
      vertex -0.391578 2.97433 8.99
    endloop
  endfacet
  facet normal -0.162852 0.986651 0
    outer loop
      vertex -0.585271 2.94236 8.99
      vertex -0.391578 2.97433 3
      vertex -0.585271 2.94236 3
    endloop
  endfacet
  facet normal 0.352242 -0.935909 0
    outer loop
      vertex 0.964318 -2.84079 3
      vertex 1.14805 -2.77164 8.99
      vertex 0.964318 -2.84079 8.99
    endloop
  endfacet
  facet normal 0.352242 -0.935909 0
    outer loop
      vertex 1.14805 -2.77164 8.99
      vertex 0.964318 -2.84079 3
      vertex 1.14805 -2.77164 3
    endloop
  endfacet
  facet normal -0.986651 -0.162852 0
    outer loop
      vertex -2.94236 -0.585271 3
      vertex -2.97433 -0.391578 8.99
      vertex -2.97433 -0.391578 3
    endloop
  endfacet
  facet normal -0.986651 -0.162852 0
    outer loop
      vertex -2.97433 -0.391578 8.99
      vertex -2.94236 -0.585271 3
      vertex -2.94236 -0.585271 8.99
    endloop
  endfacet
  facet normal 0.995181 -0.0980567 0
    outer loop
      vertex 2.97433 -0.391578 8.99
      vertex 2.99358 -0.196209 3
      vertex 2.99358 -0.196209 8.99
    endloop
  endfacet
  facet normal 0.995181 -0.0980567 0
    outer loop
      vertex 2.99358 -0.196209 3
      vertex 2.97433 -0.391578 8.99
      vertex 2.97433 -0.391578 3
    endloop
  endfacet
  facet normal -0.528079 -0.849195 0
    outer loop
      vertex -1.66671 -2.49441 3
      vertex -1.5 -2.59808 8.99
      vertex -1.66671 -2.49441 8.99
    endloop
  endfacet
  facet normal -0.528079 -0.849195 -0
    outer loop
      vertex -1.5 -2.59808 8.99
      vertex -1.66671 -2.49441 3
      vertex -1.5 -2.59808 3
    endloop
  endfacet
  facet normal -0.0980567 0.995181 0
    outer loop
      vertex -0.196209 2.99358 3
      vertex -0.391578 2.97433 8.99
      vertex -0.196209 2.99358 8.99
    endloop
  endfacet
  facet normal -0.0980567 0.995181 0
    outer loop
      vertex -0.391578 2.97433 8.99
      vertex -0.196209 2.99358 3
      vertex -0.391578 2.97433 3
    endloop
  endfacet
  facet normal 0.227084 0.973875 -0
    outer loop
      vertex 0.776457 2.89778 3
      vertex 0.585271 2.94236 8.99
      vertex 0.776457 2.89778 8.99
    endloop
  endfacet
  facet normal 0.227084 0.973875 0
    outer loop
      vertex 0.585271 2.94236 8.99
      vertex 0.776457 2.89778 3
      vertex 0.585271 2.94236 3
    endloop
  endfacet
  facet normal -0.0980567 -0.995181 0
    outer loop
      vertex -0.391578 -2.97433 3
      vertex -0.196209 -2.99358 8.99
      vertex -0.391578 -2.97433 8.99
    endloop
  endfacet
  facet normal -0.0980567 -0.995181 -0
    outer loop
      vertex -0.196209 -2.99358 8.99
      vertex -0.391578 -2.97433 3
      vertex -0.196209 -2.99358 3
    endloop
  endfacet
  facet normal 0.910868 -0.412697 0
    outer loop
      vertex 2.69062 -1.32687 8.99
      vertex 2.77164 -1.14805 3
      vertex 2.77164 -1.14805 8.99
    endloop
  endfacet
  facet normal 0.910868 -0.412697 0
    outer loop
      vertex 2.77164 -1.14805 3
      vertex 2.69062 -1.32687 8.99
      vertex 2.69062 -1.32687 3
    endloop
  endfacet
  facet normal 0.0980567 0.995181 -0
    outer loop
      vertex 0.391578 2.97433 3
      vertex 0.196209 2.99358 8.99
      vertex 0.391578 2.97433 8.99
    endloop
  endfacet
  facet normal 0.0980567 0.995181 0
    outer loop
      vertex 0.196209 2.99358 8.99
      vertex 0.391578 2.97433 3
      vertex 0.196209 2.99358 3
    endloop
  endfacet
  facet normal 0.812838 -0.58249 0
    outer loop
      vertex 2.38006 -1.82628 8.99
      vertex 2.49441 -1.66671 3
      vertex 2.49441 -1.66671 8.99
    endloop
  endfacet
  facet normal 0.812838 -0.58249 0
    outer loop
      vertex 2.49441 -1.66671 3
      vertex 2.38006 -1.82628 8.99
      vertex 2.38006 -1.82628 3
    endloop
  endfacet
  facet normal -0.634374 0.773026 0
    outer loop
      vertex -1.82628 2.38006 3
      vertex -1.97804 2.25552 8.99
      vertex -1.82628 2.38006 8.99
    endloop
  endfacet
  facet normal -0.634374 0.773026 0
    outer loop
      vertex -1.97804 2.25552 8.99
      vertex -1.82628 2.38006 3
      vertex -1.97804 2.25552 3
    endloop
  endfacet
  facet normal 0.935909 -0.352242 0
    outer loop
      vertex 2.77164 -1.14805 8.99
      vertex 2.84079 -0.964318 3
      vertex 2.84079 -0.964318 8.99
    endloop
  endfacet
  facet normal 0.935909 -0.352242 0
    outer loop
      vertex 2.84079 -0.964318 3
      vertex 2.77164 -1.14805 8.99
      vertex 2.77164 -1.14805 3
    endloop
  endfacet
  facet normal -0.773026 -0.634374 0
    outer loop
      vertex -2.25552 -1.97804 3
      vertex -2.38006 -1.82628 8.99
      vertex -2.38006 -1.82628 3
    endloop
  endfacet
  facet normal -0.773026 -0.634374 0
    outer loop
      vertex -2.38006 -1.82628 8.99
      vertex -2.25552 -1.97804 3
      vertex -2.25552 -1.97804 8.99
    endloop
  endfacet
  facet normal 0.162852 0.986651 -0
    outer loop
      vertex 0.585271 2.94236 3
      vertex 0.391578 2.97433 8.99
      vertex 0.585271 2.94236 8.99
    endloop
  endfacet
  facet normal 0.162852 0.986651 0
    outer loop
      vertex 0.391578 2.97433 8.99
      vertex 0.585271 2.94236 3
      vertex 0.391578 2.97433 3
    endloop
  endfacet
  facet normal -0.812838 -0.58249 0
    outer loop
      vertex -2.38006 -1.82628 3
      vertex -2.49441 -1.66671 8.99
      vertex -2.49441 -1.66671 3
    endloop
  endfacet
  facet normal -0.812838 -0.58249 0
    outer loop
      vertex -2.49441 -1.66671 8.99
      vertex -2.38006 -1.82628 3
      vertex -2.38006 -1.82628 8.99
    endloop
  endfacet
  facet normal 0.471397 0.881921 -0
    outer loop
      vertex 1.5 2.59808 3
      vertex 1.32687 2.69062 8.99
      vertex 1.5 2.59808 8.99
    endloop
  endfacet
  facet normal 0.471397 0.881921 0
    outer loop
      vertex 1.32687 2.69062 8.99
      vertex 1.5 2.59808 3
      vertex 1.32687 2.69062 3
    endloop
  endfacet
  facet normal -0.412697 0.910868 0
    outer loop
      vertex -1.14805 2.77164 3
      vertex -1.32687 2.69062 8.99
      vertex -1.14805 2.77164 8.99
    endloop
  endfacet
  facet normal -0.412697 0.910868 0
    outer loop
      vertex -1.32687 2.69062 8.99
      vertex -1.14805 2.77164 3
      vertex -1.32687 2.69062 3
    endloop
  endfacet
  facet normal -0.986651 0.162852 0
    outer loop
      vertex -2.97433 0.391578 3
      vertex -2.94236 0.585271 8.99
      vertex -2.94236 0.585271 3
    endloop
  endfacet
  facet normal -0.986651 0.162852 0
    outer loop
      vertex -2.94236 0.585271 8.99
      vertex -2.97433 0.391578 3
      vertex -2.97433 0.391578 8.99
    endloop
  endfacet
  facet normal -0.881921 -0.471397 0
    outer loop
      vertex -2.59808 -1.5 3
      vertex -2.69062 -1.32687 8.99
      vertex -2.69062 -1.32687 3
    endloop
  endfacet
  facet normal -0.881921 -0.471397 0
    outer loop
      vertex -2.69062 -1.32687 8.99
      vertex -2.59808 -1.5 3
      vertex -2.59808 -1.5 8.99
    endloop
  endfacet
  facet normal -0.910868 0.412697 0
    outer loop
      vertex -2.77164 1.14805 3
      vertex -2.69062 1.32687 8.99
      vertex -2.69062 1.32687 3
    endloop
  endfacet
  facet normal -0.910868 0.412697 0
    outer loop
      vertex -2.69062 1.32687 8.99
      vertex -2.77164 1.14805 3
      vertex -2.77164 1.14805 8.99
    endloop
  endfacet
  facet normal 0.0327027 0.999465 -0
    outer loop
      vertex 0.196209 2.99358 3
      vertex 0 3 8.99
      vertex 0.196209 2.99358 8.99
    endloop
  endfacet
  facet normal 0.0327027 0.999465 0
    outer loop
      vertex 0 3 8.99
      vertex 0.196209 2.99358 3
      vertex 0 3 3
    endloop
  endfacet
  facet normal 0.412697 -0.910868 0
    outer loop
      vertex 1.14805 -2.77164 3
      vertex 1.32687 -2.69062 8.99
      vertex 1.14805 -2.77164 8.99
    endloop
  endfacet
  facet normal 0.412697 -0.910868 0
    outer loop
      vertex 1.32687 -2.69062 8.99
      vertex 1.14805 -2.77164 3
      vertex 1.32687 -2.69062 3
    endloop
  endfacet
  facet normal -0.910868 -0.412697 0
    outer loop
      vertex -2.69062 -1.32687 3
      vertex -2.77164 -1.14805 8.99
      vertex -2.77164 -1.14805 3
    endloop
  endfacet
  facet normal -0.910868 -0.412697 0
    outer loop
      vertex -2.77164 -1.14805 8.99
      vertex -2.69062 -1.32687 3
      vertex -2.69062 -1.32687 8.99
    endloop
  endfacet
  facet normal -0.227084 -0.973875 0
    outer loop
      vertex -0.776457 -2.89778 3
      vertex -0.585271 -2.94236 8.99
      vertex -0.776457 -2.89778 8.99
    endloop
  endfacet
  facet normal -0.227084 -0.973875 -0
    outer loop
      vertex -0.585271 -2.94236 8.99
      vertex -0.776457 -2.89778 3
      vertex -0.585271 -2.94236 3
    endloop
  endfacet
  facet normal 0.227084 -0.973875 0
    outer loop
      vertex 0.585271 -2.94236 3
      vertex 0.776457 -2.89778 8.99
      vertex 0.585271 -2.94236 8.99
    endloop
  endfacet
  facet normal 0.227084 -0.973875 0
    outer loop
      vertex 0.776457 -2.89778 8.99
      vertex 0.585271 -2.94236 3
      vertex 0.776457 -2.89778 3
    endloop
  endfacet
  facet normal 0.412697 0.910868 -0
    outer loop
      vertex 1.32687 2.69062 3
      vertex 1.14805 2.77164 8.99
      vertex 1.32687 2.69062 8.99
    endloop
  endfacet
  facet normal 0.412697 0.910868 0
    outer loop
      vertex 1.14805 2.77164 8.99
      vertex 1.32687 2.69062 3
      vertex 1.14805 2.77164 3
    endloop
  endfacet
  facet normal 0.683602 0.729855 -0
    outer loop
      vertex 2.12132 2.12132 3
      vertex 1.97804 2.25552 8.99
      vertex 2.12132 2.12132 8.99
    endloop
  endfacet
  facet normal 0.683602 0.729855 0
    outer loop
      vertex 1.97804 2.25552 8.99
      vertex 2.12132 2.12132 3
      vertex 1.97804 2.25552 3
    endloop
  endfacet
  facet normal -0.729855 0.683602 0
    outer loop
      vertex -2.25552 1.97804 3
      vertex -2.12132 2.12132 8.99
      vertex -2.12132 2.12132 3
    endloop
  endfacet
  facet normal -0.729855 0.683602 0
    outer loop
      vertex -2.12132 2.12132 8.99
      vertex -2.25552 1.97804 3
      vertex -2.25552 1.97804 8.99
    endloop
  endfacet
  facet normal -0.352242 -0.935909 0
    outer loop
      vertex -1.14805 -2.77164 3
      vertex -0.964318 -2.84079 8.99
      vertex -1.14805 -2.77164 8.99
    endloop
  endfacet
  facet normal -0.352242 -0.935909 -0
    outer loop
      vertex -0.964318 -2.84079 8.99
      vertex -1.14805 -2.77164 3
      vertex -0.964318 -2.84079 3
    endloop
  endfacet
  facet normal -0.999465 -0.0327027 0
    outer loop
      vertex -2.99358 -0.196209 3
      vertex -3 0 8.99
      vertex -3 0 3
    endloop
  endfacet
  facet normal -0.999465 -0.0327027 0
    outer loop
      vertex -3 0 8.99
      vertex -2.99358 -0.196209 3
      vertex -2.99358 -0.196209 8.99
    endloop
  endfacet
  facet normal 0.634374 -0.773026 0
    outer loop
      vertex 1.82628 -2.38006 3
      vertex 1.97804 -2.25552 8.99
      vertex 1.82628 -2.38006 8.99
    endloop
  endfacet
  facet normal 0.634374 -0.773026 0
    outer loop
      vertex 1.97804 -2.25552 8.99
      vertex 1.82628 -2.38006 3
      vertex 1.97804 -2.25552 3
    endloop
  endfacet
  facet normal 0.999465 -0.0327027 0
    outer loop
      vertex 2.99358 -0.196209 8.99
      vertex 3 0 3
      vertex 3 0 8.99
    endloop
  endfacet
  facet normal 0.999465 -0.0327027 0
    outer loop
      vertex 3 0 3
      vertex 2.99358 -0.196209 8.99
      vertex 2.99358 -0.196209 3
    endloop
  endfacet
  facet normal 0.683602 -0.729855 0
    outer loop
      vertex 1.97804 -2.25552 3
      vertex 2.12132 -2.12132 8.99
      vertex 1.97804 -2.25552 8.99
    endloop
  endfacet
  facet normal 0.683602 -0.729855 0
    outer loop
      vertex 2.12132 -2.12132 8.99
      vertex 1.97804 -2.25552 3
      vertex 2.12132 -2.12132 3
    endloop
  endfacet
  facet normal 0.290299 0.956936 -0
    outer loop
      vertex 0.964318 2.84079 3
      vertex 0.776457 2.89778 8.99
      vertex 0.964318 2.84079 8.99
    endloop
  endfacet
  facet normal 0.290299 0.956936 0
    outer loop
      vertex 0.776457 2.89778 8.99
      vertex 0.964318 2.84079 3
      vertex 0.776457 2.89778 3
    endloop
  endfacet
  facet normal -0.773026 0.634374 0
    outer loop
      vertex -2.38006 1.82628 3
      vertex -2.25552 1.97804 8.99
      vertex -2.25552 1.97804 3
    endloop
  endfacet
  facet normal -0.773026 0.634374 0
    outer loop
      vertex -2.25552 1.97804 8.99
      vertex -2.38006 1.82628 3
      vertex -2.38006 1.82628 8.99
    endloop
  endfacet
  facet normal -0.227084 0.973875 0
    outer loop
      vertex -0.585271 2.94236 3
      vertex -0.776457 2.89778 8.99
      vertex -0.585271 2.94236 8.99
    endloop
  endfacet
  facet normal -0.227084 0.973875 0
    outer loop
      vertex -0.776457 2.89778 8.99
      vertex -0.585271 2.94236 3
      vertex -0.776457 2.89778 3
    endloop
  endfacet
  facet normal -0.58249 0.812838 0
    outer loop
      vertex -1.66671 2.49441 3
      vertex -1.82628 2.38006 8.99
      vertex -1.66671 2.49441 8.99
    endloop
  endfacet
  facet normal -0.58249 0.812838 0
    outer loop
      vertex -1.82628 2.38006 8.99
      vertex -1.66671 2.49441 3
      vertex -1.82628 2.38006 3
    endloop
  endfacet
  facet normal -0.412697 -0.910868 0
    outer loop
      vertex -1.32687 -2.69062 3
      vertex -1.14805 -2.77164 8.99
      vertex -1.32687 -2.69062 8.99
    endloop
  endfacet
  facet normal -0.412697 -0.910868 -0
    outer loop
      vertex -1.14805 -2.77164 8.99
      vertex -1.32687 -2.69062 3
      vertex -1.14805 -2.77164 3
    endloop
  endfacet
  facet normal -0.999465 0.0327027 0
    outer loop
      vertex -3 0 3
      vertex -2.99358 0.196209 8.99
      vertex -2.99358 0.196209 3
    endloop
  endfacet
  facet normal -0.999465 0.0327027 0
    outer loop
      vertex -2.99358 0.196209 8.99
      vertex -3 0 3
      vertex -3 0 8.99
    endloop
  endfacet
  facet normal 0 0 1
    outer loop
      vertex 2.99358 0.196209 8.99
      vertex 2.99358 -0.196209 8.99
      vertex 3 0 8.99
    endloop
  endfacet
  facet normal 0 0 1
    outer loop
      vertex 2.97433 0.391578 8.99
      vertex 2.99358 -0.196209 8.99
      vertex 2.99358 0.196209 8.99
    endloop
  endfacet
  facet normal 0 0 1
    outer loop
      vertex 2.97433 0.391578 8.99
      vertex 2.97433 -0.391578 8.99
      vertex 2.99358 -0.196209 8.99
    endloop
  endfacet
  facet normal 0 0 1
    outer loop
      vertex 2.94236 0.585271 8.99
      vertex 2.97433 -0.391578 8.99
      vertex 2.97433 0.391578 8.99
    endloop
  endfacet
  facet normal 0 0 1
    outer loop
      vertex 2.94236 0.585271 8.99
      vertex 2.94236 -0.585271 8.99
      vertex 2.97433 -0.391578 8.99
    endloop
  endfacet
  facet normal 0 0 1
    outer loop
      vertex 2.89778 0.776457 8.99
      vertex 2.94236 -0.585271 8.99
      vertex 2.94236 0.585271 8.99
    endloop
  endfacet
  facet normal 0 0 1
    outer loop
      vertex 2.89778 0.776457 8.99
      vertex 2.89778 -0.776457 8.99
      vertex 2.94236 -0.585271 8.99
    endloop
  endfacet
  facet normal 0 0 1
    outer loop
      vertex 2.84079 0.964318 8.99
      vertex 2.89778 -0.776457 8.99
      vertex 2.89778 0.776457 8.99
    endloop
  endfacet
  facet normal 0 0 1
    outer loop
      vertex 2.84079 0.964318 8.99
      vertex 2.84079 -0.964318 8.99
      vertex 2.89778 -0.776457 8.99
    endloop
  endfacet
  facet normal 0 0 1
    outer loop
      vertex 2.77164 1.14805 8.99
      vertex 2.84079 -0.964318 8.99
      vertex 2.84079 0.964318 8.99
    endloop
  endfacet
  facet normal 0 0 1
    outer loop
      vertex 2.77164 1.14805 8.99
      vertex 2.77164 -1.14805 8.99
      vertex 2.84079 -0.964318 8.99
    endloop
  endfacet
  facet normal 0 0 1
    outer loop
      vertex 2.69062 1.32687 8.99
      vertex 2.77164 -1.14805 8.99
      vertex 2.77164 1.14805 8.99
    endloop
  endfacet
  facet normal 0 0 1
    outer loop
      vertex 2.69062 1.32687 8.99
      vertex 2.69062 -1.32687 8.99
      vertex 2.77164 -1.14805 8.99
    endloop
  endfacet
  facet normal 0 0 1
    outer loop
      vertex 2.59808 1.5 8.99
      vertex 2.69062 -1.32687 8.99
      vertex 2.69062 1.32687 8.99
    endloop
  endfacet
  facet normal 0 0 1
    outer loop
      vertex 2.59808 1.5 8.99
      vertex 2.59808 -1.5 8.99
      vertex 2.69062 -1.32687 8.99
    endloop
  endfacet
  facet normal 0 0 1
    outer loop
      vertex 2.49441 1.66671 8.99
      vertex 2.59808 -1.5 8.99
      vertex 2.59808 1.5 8.99
    endloop
  endfacet
  facet normal 0 0 1
    outer loop
      vertex 2.49441 1.66671 8.99
      vertex 2.49441 -1.66671 8.99
      vertex 2.59808 -1.5 8.99
    endloop
  endfacet
  facet normal 0 0 1
    outer loop
      vertex 2.38006 1.82628 8.99
      vertex 2.49441 -1.66671 8.99
      vertex 2.49441 1.66671 8.99
    endloop
  endfacet
  facet normal 0 0 1
    outer loop
      vertex 2.38006 1.82628 8.99
      vertex 2.38006 -1.82628 8.99
      vertex 2.49441 -1.66671 8.99
    endloop
  endfacet
  facet normal 0 0 1
    outer loop
      vertex 2.25552 1.97804 8.99
      vertex 2.38006 -1.82628 8.99
      vertex 2.38006 1.82628 8.99
    endloop
  endfacet
  facet normal 0 0 1
    outer loop
      vertex 2.25552 1.97804 8.99
      vertex 2.25552 -1.97804 8.99
      vertex 2.38006 -1.82628 8.99
    endloop
  endfacet
  facet normal 0 0 1
    outer loop
      vertex 2.12132 2.12132 8.99
      vertex 2.25552 -1.97804 8.99
      vertex 2.25552 1.97804 8.99
    endloop
  endfacet
  facet normal 0 0 1
    outer loop
      vertex 2.12132 2.12132 8.99
      vertex 2.12132 -2.12132 8.99
      vertex 2.25552 -1.97804 8.99
    endloop
  endfacet
  facet normal 0 0 1
    outer loop
      vertex 1.97804 2.25552 8.99
      vertex 2.12132 -2.12132 8.99
      vertex 2.12132 2.12132 8.99
    endloop
  endfacet
  facet normal 0 0 1
    outer loop
      vertex 1.97804 2.25552 8.99
      vertex 1.97804 -2.25552 8.99
      vertex 2.12132 -2.12132 8.99
    endloop
  endfacet
  facet normal 0 0 1
    outer loop
      vertex 1.82628 2.38006 8.99
      vertex 1.97804 -2.25552 8.99
      vertex 1.97804 2.25552 8.99
    endloop
  endfacet
  facet normal 0 0 1
    outer loop
      vertex 1.82628 2.38006 8.99
      vertex 1.82628 -2.38006 8.99
      vertex 1.97804 -2.25552 8.99
    endloop
  endfacet
  facet normal 0 0 1
    outer loop
      vertex 1.66671 2.49441 8.99
      vertex 1.82628 -2.38006 8.99
      vertex 1.82628 2.38006 8.99
    endloop
  endfacet
  facet normal 0 0 1
    outer loop
      vertex 1.66671 2.49441 8.99
      vertex 1.66671 -2.49441 8.99
      vertex 1.82628 -2.38006 8.99
    endloop
  endfacet
  facet normal 0 0 1
    outer loop
      vertex 1.5 2.59808 8.99
      vertex 1.66671 -2.49441 8.99
      vertex 1.66671 2.49441 8.99
    endloop
  endfacet
  facet normal 0 0 1
    outer loop
      vertex 1.5 2.59808 8.99
      vertex 1.5 -2.59808 8.99
      vertex 1.66671 -2.49441 8.99
    endloop
  endfacet
  facet normal 0 0 1
    outer loop
      vertex 1.32687 2.69062 8.99
      vertex 1.5 -2.59808 8.99
      vertex 1.5 2.59808 8.99
    endloop
  endfacet
  facet normal 0 0 1
    outer loop
      vertex 1.32687 2.69062 8.99
      vertex 1.32687 -2.69062 8.99
      vertex 1.5 -2.59808 8.99
    endloop
  endfacet
  facet normal 0 0 1
    outer loop
      vertex 1.14805 2.77164 8.99
      vertex 1.32687 -2.69062 8.99
      vertex 1.32687 2.69062 8.99
    endloop
  endfacet
  facet normal 0 0 1
    outer loop
      vertex 1.14805 2.77164 8.99
      vertex 1.14805 -2.77164 8.99
      vertex 1.32687 -2.69062 8.99
    endloop
  endfacet
  facet normal 0 0 1
    outer loop
      vertex 0.964318 2.84079 8.99
      vertex 1.14805 -2.77164 8.99
      vertex 1.14805 2.77164 8.99
    endloop
  endfacet
  facet normal 0 0 1
    outer loop
      vertex 0.964318 2.84079 8.99
      vertex 0.964318 -2.84079 8.99
      vertex 1.14805 -2.77164 8.99
    endloop
  endfacet
  facet normal 0 0 1
    outer loop
      vertex 0.776457 2.89778 8.99
      vertex 0.964318 -2.84079 8.99
      vertex 0.964318 2.84079 8.99
    endloop
  endfacet
  facet normal 0 0 1
    outer loop
      vertex 0.776457 2.89778 8.99
      vertex 0.776457 -2.89778 8.99
      vertex 0.964318 -2.84079 8.99
    endloop
  endfacet
  facet normal 0 0 1
    outer loop
      vertex 0.585271 2.94236 8.99
      vertex 0.776457 -2.89778 8.99
      vertex 0.776457 2.89778 8.99
    endloop
  endfacet
  facet normal 0 0 1
    outer loop
      vertex 0.585271 2.94236 8.99
      vertex 0.585271 -2.94236 8.99
      vertex 0.776457 -2.89778 8.99
    endloop
  endfacet
  facet normal 0 0 1
    outer loop
      vertex 0.391578 2.97433 8.99
      vertex 0.585271 -2.94236 8.99
      vertex 0.585271 2.94236 8.99
    endloop
  endfacet
  facet normal 0 0 1
    outer loop
      vertex 0.391578 2.97433 8.99
      vertex 0.391578 -2.97433 8.99
      vertex 0.585271 -2.94236 8.99
    endloop
  endfacet
  facet normal 0 0 1
    outer loop
      vertex 0.196209 2.99358 8.99
      vertex 0.391578 -2.97433 8.99
      vertex 0.391578 2.97433 8.99
    endloop
  endfacet
  facet normal 0 0 1
    outer loop
      vertex 0.196209 2.99358 8.99
      vertex 0.196209 -2.99358 8.99
      vertex 0.391578 -2.97433 8.99
    endloop
  endfacet
  facet normal 0 0 1
    outer loop
      vertex 0 3 8.99
      vertex 0.196209 -2.99358 8.99
      vertex 0.196209 2.99358 8.99
    endloop
  endfacet
  facet normal 0 0 1
    outer loop
      vertex 0 3 8.99
      vertex 0 -3 8.99
      vertex 0.196209 -2.99358 8.99
    endloop
  endfacet
  facet normal -0 0 1
    outer loop
      vertex -0.196209 2.99358 8.99
      vertex 0 -3 8.99
      vertex 0 3 8.99
    endloop
  endfacet
  facet normal 0 0 1
    outer loop
      vertex -0.196209 2.99358 8.99
      vertex -0.196209 -2.99358 8.99
      vertex 0 -3 8.99
    endloop
  endfacet
  facet normal -0 0 1
    outer loop
      vertex -0.391578 2.97433 8.99
      vertex -0.196209 -2.99358 8.99
      vertex -0.196209 2.99358 8.99
    endloop
  endfacet
  facet normal 0 0 1
    outer loop
      vertex -0.391578 2.97433 8.99
      vertex -0.391578 -2.97433 8.99
      vertex -0.196209 -2.99358 8.99
    endloop
  endfacet
  facet normal -0 0 1
    outer loop
      vertex -0.585271 2.94236 8.99
      vertex -0.391578 -2.97433 8.99
      vertex -0.391578 2.97433 8.99
    endloop
  endfacet
  facet normal 0 0 1
    outer loop
      vertex -0.585271 2.94236 8.99
      vertex -0.585271 -2.94236 8.99
      vertex -0.391578 -2.97433 8.99
    endloop
  endfacet
  facet normal -0 0 1
    outer loop
      vertex -0.776457 2.89778 8.99
      vertex -0.585271 -2.94236 8.99
      vertex -0.585271 2.94236 8.99
    endloop
  endfacet
  facet normal 0 0 1
    outer loop
      vertex -0.776457 2.89778 8.99
      vertex -0.776457 -2.89778 8.99
      vertex -0.585271 -2.94236 8.99
    endloop
  endfacet
  facet normal -0 0 1
    outer loop
      vertex -0.964318 2.84079 8.99
      vertex -0.776457 -2.89778 8.99
      vertex -0.776457 2.89778 8.99
    endloop
  endfacet
  facet normal 0 0 1
    outer loop
      vertex -0.964318 2.84079 8.99
      vertex -0.964318 -2.84079 8.99
      vertex -0.776457 -2.89778 8.99
    endloop
  endfacet
  facet normal -0 0 1
    outer loop
      vertex -1.14805 2.77164 8.99
      vertex -0.964318 -2.84079 8.99
      vertex -0.964318 2.84079 8.99
    endloop
  endfacet
  facet normal 0 0 1
    outer loop
      vertex -1.14805 2.77164 8.99
      vertex -1.14805 -2.77164 8.99
      vertex -0.964318 -2.84079 8.99
    endloop
  endfacet
  facet normal -0 0 1
    outer loop
      vertex -1.32687 2.69062 8.99
      vertex -1.14805 -2.77164 8.99
      vertex -1.14805 2.77164 8.99
    endloop
  endfacet
  facet normal 0 0 1
    outer loop
      vertex -1.32687 2.69062 8.99
      vertex -1.32687 -2.69062 8.99
      vertex -1.14805 -2.77164 8.99
    endloop
  endfacet
  facet normal -0 0 1
    outer loop
      vertex -1.5 2.59808 8.99
      vertex -1.32687 -2.69062 8.99
      vertex -1.32687 2.69062 8.99
    endloop
  endfacet
  facet normal 0 0 1
    outer loop
      vertex -1.5 2.59808 8.99
      vertex -1.5 -2.59808 8.99
      vertex -1.32687 -2.69062 8.99
    endloop
  endfacet
  facet normal -0 0 1
    outer loop
      vertex -1.66671 2.49441 8.99
      vertex -1.5 -2.59808 8.99
      vertex -1.5 2.59808 8.99
    endloop
  endfacet
  facet normal 0 0 1
    outer loop
      vertex -1.66671 2.49441 8.99
      vertex -1.66671 -2.49441 8.99
      vertex -1.5 -2.59808 8.99
    endloop
  endfacet
  facet normal -0 0 1
    outer loop
      vertex -1.82628 2.38006 8.99
      vertex -1.66671 -2.49441 8.99
      vertex -1.66671 2.49441 8.99
    endloop
  endfacet
  facet normal 0 0 1
    outer loop
      vertex -1.82628 2.38006 8.99
      vertex -1.82628 -2.38006 8.99
      vertex -1.66671 -2.49441 8.99
    endloop
  endfacet
  facet normal -0 0 1
    outer loop
      vertex -1.97804 2.25552 8.99
      vertex -1.82628 -2.38006 8.99
      vertex -1.82628 2.38006 8.99
    endloop
  endfacet
  facet normal 0 0 1
    outer loop
      vertex -1.97804 2.25552 8.99
      vertex -1.97804 -2.25552 8.99
      vertex -1.82628 -2.38006 8.99
    endloop
  endfacet
  facet normal -0 0 1
    outer loop
      vertex -2.12132 2.12132 8.99
      vertex -1.97804 -2.25552 8.99
      vertex -1.97804 2.25552 8.99
    endloop
  endfacet
  facet normal 0 0 1
    outer loop
      vertex -2.12132 2.12132 8.99
      vertex -2.12132 -2.12132 8.99
      vertex -1.97804 -2.25552 8.99
    endloop
  endfacet
  facet normal -0 0 1
    outer loop
      vertex -2.25552 1.97804 8.99
      vertex -2.12132 -2.12132 8.99
      vertex -2.12132 2.12132 8.99
    endloop
  endfacet
  facet normal 0 0 1
    outer loop
      vertex -2.25552 1.97804 8.99
      vertex -2.25552 -1.97804 8.99
      vertex -2.12132 -2.12132 8.99
    endloop
  endfacet
  facet normal -0 0 1
    outer loop
      vertex -2.38006 1.82628 8.99
      vertex -2.25552 -1.97804 8.99
      vertex -2.25552 1.97804 8.99
    endloop
  endfacet
  facet normal 0 0 1
    outer loop
      vertex -2.38006 1.82628 8.99
      vertex -2.38006 -1.82628 8.99
      vertex -2.25552 -1.97804 8.99
    endloop
  endfacet
  facet normal -0 0 1
    outer loop
      vertex -2.49441 1.66671 8.99
      vertex -2.38006 -1.82628 8.99
      vertex -2.38006 1.82628 8.99
    endloop
  endfacet
  facet normal 0 0 1
    outer loop
      vertex -2.49441 1.66671 8.99
      vertex -2.49441 -1.66671 8.99
      vertex -2.38006 -1.82628 8.99
    endloop
  endfacet
  facet normal -0 0 1
    outer loop
      vertex -2.59808 1.5 8.99
      vertex -2.49441 -1.66671 8.99
      vertex -2.49441 1.66671 8.99
    endloop
  endfacet
  facet normal 0 0 1
    outer loop
      vertex -2.59808 1.5 8.99
      vertex -2.59808 -1.5 8.99
      vertex -2.49441 -1.66671 8.99
    endloop
  endfacet
  facet normal -0 0 1
    outer loop
      vertex -2.69062 1.32687 8.99
      vertex -2.59808 -1.5 8.99
      vertex -2.59808 1.5 8.99
    endloop
  endfacet
  facet normal 0 0 1
    outer loop
      vertex -2.69062 1.32687 8.99
      vertex -2.69062 -1.32687 8.99
      vertex -2.59808 -1.5 8.99
    endloop
  endfacet
  facet normal -0 0 1
    outer loop
      vertex -2.77164 1.14805 8.99
      vertex -2.69062 -1.32687 8.99
      vertex -2.69062 1.32687 8.99
    endloop
  endfacet
  facet normal 0 0 1
    outer loop
      vertex -2.77164 1.14805 8.99
      vertex -2.77164 -1.14805 8.99
      vertex -2.69062 -1.32687 8.99
    endloop
  endfacet
  facet normal -0 0 1
    outer loop
      vertex -2.84079 0.964318 8.99
      vertex -2.77164 -1.14805 8.99
      vertex -2.77164 1.14805 8.99
    endloop
  endfacet
  facet normal 0 0 1
    outer loop
      vertex -2.84079 0.964318 8.99
      vertex -2.84079 -0.964318 8.99
      vertex -2.77164 -1.14805 8.99
    endloop
  endfacet
  facet normal -0 0 1
    outer loop
      vertex -2.89778 0.776457 8.99
      vertex -2.84079 -0.964318 8.99
      vertex -2.84079 0.964318 8.99
    endloop
  endfacet
  facet normal 0 0 1
    outer loop
      vertex -2.89778 0.776457 8.99
      vertex -2.89778 -0.776457 8.99
      vertex -2.84079 -0.964318 8.99
    endloop
  endfacet
  facet normal -0 0 1
    outer loop
      vertex -2.94236 0.585271 8.99
      vertex -2.89778 -0.776457 8.99
      vertex -2.89778 0.776457 8.99
    endloop
  endfacet
  facet normal 0 0 1
    outer loop
      vertex -2.94236 0.585271 8.99
      vertex -2.94236 -0.585271 8.99
      vertex -2.89778 -0.776457 8.99
    endloop
  endfacet
  facet normal -0 0 1
    outer loop
      vertex -2.97433 0.391578 8.99
      vertex -2.94236 -0.585271 8.99
      vertex -2.94236 0.585271 8.99
    endloop
  endfacet
  facet normal 0 0 1
    outer loop
      vertex -2.97433 0.391578 8.99
      vertex -2.97433 -0.391578 8.99
      vertex -2.94236 -0.585271 8.99
    endloop
  endfacet
  facet normal -0 0 1
    outer loop
      vertex -2.99358 0.196209 8.99
      vertex -2.97433 -0.391578 8.99
      vertex -2.97433 0.391578 8.99
    endloop
  endfacet
  facet normal 0 0 1
    outer loop
      vertex -2.99358 0.196209 8.99
      vertex -2.99358 -0.196209 8.99
      vertex -2.97433 -0.391578 8.99
    endloop
  endfacet
  facet normal 0 -0 1
    outer loop
      vertex -2.99358 -0.196209 8.99
      vertex -2.99358 0.196209 8.99
      vertex -3 0 8.99
    endloop
  endfacet
  facet normal -0.290299 -0.956936 0
    outer loop
      vertex -0.964318 -2.84079 3
      vertex -0.776457 -2.89778 8.99
      vertex -0.964318 -2.84079 8.99
    endloop
  endfacet
  facet normal -0.290299 -0.956936 -0
    outer loop
      vertex -0.776457 -2.89778 8.99
      vertex -0.964318 -2.84079 3
      vertex -0.776457 -2.89778 3
    endloop
  endfacet
  facet normal -0.956936 0.290299 0
    outer loop
      vertex -2.89778 0.776457 3
      vertex -2.84079 0.964318 8.99
      vertex -2.84079 0.964318 3
    endloop
  endfacet
  facet normal -0.956936 0.290299 0
    outer loop
      vertex -2.84079 0.964318 8.99
      vertex -2.89778 0.776457 3
      vertex -2.89778 0.776457 8.99
    endloop
  endfacet
  facet normal -0.471397 0.881921 0
    outer loop
      vertex -1.32687 2.69062 3
      vertex -1.5 2.59808 8.99
      vertex -1.32687 2.69062 8.99
    endloop
  endfacet
  facet normal -0.471397 0.881921 0
    outer loop
      vertex -1.5 2.59808 8.99
      vertex -1.32687 2.69062 3
      vertex -1.5 2.59808 3
    endloop
  endfacet
  facet normal -0.58249 -0.812838 0
    outer loop
      vertex -1.82628 -2.38006 3
      vertex -1.66671 -2.49441 8.99
      vertex -1.82628 -2.38006 8.99
    endloop
  endfacet
  facet normal -0.58249 -0.812838 -0
    outer loop
      vertex -1.66671 -2.49441 8.99
      vertex -1.82628 -2.38006 3
      vertex -1.66671 -2.49441 3
    endloop
  endfacet
endsolid OpenSCAD_Model
