solid OpenSCAD_Model
  facet normal -0.0980567 0.995181 0
    outer loop
      vertex -1.96209 29.9358 0
      vertex -3.91578 29.7433 20.4
      vertex -1.96209 29.9358 20.4
    endloop
  endfacet
  facet normal -0.0980567 0.995181 0
    outer loop
      vertex -3.91578 29.7433 20.4
      vertex -1.96209 29.9358 0
      vertex -3.91578 29.7433 0
    endloop
  endfacet
  facet normal 0.995181 0.0980567 0
    outer loop
      vertex 29.9358 1.96209 4.4
      vertex 29.7433 3.91578 0
      vertex 29.7433 3.91578 4.4
    endloop
  endfacet
  facet normal 0.995181 0.0980567 0
    outer loop
      vertex 29.7433 3.91578 0
      vertex 29.9358 1.96209 4.4
      vertex 29.9358 1.96209 0
    endloop
  endfacet
  facet normal 0.995181 0.0980567 0
    outer loop
      vertex 29.9358 1.96209 20.4
      vertex 29.7433 3.91578 9.4
      vertex 29.7433 3.91578 20.4
    endloop
  endfacet
  facet normal 0.995181 0.0980567 0
    outer loop
      vertex 29.7433 3.91578 9.4
      vertex 29.9358 1.96209 20.4
      vertex 29.9358 1.96209 9.4
    endloop
  endfacet
  facet normal 0.999465 0.0327027 0
    outer loop
      vertex 30 0 4.4
      vertex 29.9358 1.96209 0
      vertex 29.9358 1.96209 4.4
    endloop
  endfacet
  facet normal 0.999465 0.0327027 0
    outer loop
      vertex 29.9358 1.96209 0
      vertex 30 0 4.4
      vertex 30 0 0
    endloop
  endfacet
  facet normal 0.999465 0.0327027 0
    outer loop
      vertex 30 0 20.4
      vertex 29.9358 1.96209 9.4
      vertex 29.9358 1.96209 20.4
    endloop
  endfacet
  facet normal 0.999465 0.0327027 0
    outer loop
      vertex 29.9358 1.96209 9.4
      vertex 30 0 20.4
      vertex 30 0 9.4
    endloop
  endfacet
  facet normal 0.986651 0.162852 0
    outer loop
      vertex 29.7433 3.91578 4.4
      vertex 29.4236 5.85271 0
      vertex 29.4236 5.85271 4.4
    endloop
  endfacet
  facet normal 0.986651 0.162852 0
    outer loop
      vertex 29.4236 5.85271 0
      vertex 29.7433 3.91578 4.4
      vertex 29.7433 3.91578 0
    endloop
  endfacet
  facet normal 0.986651 0.162852 0
    outer loop
      vertex 29.7433 3.91578 20.4
      vertex 29.4236 5.85271 9.4
      vertex 29.4236 5.85271 20.4
    endloop
  endfacet
  facet normal 0.986651 0.162852 0
    outer loop
      vertex 29.4236 5.85271 9.4
      vertex 29.7433 3.91578 20.4
      vertex 29.7433 3.91578 9.4
    endloop
  endfacet
  facet normal 0.528079 -0.849195 0
    outer loop
      vertex 15 -25.9808 0
      vertex 16.6671 -24.9441 20.4
      vertex 15 -25.9808 20.4
    endloop
  endfacet
  facet normal 0.528079 -0.849195 0
    outer loop
      vertex 16.6671 -24.9441 20.4
      vertex 15 -25.9808 0
      vertex 16.6671 -24.9441 0
    endloop
  endfacet
  facet normal 0.162852 0.986651 -0
    outer loop
      vertex 5.85271 29.4236 0
      vertex 3.91578 29.7433 20.4
      vertex 5.85271 29.4236 20.4
    endloop
  endfacet
  facet normal 0.162852 0.986651 0
    outer loop
      vertex 3.91578 29.7433 20.4
      vertex 5.85271 29.4236 0
      vertex 3.91578 29.7433 0
    endloop
  endfacet
  facet normal -0.352242 -0.935909 0
    outer loop
      vertex -11.4805 -27.7164 0
      vertex -9.64318 -28.4079 20.4
      vertex -11.4805 -27.7164 20.4
    endloop
  endfacet
  facet normal -0.352242 -0.935909 -0
    outer loop
      vertex -9.64318 -28.4079 20.4
      vertex -11.4805 -27.7164 0
      vertex -9.64318 -28.4079 0
    endloop
  endfacet
  facet normal 0.227084 -0.973875 0
    outer loop
      vertex 5.85271 -29.4236 0
      vertex 7.76457 -28.9778 20.4
      vertex 5.85271 -29.4236 20.4
    endloop
  endfacet
  facet normal 0.227084 -0.973875 0
    outer loop
      vertex 7.76457 -28.9778 20.4
      vertex 5.85271 -29.4236 0
      vertex 7.76457 -28.9778 0
    endloop
  endfacet
  facet normal 0.0980567 0.995181 -0
    outer loop
      vertex 3.91578 29.7433 0
      vertex 1.96209 29.9358 20.4
      vertex 3.91578 29.7433 20.4
    endloop
  endfacet
  facet normal 0.0980567 0.995181 0
    outer loop
      vertex 1.96209 29.9358 20.4
      vertex 3.91578 29.7433 0
      vertex 1.96209 29.9358 0
    endloop
  endfacet
  facet normal 0.973882 0.227055 0
    outer loop
      vertex 28.9778 7.76457 20.4
      vertex 29.3892 6 9.4
      vertex 28.9778 7.76457 0
    endloop
  endfacet
  facet normal 0.973875 0.227084 -4.91335e-06
    outer loop
      vertex 29.4236 5.85271 20.4
      vertex 29.3892 6 9.4
      vertex 28.9778 7.76457 20.4
    endloop
  endfacet
  facet normal 0.973794 0.227432 0
    outer loop
      vertex 29.3892 6 9.4
      vertex 29.4236 5.85271 20.4
      vertex 29.4236 5.85271 9.4
    endloop
  endfacet
  facet normal 0.973882 0.227055 -0
    outer loop
      vertex 29.3892 6 4.4
      vertex 28.9778 7.76457 0
      vertex 29.3892 6 9.4
    endloop
  endfacet
  facet normal 0.973794 0.227432 -0
    outer loop
      vertex 29.4236 5.85271 0
      vertex 29.3892 6 4.4
      vertex 29.4236 5.85271 4.4
    endloop
  endfacet
  facet normal 0.973875 0.227084 1.22834e-05
    outer loop
      vertex 29.3892 6 4.4
      vertex 29.4236 5.85271 0
      vertex 28.9778 7.76457 0
    endloop
  endfacet
  facet normal -0.849195 -0.528079 0
    outer loop
      vertex -24.9441 -16.6671 0
      vertex -25.9808 -15 20.4
      vertex -25.9808 -15 0
    endloop
  endfacet
  facet normal -0.849195 -0.528079 0
    outer loop
      vertex -25.9808 -15 20.4
      vertex -24.9441 -16.6671 0
      vertex -24.9441 -16.6671 20.4
    endloop
  endfacet
  facet normal 0.528079 0.849195 -0
    outer loop
      vertex 16.6671 24.9441 0
      vertex 15 25.9808 20.4
      vertex 16.6671 24.9441 20.4
    endloop
  endfacet
  facet normal 0.528079 0.849195 0
    outer loop
      vertex 15 25.9808 20.4
      vertex 16.6671 24.9441 0
      vertex 15 25.9808 0
    endloop
  endfacet
  facet normal 0.0327027 -0.999465 0
    outer loop
      vertex 0 -30 0
      vertex 1.96209 -29.9358 20.4
      vertex 0 -30 20.4
    endloop
  endfacet
  facet normal 0.0327027 -0.999465 0
    outer loop
      vertex 1.96209 -29.9358 20.4
      vertex 0 -30 0
      vertex 1.96209 -29.9358 0
    endloop
  endfacet
  facet normal 0.973794 -0.227432 0
    outer loop
      vertex 29.4236 -5.85271 20.4
      vertex 29.3892 -6 9.4
      vertex 29.4236 -5.85271 9.4
    endloop
  endfacet
  facet normal 0.973882 -0.227055 0
    outer loop
      vertex 28.9778 -7.76457 0
      vertex 29.3892 -6 9.4
      vertex 28.9778 -7.76457 20.4
    endloop
  endfacet
  facet normal 0.973875 -0.227084 -4.91335e-06
    outer loop
      vertex 28.9778 -7.76457 20.4
      vertex 29.3892 -6 9.4
      vertex 29.4236 -5.85271 20.4
    endloop
  endfacet
  facet normal 0.973794 -0.227432 0
    outer loop
      vertex 29.3892 -6 4.4
      vertex 29.4236 -5.85271 0
      vertex 29.4236 -5.85271 4.4
    endloop
  endfacet
  facet normal 0.973882 -0.227055 0
    outer loop
      vertex 29.3892 -6 9.4
      vertex 28.9778 -7.76457 0
      vertex 29.3892 -6 4.4
    endloop
  endfacet
  facet normal 0.973875 -0.227084 1.22834e-05
    outer loop
      vertex 29.3892 -6 4.4
      vertex 28.9778 -7.76457 0
      vertex 29.4236 -5.85271 0
    endloop
  endfacet
  facet normal 0.683602 -0.729855 0
    outer loop
      vertex 19.7804 -22.5552 0
      vertex 21.2132 -21.2132 20.4
      vertex 19.7804 -22.5552 20.4
    endloop
  endfacet
  facet normal 0.683602 -0.729855 0
    outer loop
      vertex 21.2132 -21.2132 20.4
      vertex 19.7804 -22.5552 0
      vertex 21.2132 -21.2132 0
    endloop
  endfacet
  facet normal 0.352242 -0.935909 0
    outer loop
      vertex 9.64318 -28.4079 0
      vertex 11.4805 -27.7164 20.4
      vertex 9.64318 -28.4079 20.4
    endloop
  endfacet
  facet normal 0.352242 -0.935909 0
    outer loop
      vertex 11.4805 -27.7164 20.4
      vertex 9.64318 -28.4079 0
      vertex 11.4805 -27.7164 0
    endloop
  endfacet
  facet normal -0.227084 0.973875 0
    outer loop
      vertex -5.85271 29.4236 0
      vertex -7.76457 28.9778 20.4
      vertex -5.85271 29.4236 20.4
    endloop
  endfacet
  facet normal -0.227084 0.973875 0
    outer loop
      vertex -7.76457 28.9778 20.4
      vertex -5.85271 29.4236 0
      vertex -7.76457 28.9778 0
    endloop
  endfacet
  facet normal 0.812838 0.58249 0
    outer loop
      vertex 24.9441 16.6671 20.4
      vertex 23.8006 18.2628 0
      vertex 23.8006 18.2628 20.4
    endloop
  endfacet
  facet normal 0.812838 0.58249 0
    outer loop
      vertex 23.8006 18.2628 0
      vertex 24.9441 16.6671 20.4
      vertex 24.9441 16.6671 0
    endloop
  endfacet
  facet normal -0.812838 -0.58249 0
    outer loop
      vertex -23.8006 -18.2628 0
      vertex -24.9441 -16.6671 20.4
      vertex -24.9441 -16.6671 0
    endloop
  endfacet
  facet normal -0.812838 -0.58249 0
    outer loop
      vertex -24.9441 -16.6671 20.4
      vertex -23.8006 -18.2628 0
      vertex -23.8006 -18.2628 20.4
    endloop
  endfacet
  facet normal -0.910868 -0.412697 0
    outer loop
      vertex -26.9062 -13.2687 0
      vertex -27.7164 -11.4805 20.4
      vertex -27.7164 -11.4805 0
    endloop
  endfacet
  facet normal -0.910868 -0.412697 0
    outer loop
      vertex -27.7164 -11.4805 20.4
      vertex -26.9062 -13.2687 0
      vertex -26.9062 -13.2687 20.4
    endloop
  endfacet
  facet normal -0.528079 0.849195 0
    outer loop
      vertex -15 25.9808 0
      vertex -16.6671 24.9441 20.4
      vertex -15 25.9808 20.4
    endloop
  endfacet
  facet normal -0.528079 0.849195 0
    outer loop
      vertex -16.6671 24.9441 20.4
      vertex -15 25.9808 0
      vertex -16.6671 24.9441 0
    endloop
  endfacet
  facet normal -0.999465 -0.0327027 0
    outer loop
      vertex -29.9358 -1.96209 0
      vertex -30 0 20.4
      vertex -30 0 0
    endloop
  endfacet
  facet normal -0.999465 -0.0327027 0
    outer loop
      vertex -30 0 20.4
      vertex -29.9358 -1.96209 0
      vertex -29.9358 -1.96209 20.4
    endloop
  endfacet
  facet normal -0.973875 -0.227084 0
    outer loop
      vertex -28.9778 -7.76457 0
      vertex -29.4236 -5.85271 20.4
      vertex -29.4236 -5.85271 0
    endloop
  endfacet
  facet normal -0.973875 -0.227084 0
    outer loop
      vertex -29.4236 -5.85271 20.4
      vertex -28.9778 -7.76457 0
      vertex -28.9778 -7.76457 20.4
    endloop
  endfacet
  facet normal -0.471397 0.881921 0
    outer loop
      vertex -13.2687 26.9062 0
      vertex -15 25.9808 20.4
      vertex -13.2687 26.9062 20.4
    endloop
  endfacet
  facet normal -0.471397 0.881921 0
    outer loop
      vertex -15 25.9808 20.4
      vertex -13.2687 26.9062 0
      vertex -15 25.9808 0
    endloop
  endfacet
  facet normal 0.849195 0.528079 0
    outer loop
      vertex 25.9808 15 20.4
      vertex 24.9441 16.6671 0
      vertex 24.9441 16.6671 20.4
    endloop
  endfacet
  facet normal 0.849195 0.528079 0
    outer loop
      vertex 24.9441 16.6671 0
      vertex 25.9808 15 20.4
      vertex 25.9808 15 0
    endloop
  endfacet
  facet normal 0.0327027 0.999465 -0
    outer loop
      vertex 1.96209 29.9358 0
      vertex 0 30 20.4
      vertex 1.96209 29.9358 20.4
    endloop
  endfacet
  facet normal 0.0327027 0.999465 0
    outer loop
      vertex 0 30 20.4
      vertex 1.96209 29.9358 0
      vertex 0 30 0
    endloop
  endfacet
  facet normal 0.162852 -0.986651 0
    outer loop
      vertex 3.91578 -29.7433 0
      vertex 5.85271 -29.4236 20.4
      vertex 3.91578 -29.7433 20.4
    endloop
  endfacet
  facet normal 0.162852 -0.986651 0
    outer loop
      vertex 5.85271 -29.4236 20.4
      vertex 3.91578 -29.7433 0
      vertex 5.85271 -29.4236 0
    endloop
  endfacet
  facet normal 0.290299 -0.956936 0
    outer loop
      vertex 7.76457 -28.9778 0
      vertex 9.64318 -28.4079 20.4
      vertex 7.76457 -28.9778 20.4
    endloop
  endfacet
  facet normal 0.290299 -0.956936 0
    outer loop
      vertex 9.64318 -28.4079 20.4
      vertex 7.76457 -28.9778 0
      vertex 9.64318 -28.4079 0
    endloop
  endfacet
  facet normal -0.729855 -0.683602 0
    outer loop
      vertex -21.2132 -21.2132 0
      vertex -22.5552 -19.7804 20.4
      vertex -22.5552 -19.7804 0
    endloop
  endfacet
  facet normal -0.729855 -0.683602 0
    outer loop
      vertex -22.5552 -19.7804 20.4
      vertex -21.2132 -21.2132 0
      vertex -21.2132 -21.2132 20.4
    endloop
  endfacet
  facet normal -0.0980567 -0.995181 0
    outer loop
      vertex -3.91578 -29.7433 0
      vertex -1.96209 -29.9358 20.4
      vertex -3.91578 -29.7433 20.4
    endloop
  endfacet
  facet normal -0.0980567 -0.995181 -0
    outer loop
      vertex -1.96209 -29.9358 20.4
      vertex -3.91578 -29.7433 0
      vertex -1.96209 -29.9358 0
    endloop
  endfacet
  facet normal -0.58249 0.812838 0
    outer loop
      vertex -16.6671 24.9441 0
      vertex -18.2628 23.8006 20.4
      vertex -16.6671 24.9441 20.4
    endloop
  endfacet
  facet normal -0.58249 0.812838 0
    outer loop
      vertex -18.2628 23.8006 20.4
      vertex -16.6671 24.9441 0
      vertex -18.2628 23.8006 0
    endloop
  endfacet
  facet normal -0.528079 -0.849195 0
    outer loop
      vertex -16.6671 -24.9441 0
      vertex -15 -25.9808 20.4
      vertex -16.6671 -24.9441 20.4
    endloop
  endfacet
  facet normal -0.528079 -0.849195 -0
    outer loop
      vertex -15 -25.9808 20.4
      vertex -16.6671 -24.9441 0
      vertex -15 -25.9808 0
    endloop
  endfacet
  facet normal -0.935909 -0.352242 0
    outer loop
      vertex -27.7164 -11.4805 0
      vertex -28.4079 -9.64318 20.4
      vertex -28.4079 -9.64318 0
    endloop
  endfacet
  facet normal -0.935909 -0.352242 0
    outer loop
      vertex -28.4079 -9.64318 20.4
      vertex -27.7164 -11.4805 0
      vertex -27.7164 -11.4805 20.4
    endloop
  endfacet
  facet normal 0.58249 0.812838 -0
    outer loop
      vertex 18.2628 23.8006 0
      vertex 16.6671 24.9441 20.4
      vertex 18.2628 23.8006 20.4
    endloop
  endfacet
  facet normal 0.58249 0.812838 0
    outer loop
      vertex 16.6671 24.9441 20.4
      vertex 18.2628 23.8006 0
      vertex 16.6671 24.9441 0
    endloop
  endfacet
  facet normal 0.773026 0.634374 0
    outer loop
      vertex 23.8006 18.2628 20.4
      vertex 22.5552 19.7804 0
      vertex 22.5552 19.7804 20.4
    endloop
  endfacet
  facet normal 0.773026 0.634374 0
    outer loop
      vertex 22.5552 19.7804 0
      vertex 23.8006 18.2628 20.4
      vertex 23.8006 18.2628 0
    endloop
  endfacet
  facet normal 0.935909 0.352242 0
    outer loop
      vertex 28.4079 9.64318 20.4
      vertex 27.7164 11.4805 0
      vertex 27.7164 11.4805 20.4
    endloop
  endfacet
  facet normal 0.935909 0.352242 0
    outer loop
      vertex 27.7164 11.4805 0
      vertex 28.4079 9.64318 20.4
      vertex 28.4079 9.64318 0
    endloop
  endfacet
  facet normal -0.634374 -0.773026 0
    outer loop
      vertex -19.7804 -22.5552 0
      vertex -18.2628 -23.8006 20.4
      vertex -19.7804 -22.5552 20.4
    endloop
  endfacet
  facet normal -0.634374 -0.773026 -0
    outer loop
      vertex -18.2628 -23.8006 20.4
      vertex -19.7804 -22.5552 0
      vertex -18.2628 -23.8006 0
    endloop
  endfacet
  facet normal 0.935909 -0.352242 0
    outer loop
      vertex 27.7164 -11.4805 20.4
      vertex 28.4079 -9.64318 0
      vertex 28.4079 -9.64318 20.4
    endloop
  endfacet
  facet normal 0.935909 -0.352242 0
    outer loop
      vertex 28.4079 -9.64318 0
      vertex 27.7164 -11.4805 20.4
      vertex 27.7164 -11.4805 0
    endloop
  endfacet
  facet normal 0.412697 -0.910868 0
    outer loop
      vertex 11.4805 -27.7164 0
      vertex 13.2687 -26.9062 20.4
      vertex 11.4805 -27.7164 20.4
    endloop
  endfacet
  facet normal 0.412697 -0.910868 0
    outer loop
      vertex 13.2687 -26.9062 20.4
      vertex 11.4805 -27.7164 0
      vertex 13.2687 -26.9062 0
    endloop
  endfacet
  facet normal 0.881921 0.471397 0
    outer loop
      vertex 26.9062 13.2687 20.4
      vertex 25.9808 15 0
      vertex 25.9808 15 20.4
    endloop
  endfacet
  facet normal 0.881921 0.471397 0
    outer loop
      vertex 25.9808 15 0
      vertex 26.9062 13.2687 20.4
      vertex 26.9062 13.2687 0
    endloop
  endfacet
  facet normal -0.995181 -0.0980567 0
    outer loop
      vertex -29.7433 -3.91578 0
      vertex -29.9358 -1.96209 20.4
      vertex -29.9358 -1.96209 0
    endloop
  endfacet
  facet normal -0.995181 -0.0980567 0
    outer loop
      vertex -29.9358 -1.96209 20.4
      vertex -29.7433 -3.91578 0
      vertex -29.7433 -3.91578 20.4
    endloop
  endfacet
  facet normal -0.812838 0.58249 0
    outer loop
      vertex -24.9441 16.6671 0
      vertex -23.8006 18.2628 20.4
      vertex -23.8006 18.2628 0
    endloop
  endfacet
  facet normal -0.812838 0.58249 0
    outer loop
      vertex -23.8006 18.2628 20.4
      vertex -24.9441 16.6671 0
      vertex -24.9441 16.6671 20.4
    endloop
  endfacet
  facet normal 0.471397 0.881921 -0
    outer loop
      vertex 15 25.9808 0
      vertex 13.2687 26.9062 20.4
      vertex 15 25.9808 20.4
    endloop
  endfacet
  facet normal 0.471397 0.881921 0
    outer loop
      vertex 13.2687 26.9062 20.4
      vertex 15 25.9808 0
      vertex 13.2687 26.9062 0
    endloop
  endfacet
  facet normal -0.910868 0.412697 0
    outer loop
      vertex -27.7164 11.4805 0
      vertex -26.9062 13.2687 20.4
      vertex -26.9062 13.2687 0
    endloop
  endfacet
  facet normal -0.910868 0.412697 0
    outer loop
      vertex -26.9062 13.2687 20.4
      vertex -27.7164 11.4805 0
      vertex -27.7164 11.4805 20.4
    endloop
  endfacet
  facet normal 0.634374 -0.773026 0
    outer loop
      vertex 18.2628 -23.8006 0
      vertex 19.7804 -22.5552 20.4
      vertex 18.2628 -23.8006 20.4
    endloop
  endfacet
  facet normal 0.634374 -0.773026 0
    outer loop
      vertex 19.7804 -22.5552 20.4
      vertex 18.2628 -23.8006 0
      vertex 19.7804 -22.5552 0
    endloop
  endfacet
  facet normal 0.956936 0.290299 0
    outer loop
      vertex 28.9778 7.76457 20.4
      vertex 28.4079 9.64318 0
      vertex 28.4079 9.64318 20.4
    endloop
  endfacet
  facet normal 0.956936 0.290299 0
    outer loop
      vertex 28.4079 9.64318 0
      vertex 28.9778 7.76457 20.4
      vertex 28.9778 7.76457 0
    endloop
  endfacet
  facet normal -0.956936 0.290299 0
    outer loop
      vertex -28.9778 7.76457 0
      vertex -28.4079 9.64318 20.4
      vertex -28.4079 9.64318 0
    endloop
  endfacet
  facet normal -0.956936 0.290299 0
    outer loop
      vertex -28.4079 9.64318 20.4
      vertex -28.9778 7.76457 0
      vertex -28.9778 7.76457 20.4
    endloop
  endfacet
  facet normal -0.290299 0.956936 0
    outer loop
      vertex -7.76457 28.9778 0
      vertex -9.64318 28.4079 20.4
      vertex -7.76457 28.9778 20.4
    endloop
  endfacet
  facet normal -0.290299 0.956936 0
    outer loop
      vertex -9.64318 28.4079 20.4
      vertex -7.76457 28.9778 0
      vertex -9.64318 28.4079 0
    endloop
  endfacet
  facet normal 0.58249 -0.812838 0
    outer loop
      vertex 16.6671 -24.9441 0
      vertex 18.2628 -23.8006 20.4
      vertex 16.6671 -24.9441 20.4
    endloop
  endfacet
  facet normal 0.58249 -0.812838 0
    outer loop
      vertex 18.2628 -23.8006 20.4
      vertex 16.6671 -24.9441 0
      vertex 18.2628 -23.8006 0
    endloop
  endfacet
  facet normal -0.162852 -0.986651 0
    outer loop
      vertex -5.85271 -29.4236 0
      vertex -3.91578 -29.7433 20.4
      vertex -5.85271 -29.4236 20.4
    endloop
  endfacet
  facet normal -0.162852 -0.986651 -0
    outer loop
      vertex -3.91578 -29.7433 20.4
      vertex -5.85271 -29.4236 0
      vertex -3.91578 -29.7433 0
    endloop
  endfacet
  facet normal 0.910868 0.412697 0
    outer loop
      vertex 27.7164 11.4805 20.4
      vertex 26.9062 13.2687 0
      vertex 26.9062 13.2687 20.4
    endloop
  endfacet
  facet normal 0.910868 0.412697 0
    outer loop
      vertex 26.9062 13.2687 0
      vertex 27.7164 11.4805 20.4
      vertex 27.7164 11.4805 0
    endloop
  endfacet
  facet normal -0.352242 0.935909 0
    outer loop
      vertex -9.64318 28.4079 0
      vertex -11.4805 27.7164 20.4
      vertex -9.64318 28.4079 20.4
    endloop
  endfacet
  facet normal -0.352242 0.935909 0
    outer loop
      vertex -11.4805 27.7164 20.4
      vertex -9.64318 28.4079 0
      vertex -11.4805 27.7164 0
    endloop
  endfacet
  facet normal 0.773026 -0.634374 0
    outer loop
      vertex 22.5552 -19.7804 20.4
      vertex 23.8006 -18.2628 0
      vertex 23.8006 -18.2628 20.4
    endloop
  endfacet
  facet normal 0.773026 -0.634374 0
    outer loop
      vertex 23.8006 -18.2628 0
      vertex 22.5552 -19.7804 20.4
      vertex 22.5552 -19.7804 0
    endloop
  endfacet
  facet normal 0.0980567 -0.995181 0
    outer loop
      vertex 1.96209 -29.9358 0
      vertex 3.91578 -29.7433 20.4
      vertex 1.96209 -29.9358 20.4
    endloop
  endfacet
  facet normal 0.0980567 -0.995181 0
    outer loop
      vertex 3.91578 -29.7433 20.4
      vertex 1.96209 -29.9358 0
      vertex 3.91578 -29.7433 0
    endloop
  endfacet
  facet normal -0.0327027 0.999465 0
    outer loop
      vertex 0 30 0
      vertex -1.96209 29.9358 20.4
      vertex 0 30 20.4
    endloop
  endfacet
  facet normal -0.0327027 0.999465 0
    outer loop
      vertex -1.96209 29.9358 20.4
      vertex 0 30 0
      vertex -1.96209 29.9358 0
    endloop
  endfacet
  facet normal 0.986651 -0.162852 0
    outer loop
      vertex 29.4236 -5.85271 20.4
      vertex 29.7433 -3.91578 9.4
      vertex 29.7433 -3.91578 20.4
    endloop
  endfacet
  facet normal 0.986651 -0.162852 0
    outer loop
      vertex 29.7433 -3.91578 9.4
      vertex 29.4236 -5.85271 20.4
      vertex 29.4236 -5.85271 9.4
    endloop
  endfacet
  facet normal 0.986651 -0.162852 0
    outer loop
      vertex 29.4236 -5.85271 4.4
      vertex 29.7433 -3.91578 0
      vertex 29.7433 -3.91578 4.4
    endloop
  endfacet
  facet normal 0.986651 -0.162852 0
    outer loop
      vertex 29.7433 -3.91578 0
      vertex 29.4236 -5.85271 4.4
      vertex 29.4236 -5.85271 0
    endloop
  endfacet
  facet normal 0.729855 -0.683602 0
    outer loop
      vertex 21.2132 -21.2132 20.4
      vertex 22.5552 -19.7804 0
      vertex 22.5552 -19.7804 20.4
    endloop
  endfacet
  facet normal 0.729855 -0.683602 0
    outer loop
      vertex 22.5552 -19.7804 0
      vertex 21.2132 -21.2132 20.4
      vertex 21.2132 -21.2132 0
    endloop
  endfacet
  facet normal 0.999465 -0.0327027 0
    outer loop
      vertex 29.9358 -1.96209 20.4
      vertex 30 0 9.4
      vertex 30 0 20.4
    endloop
  endfacet
  facet normal 0.999465 -0.0327027 0
    outer loop
      vertex 30 0 9.4
      vertex 29.9358 -1.96209 20.4
      vertex 29.9358 -1.96209 9.4
    endloop
  endfacet
  facet normal 0.999465 -0.0327027 0
    outer loop
      vertex 29.9358 -1.96209 4.4
      vertex 30 0 0
      vertex 30 0 4.4
    endloop
  endfacet
  facet normal 0.999465 -0.0327027 0
    outer loop
      vertex 30 0 0
      vertex 29.9358 -1.96209 4.4
      vertex 29.9358 -1.96209 0
    endloop
  endfacet
  facet normal -0.986651 -0.162852 0
    outer loop
      vertex -29.4236 -5.85271 0
      vertex -29.7433 -3.91578 20.4
      vertex -29.7433 -3.91578 0
    endloop
  endfacet
  facet normal -0.986651 -0.162852 0
    outer loop
      vertex -29.7433 -3.91578 20.4
      vertex -29.4236 -5.85271 0
      vertex -29.4236 -5.85271 20.4
    endloop
  endfacet
  facet normal 0.471397 -0.881921 0
    outer loop
      vertex 13.2687 -26.9062 0
      vertex 15 -25.9808 20.4
      vertex 13.2687 -26.9062 20.4
    endloop
  endfacet
  facet normal 0.471397 -0.881921 0
    outer loop
      vertex 15 -25.9808 20.4
      vertex 13.2687 -26.9062 0
      vertex 15 -25.9808 0
    endloop
  endfacet
  facet normal -0.162852 0.986651 0
    outer loop
      vertex -3.91578 29.7433 0
      vertex -5.85271 29.4236 20.4
      vertex -3.91578 29.7433 20.4
    endloop
  endfacet
  facet normal -0.162852 0.986651 0
    outer loop
      vertex -5.85271 29.4236 20.4
      vertex -3.91578 29.7433 0
      vertex -5.85271 29.4236 0
    endloop
  endfacet
  facet normal 0.412697 0.910868 -0
    outer loop
      vertex 13.2687 26.9062 0
      vertex 11.4805 27.7164 20.4
      vertex 13.2687 26.9062 20.4
    endloop
  endfacet
  facet normal 0.412697 0.910868 0
    outer loop
      vertex 11.4805 27.7164 20.4
      vertex 13.2687 26.9062 0
      vertex 11.4805 27.7164 0
    endloop
  endfacet
  facet normal 0.227084 0.973875 -0
    outer loop
      vertex 7.76457 28.9778 0
      vertex 5.85271 29.4236 20.4
      vertex 7.76457 28.9778 20.4
    endloop
  endfacet
  facet normal 0.227084 0.973875 0
    outer loop
      vertex 5.85271 29.4236 20.4
      vertex 7.76457 28.9778 0
      vertex 5.85271 29.4236 0
    endloop
  endfacet
  facet normal 0.881921 -0.471397 0
    outer loop
      vertex 25.9808 -15 20.4
      vertex 26.9062 -13.2687 0
      vertex 26.9062 -13.2687 20.4
    endloop
  endfacet
  facet normal 0.881921 -0.471397 0
    outer loop
      vertex 26.9062 -13.2687 0
      vertex 25.9808 -15 20.4
      vertex 25.9808 -15 0
    endloop
  endfacet
  facet normal 0.352242 0.935909 -0
    outer loop
      vertex 11.4805 27.7164 0
      vertex 9.64318 28.4079 20.4
      vertex 11.4805 27.7164 20.4
    endloop
  endfacet
  facet normal 0.352242 0.935909 0
    outer loop
      vertex 9.64318 28.4079 20.4
      vertex 11.4805 27.7164 0
      vertex 9.64318 28.4079 0
    endloop
  endfacet
  facet normal 0.910868 -0.412697 0
    outer loop
      vertex 26.9062 -13.2687 20.4
      vertex 27.7164 -11.4805 0
      vertex 27.7164 -11.4805 20.4
    endloop
  endfacet
  facet normal 0.910868 -0.412697 0
    outer loop
      vertex 27.7164 -11.4805 0
      vertex 26.9062 -13.2687 20.4
      vertex 26.9062 -13.2687 0
    endloop
  endfacet
  facet normal 0.683602 0.729855 -0
    outer loop
      vertex 21.2132 21.2132 0
      vertex 19.7804 22.5552 20.4
      vertex 21.2132 21.2132 20.4
    endloop
  endfacet
  facet normal 0.683602 0.729855 0
    outer loop
      vertex 19.7804 22.5552 20.4
      vertex 21.2132 21.2132 0
      vertex 19.7804 22.5552 0
    endloop
  endfacet
  facet normal 0.956936 -0.290299 0
    outer loop
      vertex 28.4079 -9.64318 20.4
      vertex 28.9778 -7.76457 0
      vertex 28.9778 -7.76457 20.4
    endloop
  endfacet
  facet normal 0.956936 -0.290299 0
    outer loop
      vertex 28.9778 -7.76457 0
      vertex 28.4079 -9.64318 20.4
      vertex 28.4079 -9.64318 0
    endloop
  endfacet
  facet normal -0.973875 0.227084 0
    outer loop
      vertex -29.4236 5.85271 0
      vertex -28.9778 7.76457 20.4
      vertex -28.9778 7.76457 0
    endloop
  endfacet
  facet normal -0.973875 0.227084 0
    outer loop
      vertex -28.9778 7.76457 20.4
      vertex -29.4236 5.85271 0
      vertex -29.4236 5.85271 20.4
    endloop
  endfacet
  facet normal 0.634374 0.773026 -0
    outer loop
      vertex 19.7804 22.5552 0
      vertex 18.2628 23.8006 20.4
      vertex 19.7804 22.5552 20.4
    endloop
  endfacet
  facet normal 0.634374 0.773026 0
    outer loop
      vertex 18.2628 23.8006 20.4
      vertex 19.7804 22.5552 0
      vertex 18.2628 23.8006 0
    endloop
  endfacet
  facet normal -0.412697 -0.910868 0
    outer loop
      vertex -13.2687 -26.9062 0
      vertex -11.4805 -27.7164 20.4
      vertex -13.2687 -26.9062 20.4
    endloop
  endfacet
  facet normal -0.412697 -0.910868 -0
    outer loop
      vertex -11.4805 -27.7164 20.4
      vertex -13.2687 -26.9062 0
      vertex -11.4805 -27.7164 0
    endloop
  endfacet
  facet normal -0.227084 -0.973875 0
    outer loop
      vertex -7.76457 -28.9778 0
      vertex -5.85271 -29.4236 20.4
      vertex -7.76457 -28.9778 20.4
    endloop
  endfacet
  facet normal -0.227084 -0.973875 -0
    outer loop
      vertex -5.85271 -29.4236 20.4
      vertex -7.76457 -28.9778 0
      vertex -5.85271 -29.4236 0
    endloop
  endfacet
  facet normal 0.729855 0.683602 0
    outer loop
      vertex 22.5552 19.7804 20.4
      vertex 21.2132 21.2132 0
      vertex 21.2132 21.2132 20.4
    endloop
  endfacet
  facet normal 0.729855 0.683602 0
    outer loop
      vertex 21.2132 21.2132 0
      vertex 22.5552 19.7804 20.4
      vertex 22.5552 19.7804 0
    endloop
  endfacet
  facet normal -0.986651 0.162852 0
    outer loop
      vertex -29.7433 3.91578 0
      vertex -29.4236 5.85271 20.4
      vertex -29.4236 5.85271 0
    endloop
  endfacet
  facet normal -0.986651 0.162852 0
    outer loop
      vertex -29.4236 5.85271 20.4
      vertex -29.7433 3.91578 0
      vertex -29.7433 3.91578 20.4
    endloop
  endfacet
  facet normal -0.0327027 -0.999465 0
    outer loop
      vertex -1.96209 -29.9358 0
      vertex 0 -30 20.4
      vertex -1.96209 -29.9358 20.4
    endloop
  endfacet
  facet normal -0.0327027 -0.999465 -0
    outer loop
      vertex 0 -30 20.4
      vertex -1.96209 -29.9358 0
      vertex 0 -30 0
    endloop
  endfacet
  facet normal 0.995181 -0.0980567 0
    outer loop
      vertex 29.7433 -3.91578 4.4
      vertex 29.9358 -1.96209 0
      vertex 29.9358 -1.96209 4.4
    endloop
  endfacet
  facet normal 0.995181 -0.0980567 0
    outer loop
      vertex 29.9358 -1.96209 0
      vertex 29.7433 -3.91578 4.4
      vertex 29.7433 -3.91578 0
    endloop
  endfacet
  facet normal 0.995181 -0.0980567 0
    outer loop
      vertex 29.7433 -3.91578 20.4
      vertex 29.9358 -1.96209 9.4
      vertex 29.9358 -1.96209 20.4
    endloop
  endfacet
  facet normal 0.995181 -0.0980567 0
    outer loop
      vertex 29.9358 -1.96209 9.4
      vertex 29.7433 -3.91578 20.4
      vertex 29.7433 -3.91578 9.4
    endloop
  endfacet
  facet normal -0.412697 0.910868 0
    outer loop
      vertex -11.4805 27.7164 0
      vertex -13.2687 26.9062 20.4
      vertex -11.4805 27.7164 20.4
    endloop
  endfacet
  facet normal -0.412697 0.910868 0
    outer loop
      vertex -13.2687 26.9062 20.4
      vertex -11.4805 27.7164 0
      vertex -13.2687 26.9062 0
    endloop
  endfacet
  facet normal -0.683602 0.729855 0
    outer loop
      vertex -19.7804 22.5552 16.4
      vertex -21.2132 21.2132 20.4
      vertex -19.7804 22.5552 20.4
    endloop
  endfacet
  facet normal -0.683602 0.729855 0
    outer loop
      vertex -21.2132 21.2132 20.4
      vertex -19.7804 22.5552 16.4
      vertex -21.2132 21.2132 16.4
    endloop
  endfacet
  facet normal -0.683602 0.729855 0
    outer loop
      vertex -19.7804 22.5552 0
      vertex -21.2132 21.2132 2.4
      vertex -19.7804 22.5552 2.4
    endloop
  endfacet
  facet normal -0.683602 0.729855 0
    outer loop
      vertex -21.2132 21.2132 2.4
      vertex -19.7804 22.5552 0
      vertex -21.2132 21.2132 0
    endloop
  endfacet
  facet normal -0.634374 0.773026 -2.07825e-06
    outer loop
      vertex -18.2628 23.8006 20.4
      vertex -19.4688 22.8109 16.4
      vertex -19.7804 22.5552 20.4
    endloop
  endfacet
  facet normal -0.634378 0.773023 0
    outer loop
      vertex -18.2628 23.8006 0
      vertex -19.4688 22.8109 16.4
      vertex -18.2628 23.8006 20.4
    endloop
  endfacet
  facet normal -0.634378 0.773023 0
    outer loop
      vertex -19.4688 22.8109 16.4
      vertex -18.2628 23.8006 0
      vertex -19.4688 22.8109 2.4
    endloop
  endfacet
  facet normal -0.634374 0.773026 3.46374e-06
    outer loop
      vertex -19.7804 22.5552 0
      vertex -19.4688 22.8109 2.4
      vertex -18.2628 23.8006 0
    endloop
  endfacet
  facet normal -0.634358 0.773039 0
    outer loop
      vertex -19.4688 22.8109 2.4
      vertex -19.7804 22.5552 0
      vertex -19.7804 22.5552 2.4
    endloop
  endfacet
  facet normal -0.634358 0.773039 0
    outer loop
      vertex -19.7804 22.5552 20.4
      vertex -19.4688 22.8109 16.4
      vertex -19.7804 22.5552 16.4
    endloop
  endfacet
  facet normal -0.956936 -0.290299 0
    outer loop
      vertex -28.4079 -9.64318 0
      vertex -28.9778 -7.76457 20.4
      vertex -28.9778 -7.76457 0
    endloop
  endfacet
  facet normal -0.956936 -0.290299 0
    outer loop
      vertex -28.9778 -7.76457 20.4
      vertex -28.4079 -9.64318 0
      vertex -28.4079 -9.64318 20.4
    endloop
  endfacet
  facet normal -0.935909 0.352242 0
    outer loop
      vertex -28.4079 9.64318 0
      vertex -27.7164 11.4805 20.4
      vertex -27.7164 11.4805 0
    endloop
  endfacet
  facet normal -0.935909 0.352242 0
    outer loop
      vertex -27.7164 11.4805 20.4
      vertex -28.4079 9.64318 0
      vertex -28.4079 9.64318 20.4
    endloop
  endfacet
  facet normal 0.849195 -0.528079 0
    outer loop
      vertex 24.9441 -16.6671 20.4
      vertex 25.9808 -15 0
      vertex 25.9808 -15 20.4
    endloop
  endfacet
  facet normal 0.849195 -0.528079 0
    outer loop
      vertex 25.9808 -15 0
      vertex 24.9441 -16.6671 20.4
      vertex 24.9441 -16.6671 0
    endloop
  endfacet
  facet normal -0.995181 0.0980567 0
    outer loop
      vertex -29.9358 1.96209 0
      vertex -29.7433 3.91578 20.4
      vertex -29.7433 3.91578 0
    endloop
  endfacet
  facet normal -0.995181 0.0980567 0
    outer loop
      vertex -29.7433 3.91578 20.4
      vertex -29.9358 1.96209 0
      vertex -29.9358 1.96209 20.4
    endloop
  endfacet
  facet normal -0.999465 0.0327027 0
    outer loop
      vertex -30 0 0
      vertex -29.9358 1.96209 20.4
      vertex -29.9358 1.96209 0
    endloop
  endfacet
  facet normal -0.999465 0.0327027 0
    outer loop
      vertex -29.9358 1.96209 20.4
      vertex -30 0 0
      vertex -30 0 20.4
    endloop
  endfacet
  facet normal -0.58249 -0.812838 0
    outer loop
      vertex -18.2628 -23.8006 0
      vertex -16.6671 -24.9441 20.4
      vertex -18.2628 -23.8006 20.4
    endloop
  endfacet
  facet normal -0.58249 -0.812838 -0
    outer loop
      vertex -16.6671 -24.9441 20.4
      vertex -18.2628 -23.8006 0
      vertex -16.6671 -24.9441 0
    endloop
  endfacet
  facet normal 0.812838 -0.58249 0
    outer loop
      vertex 23.8006 -18.2628 20.4
      vertex 24.9441 -16.6671 0
      vertex 24.9441 -16.6671 20.4
    endloop
  endfacet
  facet normal 0.812838 -0.58249 0
    outer loop
      vertex 24.9441 -16.6671 0
      vertex 23.8006 -18.2628 20.4
      vertex 23.8006 -18.2628 0
    endloop
  endfacet
  facet normal -0.773026 -0.634374 0
    outer loop
      vertex -22.5552 -19.7804 0
      vertex -23.8006 -18.2628 20.4
      vertex -23.8006 -18.2628 0
    endloop
  endfacet
  facet normal -0.773026 -0.634374 0
    outer loop
      vertex -23.8006 -18.2628 20.4
      vertex -22.5552 -19.7804 0
      vertex -22.5552 -19.7804 20.4
    endloop
  endfacet
  facet normal -0.773039 0.634358 0
    outer loop
      vertex -22.5552 19.7804 0
      vertex -22.8109 19.4688 2.4
      vertex -22.5552 19.7804 2.4
    endloop
  endfacet
  facet normal -0.773023 0.634378 0
    outer loop
      vertex -22.8109 19.4688 2.4
      vertex -23.8006 18.2628 0
      vertex -22.8109 19.4688 16.4
    endloop
  endfacet
  facet normal -0.773026 0.634374 3.46374e-06
    outer loop
      vertex -23.8006 18.2628 0
      vertex -22.8109 19.4688 2.4
      vertex -22.5552 19.7804 0
    endloop
  endfacet
  facet normal -0.773039 0.634358 0
    outer loop
      vertex -22.8109 19.4688 16.4
      vertex -22.5552 19.7804 20.4
      vertex -22.5552 19.7804 16.4
    endloop
  endfacet
  facet normal -0.773026 0.634374 -2.07825e-06
    outer loop
      vertex -22.8109 19.4688 16.4
      vertex -23.8006 18.2628 20.4
      vertex -22.5552 19.7804 20.4
    endloop
  endfacet
  facet normal -0.773023 0.634378 0
    outer loop
      vertex -23.8006 18.2628 20.4
      vertex -22.8109 19.4688 16.4
      vertex -23.8006 18.2628 0
    endloop
  endfacet
  facet normal -0.881921 0.471397 0
    outer loop
      vertex -26.9062 13.2687 0
      vertex -25.9808 15 20.4
      vertex -25.9808 15 0
    endloop
  endfacet
  facet normal -0.881921 0.471397 0
    outer loop
      vertex -25.9808 15 20.4
      vertex -26.9062 13.2687 0
      vertex -26.9062 13.2687 20.4
    endloop
  endfacet
  facet normal -0.729855 0.683602 0
    outer loop
      vertex -22.5552 19.7804 0
      vertex -21.2132 21.2132 2.4
      vertex -21.2132 21.2132 0
    endloop
  endfacet
  facet normal -0.729855 0.683602 0
    outer loop
      vertex -21.2132 21.2132 2.4
      vertex -22.5552 19.7804 0
      vertex -22.5552 19.7804 2.4
    endloop
  endfacet
  facet normal -0.729855 0.683602 0
    outer loop
      vertex -22.5552 19.7804 16.4
      vertex -21.2132 21.2132 20.4
      vertex -21.2132 21.2132 16.4
    endloop
  endfacet
  facet normal -0.729855 0.683602 0
    outer loop
      vertex -21.2132 21.2132 20.4
      vertex -22.5552 19.7804 16.4
      vertex -22.5552 19.7804 20.4
    endloop
  endfacet
  facet normal -0.683602 -0.729855 0
    outer loop
      vertex -21.2132 -21.2132 0
      vertex -19.7804 -22.5552 20.4
      vertex -21.2132 -21.2132 20.4
    endloop
  endfacet
  facet normal -0.683602 -0.729855 -0
    outer loop
      vertex -19.7804 -22.5552 20.4
      vertex -21.2132 -21.2132 0
      vertex -19.7804 -22.5552 0
    endloop
  endfacet
  facet normal -0.290299 -0.956936 0
    outer loop
      vertex -9.64318 -28.4079 0
      vertex -7.76457 -28.9778 20.4
      vertex -9.64318 -28.4079 20.4
    endloop
  endfacet
  facet normal -0.290299 -0.956936 -0
    outer loop
      vertex -7.76457 -28.9778 20.4
      vertex -9.64318 -28.4079 0
      vertex -7.76457 -28.9778 0
    endloop
  endfacet
  facet normal 0.290299 0.956936 -0
    outer loop
      vertex 9.64318 28.4079 0
      vertex 7.76457 28.9778 20.4
      vertex 9.64318 28.4079 20.4
    endloop
  endfacet
  facet normal 0.290299 0.956936 0
    outer loop
      vertex 7.76457 28.9778 20.4
      vertex 9.64318 28.4079 0
      vertex 7.76457 28.9778 0
    endloop
  endfacet
  facet normal 0 0 -1
    outer loop
      vertex 29.9358 -1.96209 0
      vertex 29.9358 1.96209 0
      vertex 30 0 0
    endloop
  endfacet
  facet normal 0 0 -1
    outer loop
      vertex 29.7433 -3.91578 0
      vertex 29.9358 1.96209 0
      vertex 29.9358 -1.96209 0
    endloop
  endfacet
  facet normal 0 0 -1
    outer loop
      vertex 29.7433 -3.91578 0
      vertex 29.7433 3.91578 0
      vertex 29.9358 1.96209 0
    endloop
  endfacet
  facet normal 0 0 -1
    outer loop
      vertex 29.4236 -5.85271 0
      vertex 29.7433 3.91578 0
      vertex 29.7433 -3.91578 0
    endloop
  endfacet
  facet normal 0 0 -1
    outer loop
      vertex 29.4236 -5.85271 0
      vertex 29.4236 5.85271 0
      vertex 29.7433 3.91578 0
    endloop
  endfacet
  facet normal 0 0 -1
    outer loop
      vertex 28.9778 -7.76457 0
      vertex 29.4236 5.85271 0
      vertex 29.4236 -5.85271 0
    endloop
  endfacet
  facet normal 0 0 -1
    outer loop
      vertex 28.9778 -7.76457 0
      vertex 28.9778 7.76457 0
      vertex 29.4236 5.85271 0
    endloop
  endfacet
  facet normal 0 0 -1
    outer loop
      vertex 28.4079 -9.64318 0
      vertex 28.9778 7.76457 0
      vertex 28.9778 -7.76457 0
    endloop
  endfacet
  facet normal 0 0 -1
    outer loop
      vertex 28.4079 -9.64318 0
      vertex 28.4079 9.64318 0
      vertex 28.9778 7.76457 0
    endloop
  endfacet
  facet normal 0 0 -1
    outer loop
      vertex 27.7164 -11.4805 0
      vertex 28.4079 9.64318 0
      vertex 28.4079 -9.64318 0
    endloop
  endfacet
  facet normal 0 0 -1
    outer loop
      vertex 27.7164 -11.4805 0
      vertex 27.7164 11.4805 0
      vertex 28.4079 9.64318 0
    endloop
  endfacet
  facet normal 0 0 -1
    outer loop
      vertex 26.9062 -13.2687 0
      vertex 27.7164 11.4805 0
      vertex 27.7164 -11.4805 0
    endloop
  endfacet
  facet normal 0 0 -1
    outer loop
      vertex 26.9062 -13.2687 0
      vertex 26.9062 13.2687 0
      vertex 27.7164 11.4805 0
    endloop
  endfacet
  facet normal 0 0 -1
    outer loop
      vertex 25.9808 -15 0
      vertex 26.9062 13.2687 0
      vertex 26.9062 -13.2687 0
    endloop
  endfacet
  facet normal 0 0 -1
    outer loop
      vertex 25.9808 -15 0
      vertex 25.9808 15 0
      vertex 26.9062 13.2687 0
    endloop
  endfacet
  facet normal 0 0 -1
    outer loop
      vertex 24.9441 -16.6671 0
      vertex 25.9808 15 0
      vertex 25.9808 -15 0
    endloop
  endfacet
  facet normal 0 0 -1
    outer loop
      vertex 24.9441 -16.6671 0
      vertex 24.9441 16.6671 0
      vertex 25.9808 15 0
    endloop
  endfacet
  facet normal 0 0 -1
    outer loop
      vertex 23.8006 -18.2628 0
      vertex 24.9441 16.6671 0
      vertex 24.9441 -16.6671 0
    endloop
  endfacet
  facet normal 0 0 -1
    outer loop
      vertex 23.8006 -18.2628 0
      vertex 23.8006 18.2628 0
      vertex 24.9441 16.6671 0
    endloop
  endfacet
  facet normal 0 0 -1
    outer loop
      vertex 22.5552 -19.7804 0
      vertex 23.8006 18.2628 0
      vertex 23.8006 -18.2628 0
    endloop
  endfacet
  facet normal 0 0 -1
    outer loop
      vertex 22.5552 -19.7804 0
      vertex 22.5552 19.7804 0
      vertex 23.8006 18.2628 0
    endloop
  endfacet
  facet normal 0 0 -1
    outer loop
      vertex 21.2132 -21.2132 0
      vertex 22.5552 19.7804 0
      vertex 22.5552 -19.7804 0
    endloop
  endfacet
  facet normal 0 0 -1
    outer loop
      vertex 21.2132 -21.2132 0
      vertex 21.2132 21.2132 0
      vertex 22.5552 19.7804 0
    endloop
  endfacet
  facet normal 0 0 -1
    outer loop
      vertex 19.7804 -22.5552 0
      vertex 21.2132 21.2132 0
      vertex 21.2132 -21.2132 0
    endloop
  endfacet
  facet normal 0 0 -1
    outer loop
      vertex 19.7804 -22.5552 0
      vertex 19.7804 22.5552 0
      vertex 21.2132 21.2132 0
    endloop
  endfacet
  facet normal 0 0 -1
    outer loop
      vertex 18.2628 -23.8006 0
      vertex 19.7804 22.5552 0
      vertex 19.7804 -22.5552 0
    endloop
  endfacet
  facet normal 0 0 -1
    outer loop
      vertex 18.2628 -23.8006 0
      vertex 18.2628 23.8006 0
      vertex 19.7804 22.5552 0
    endloop
  endfacet
  facet normal 0 0 -1
    outer loop
      vertex 16.6671 -24.9441 0
      vertex 18.2628 23.8006 0
      vertex 18.2628 -23.8006 0
    endloop
  endfacet
  facet normal 0 0 -1
    outer loop
      vertex 16.6671 -24.9441 0
      vertex 16.6671 24.9441 0
      vertex 18.2628 23.8006 0
    endloop
  endfacet
  facet normal 0 0 -1
    outer loop
      vertex 15 -25.9808 0
      vertex 16.6671 24.9441 0
      vertex 16.6671 -24.9441 0
    endloop
  endfacet
  facet normal 0 0 -1
    outer loop
      vertex 15 -25.9808 0
      vertex 15 25.9808 0
      vertex 16.6671 24.9441 0
    endloop
  endfacet
  facet normal 0 0 -1
    outer loop
      vertex 13.2687 -26.9062 0
      vertex 15 25.9808 0
      vertex 15 -25.9808 0
    endloop
  endfacet
  facet normal 0 0 -1
    outer loop
      vertex 13.2687 -26.9062 0
      vertex 13.2687 26.9062 0
      vertex 15 25.9808 0
    endloop
  endfacet
  facet normal 0 0 -1
    outer loop
      vertex 11.4805 -27.7164 0
      vertex 13.2687 26.9062 0
      vertex 13.2687 -26.9062 0
    endloop
  endfacet
  facet normal 0 0 -1
    outer loop
      vertex 11.4805 -27.7164 0
      vertex 11.4805 27.7164 0
      vertex 13.2687 26.9062 0
    endloop
  endfacet
  facet normal 0 0 -1
    outer loop
      vertex 9.64318 -28.4079 0
      vertex 11.4805 27.7164 0
      vertex 11.4805 -27.7164 0
    endloop
  endfacet
  facet normal 0 0 -1
    outer loop
      vertex 9.64318 -28.4079 0
      vertex 9.64318 28.4079 0
      vertex 11.4805 27.7164 0
    endloop
  endfacet
  facet normal 0 0 -1
    outer loop
      vertex 7.76457 -28.9778 0
      vertex 9.64318 28.4079 0
      vertex 9.64318 -28.4079 0
    endloop
  endfacet
  facet normal 0 0 -1
    outer loop
      vertex 7.76457 -28.9778 0
      vertex 7.76457 28.9778 0
      vertex 9.64318 28.4079 0
    endloop
  endfacet
  facet normal 0 0 -1
    outer loop
      vertex 5.85271 -29.4236 0
      vertex 7.76457 28.9778 0
      vertex 7.76457 -28.9778 0
    endloop
  endfacet
  facet normal 0 0 -1
    outer loop
      vertex 5.85271 -29.4236 0
      vertex 5.85271 29.4236 0
      vertex 7.76457 28.9778 0
    endloop
  endfacet
  facet normal 0 0 -1
    outer loop
      vertex 3.91578 -29.7433 0
      vertex 5.85271 29.4236 0
      vertex 5.85271 -29.4236 0
    endloop
  endfacet
  facet normal 0 0 -1
    outer loop
      vertex 3.91578 -29.7433 0
      vertex 3.91578 29.7433 0
      vertex 5.85271 29.4236 0
    endloop
  endfacet
  facet normal 0 0 -1
    outer loop
      vertex 1.96209 -29.9358 0
      vertex 3.91578 29.7433 0
      vertex 3.91578 -29.7433 0
    endloop
  endfacet
  facet normal 0 0 -1
    outer loop
      vertex 1.96209 -29.9358 0
      vertex 1.96209 29.9358 0
      vertex 3.91578 29.7433 0
    endloop
  endfacet
  facet normal 0 0 -1
    outer loop
      vertex 0 -30 0
      vertex 1.96209 29.9358 0
      vertex 1.96209 -29.9358 0
    endloop
  endfacet
  facet normal 0 0 -1
    outer loop
      vertex 0 -30 0
      vertex 0 30 0
      vertex 1.96209 29.9358 0
    endloop
  endfacet
  facet normal 0 0 -1
    outer loop
      vertex -1.96209 -29.9358 0
      vertex 0 30 0
      vertex 0 -30 0
    endloop
  endfacet
  facet normal 0 0 -1
    outer loop
      vertex -1.96209 -29.9358 0
      vertex -1.96209 29.9358 0
      vertex 0 30 0
    endloop
  endfacet
  facet normal 0 0 -1
    outer loop
      vertex -3.91578 -29.7433 0
      vertex -1.96209 29.9358 0
      vertex -1.96209 -29.9358 0
    endloop
  endfacet
  facet normal 0 0 -1
    outer loop
      vertex -3.91578 -29.7433 0
      vertex -3.91578 29.7433 0
      vertex -1.96209 29.9358 0
    endloop
  endfacet
  facet normal 0 0 -1
    outer loop
      vertex -5.85271 -29.4236 0
      vertex -3.91578 29.7433 0
      vertex -3.91578 -29.7433 0
    endloop
  endfacet
  facet normal 0 0 -1
    outer loop
      vertex -5.85271 -29.4236 0
      vertex -5.85271 29.4236 0
      vertex -3.91578 29.7433 0
    endloop
  endfacet
  facet normal 0 0 -1
    outer loop
      vertex -7.76457 -28.9778 0
      vertex -5.85271 29.4236 0
      vertex -5.85271 -29.4236 0
    endloop
  endfacet
  facet normal 0 0 -1
    outer loop
      vertex -7.76457 -28.9778 0
      vertex -7.76457 28.9778 0
      vertex -5.85271 29.4236 0
    endloop
  endfacet
  facet normal 0 0 -1
    outer loop
      vertex -9.64318 -28.4079 0
      vertex -7.76457 28.9778 0
      vertex -7.76457 -28.9778 0
    endloop
  endfacet
  facet normal 0 0 -1
    outer loop
      vertex -9.64318 -28.4079 0
      vertex -9.64318 28.4079 0
      vertex -7.76457 28.9778 0
    endloop
  endfacet
  facet normal 0 0 -1
    outer loop
      vertex -11.4805 -27.7164 0
      vertex -9.64318 28.4079 0
      vertex -9.64318 -28.4079 0
    endloop
  endfacet
  facet normal 0 0 -1
    outer loop
      vertex -11.4805 -27.7164 0
      vertex -11.4805 27.7164 0
      vertex -9.64318 28.4079 0
    endloop
  endfacet
  facet normal 0 0 -1
    outer loop
      vertex -13.2687 -26.9062 0
      vertex -11.4805 27.7164 0
      vertex -11.4805 -27.7164 0
    endloop
  endfacet
  facet normal 0 0 -1
    outer loop
      vertex -13.2687 -26.9062 0
      vertex -13.2687 26.9062 0
      vertex -11.4805 27.7164 0
    endloop
  endfacet
  facet normal 0 0 -1
    outer loop
      vertex -15 -25.9808 0
      vertex -13.2687 26.9062 0
      vertex -13.2687 -26.9062 0
    endloop
  endfacet
  facet normal 0 0 -1
    outer loop
      vertex -15 -25.9808 0
      vertex -15 25.9808 0
      vertex -13.2687 26.9062 0
    endloop
  endfacet
  facet normal 0 0 -1
    outer loop
      vertex -16.6671 -24.9441 0
      vertex -15 25.9808 0
      vertex -15 -25.9808 0
    endloop
  endfacet
  facet normal 0 0 -1
    outer loop
      vertex -16.6671 -24.9441 0
      vertex -16.6671 24.9441 0
      vertex -15 25.9808 0
    endloop
  endfacet
  facet normal 0 0 -1
    outer loop
      vertex -18.2628 -23.8006 0
      vertex -16.6671 24.9441 0
      vertex -16.6671 -24.9441 0
    endloop
  endfacet
  facet normal 0 0 -1
    outer loop
      vertex -18.2628 -23.8006 0
      vertex -18.2628 23.8006 0
      vertex -16.6671 24.9441 0
    endloop
  endfacet
  facet normal 0 0 -1
    outer loop
      vertex -19.7804 -22.5552 0
      vertex -18.2628 23.8006 0
      vertex -18.2628 -23.8006 0
    endloop
  endfacet
  facet normal 0 0 -1
    outer loop
      vertex -19.7804 -22.5552 0
      vertex -19.7804 22.5552 0
      vertex -18.2628 23.8006 0
    endloop
  endfacet
  facet normal 0 0 -1
    outer loop
      vertex -21.2132 -21.2132 0
      vertex -19.7804 22.5552 0
      vertex -19.7804 -22.5552 0
    endloop
  endfacet
  facet normal 0 0 -1
    outer loop
      vertex -21.2132 -21.2132 0
      vertex -21.2132 21.2132 0
      vertex -19.7804 22.5552 0
    endloop
  endfacet
  facet normal 0 0 -1
    outer loop
      vertex -22.5552 -19.7804 0
      vertex -21.2132 21.2132 0
      vertex -21.2132 -21.2132 0
    endloop
  endfacet
  facet normal 0 0 -1
    outer loop
      vertex -22.5552 -19.7804 0
      vertex -22.5552 19.7804 0
      vertex -21.2132 21.2132 0
    endloop
  endfacet
  facet normal 0 0 -1
    outer loop
      vertex -23.8006 -18.2628 0
      vertex -22.5552 19.7804 0
      vertex -22.5552 -19.7804 0
    endloop
  endfacet
  facet normal 0 0 -1
    outer loop
      vertex -23.8006 -18.2628 0
      vertex -23.8006 18.2628 0
      vertex -22.5552 19.7804 0
    endloop
  endfacet
  facet normal 0 0 -1
    outer loop
      vertex -24.9441 -16.6671 0
      vertex -23.8006 18.2628 0
      vertex -23.8006 -18.2628 0
    endloop
  endfacet
  facet normal 0 0 -1
    outer loop
      vertex -24.9441 -16.6671 0
      vertex -24.9441 16.6671 0
      vertex -23.8006 18.2628 0
    endloop
  endfacet
  facet normal 0 0 -1
    outer loop
      vertex -25.9808 -15 0
      vertex -24.9441 16.6671 0
      vertex -24.9441 -16.6671 0
    endloop
  endfacet
  facet normal 0 0 -1
    outer loop
      vertex -25.9808 -15 0
      vertex -25.9808 15 0
      vertex -24.9441 16.6671 0
    endloop
  endfacet
  facet normal 0 0 -1
    outer loop
      vertex -26.9062 -13.2687 0
      vertex -25.9808 15 0
      vertex -25.9808 -15 0
    endloop
  endfacet
  facet normal 0 0 -1
    outer loop
      vertex -26.9062 -13.2687 0
      vertex -26.9062 13.2687 0
      vertex -25.9808 15 0
    endloop
  endfacet
  facet normal 0 0 -1
    outer loop
      vertex -27.7164 -11.4805 0
      vertex -26.9062 13.2687 0
      vertex -26.9062 -13.2687 0
    endloop
  endfacet
  facet normal 0 0 -1
    outer loop
      vertex -27.7164 -11.4805 0
      vertex -27.7164 11.4805 0
      vertex -26.9062 13.2687 0
    endloop
  endfacet
  facet normal 0 0 -1
    outer loop
      vertex -28.4079 -9.64318 0
      vertex -27.7164 11.4805 0
      vertex -27.7164 -11.4805 0
    endloop
  endfacet
  facet normal 0 0 -1
    outer loop
      vertex -28.4079 -9.64318 0
      vertex -28.4079 9.64318 0
      vertex -27.7164 11.4805 0
    endloop
  endfacet
  facet normal 0 0 -1
    outer loop
      vertex -28.9778 -7.76457 0
      vertex -28.4079 9.64318 0
      vertex -28.4079 -9.64318 0
    endloop
  endfacet
  facet normal 0 0 -1
    outer loop
      vertex -28.9778 -7.76457 0
      vertex -28.9778 7.76457 0
      vertex -28.4079 9.64318 0
    endloop
  endfacet
  facet normal 0 0 -1
    outer loop
      vertex -29.4236 -5.85271 0
      vertex -28.9778 7.76457 0
      vertex -28.9778 -7.76457 0
    endloop
  endfacet
  facet normal 0 0 -1
    outer loop
      vertex -29.4236 -5.85271 0
      vertex -29.4236 5.85271 0
      vertex -28.9778 7.76457 0
    endloop
  endfacet
  facet normal 0 0 -1
    outer loop
      vertex -29.7433 -3.91578 0
      vertex -29.4236 5.85271 0
      vertex -29.4236 -5.85271 0
    endloop
  endfacet
  facet normal 0 0 -1
    outer loop
      vertex -29.7433 -3.91578 0
      vertex -29.7433 3.91578 0
      vertex -29.4236 5.85271 0
    endloop
  endfacet
  facet normal 0 0 -1
    outer loop
      vertex -29.9358 -1.96209 0
      vertex -29.7433 3.91578 0
      vertex -29.7433 -3.91578 0
    endloop
  endfacet
  facet normal 0 0 -1
    outer loop
      vertex -29.9358 -1.96209 0
      vertex -29.9358 1.96209 0
      vertex -29.7433 3.91578 0
    endloop
  endfacet
  facet normal 0 -0 -1
    outer loop
      vertex -29.9358 1.96209 0
      vertex -29.9358 -1.96209 0
      vertex -30 0 0
    endloop
  endfacet
  facet normal 0 0 1
    outer loop
      vertex 27.6 0 20.4
      vertex 30 0 20.4
      vertex 29.9358 1.96209 20.4
    endloop
  endfacet
  facet normal 0 0 1
    outer loop
      vertex 27.5409 1.80513 20.4
      vertex 29.9358 1.96209 20.4
      vertex 29.7433 3.91578 20.4
    endloop
  endfacet
  facet normal 0 0 1
    outer loop
      vertex 30 0 20.4
      vertex 27.6 0 20.4
      vertex 29.9358 -1.96209 20.4
    endloop
  endfacet
  facet normal 0 0 1
    outer loop
      vertex 27.3639 3.60252 20.4
      vertex 29.7433 3.91578 20.4
      vertex 29.4236 5.85271 20.4
    endloop
  endfacet
  facet normal -0 0 1
    outer loop
      vertex 27.5409 -1.80513 20.4
      vertex 29.9358 -1.96209 20.4
      vertex 27.6 0 20.4
    endloop
  endfacet
  facet normal 0 0 1
    outer loop
      vertex 27.0697 5.38449 20.4
      vertex 29.4236 5.85271 20.4
      vertex 28.9778 7.76457 20.4
    endloop
  endfacet
  facet normal 0 0 1
    outer loop
      vertex 29.9358 -1.96209 20.4
      vertex 27.5409 -1.80513 20.4
      vertex 29.7433 -3.91578 20.4
    endloop
  endfacet
  facet normal 0 0 1
    outer loop
      vertex 26.6596 7.1434 20.4
      vertex 28.9778 7.76457 20.4
      vertex 28.4079 9.64318 20.4
    endloop
  endfacet
  facet normal -0 0 1
    outer loop
      vertex 27.3639 -3.60252 20.4
      vertex 29.7433 -3.91578 20.4
      vertex 27.5409 -1.80513 20.4
    endloop
  endfacet
  facet normal 0 0 1
    outer loop
      vertex 26.1353 8.87173 20.4
      vertex 28.4079 9.64318 20.4
      vertex 27.7164 11.4805 20.4
    endloop
  endfacet
  facet normal 0 0 1
    outer loop
      vertex 29.7433 -3.91578 20.4
      vertex 27.3639 -3.60252 20.4
      vertex 29.4236 -5.85271 20.4
    endloop
  endfacet
  facet normal -0 0 1
    outer loop
      vertex 27.0697 -5.38449 20.4
      vertex 29.4236 -5.85271 20.4
      vertex 27.3639 -3.60252 20.4
    endloop
  endfacet
  facet normal 0 0 1
    outer loop
      vertex 29.9358 1.96209 20.4
      vertex 27.5409 1.80513 20.4
      vertex 27.6 0 20.4
    endloop
  endfacet
  facet normal 0 0 1
    outer loop
      vertex 29.7433 3.91578 20.4
      vertex 27.3639 3.60252 20.4
      vertex 27.5409 1.80513 20.4
    endloop
  endfacet
  facet normal 0 0 1
    outer loop
      vertex 29.4236 5.85271 20.4
      vertex 27.0697 5.38449 20.4
      vertex 27.3639 3.60252 20.4
    endloop
  endfacet
  facet normal 0 0 1
    outer loop
      vertex 25.4991 10.5621 20.4
      vertex 27.7164 11.4805 20.4
      vertex 26.9062 13.2687 20.4
    endloop
  endfacet
  facet normal 0 0 1
    outer loop
      vertex 28.9778 7.76457 20.4
      vertex 26.6596 7.1434 20.4
      vertex 27.0697 5.38449 20.4
    endloop
  endfacet
  facet normal 0 0 1
    outer loop
      vertex 28.4079 9.64318 20.4
      vertex 26.1353 8.87173 20.4
      vertex 26.6596 7.1434 20.4
    endloop
  endfacet
  facet normal 0 0 1
    outer loop
      vertex 24.7537 12.2072 20.4
      vertex 26.9062 13.2687 20.4
      vertex 25.9808 15 20.4
    endloop
  endfacet
  facet normal 0 0 1
    outer loop
      vertex 27.7164 11.4805 20.4
      vertex 25.4991 10.5621 20.4
      vertex 26.1353 8.87173 20.4
    endloop
  endfacet
  facet normal 0 0 1
    outer loop
      vertex 23.9023 13.8 20.4
      vertex 25.9808 15 20.4
      vertex 24.9441 16.6671 20.4
    endloop
  endfacet
  facet normal 0 0 1
    outer loop
      vertex 26.9062 13.2687 20.4
      vertex 24.7537 12.2072 20.4
      vertex 25.4991 10.5621 20.4
    endloop
  endfacet
  facet normal 0 0 1
    outer loop
      vertex 25.9808 15 20.4
      vertex 23.9023 13.8 20.4
      vertex 24.7537 12.2072 20.4
    endloop
  endfacet
  facet normal 0 0 1
    outer loop
      vertex 22.9486 15.3337 20.4
      vertex 24.9441 16.6671 20.4
      vertex 23.8006 18.2628 20.4
    endloop
  endfacet
  facet normal 0 0 1
    outer loop
      vertex 24.9441 16.6671 20.4
      vertex 22.9486 15.3337 20.4
      vertex 23.9023 13.8 20.4
    endloop
  endfacet
  facet normal 0 0 1
    outer loop
      vertex 21.8966 16.8018 20.4
      vertex 23.8006 18.2628 20.4
      vertex 22.5552 19.7804 20.4
    endloop
  endfacet
  facet normal 0 0 1
    outer loop
      vertex 23.8006 18.2628 20.4
      vertex 21.8966 16.8018 20.4
      vertex 22.9486 15.3337 20.4
    endloop
  endfacet
  facet normal 0 0 1
    outer loop
      vertex 20.7508 18.1979 20.4
      vertex 22.5552 19.7804 20.4
      vertex 21.2132 21.2132 20.4
    endloop
  endfacet
  facet normal 0 0 1
    outer loop
      vertex 22.5552 19.7804 20.4
      vertex 20.7508 18.1979 20.4
      vertex 21.8966 16.8018 20.4
    endloop
  endfacet
  facet normal 0 0 1
    outer loop
      vertex 19.5161 19.5161 20.4
      vertex 21.2132 21.2132 20.4
      vertex 19.7804 22.5552 20.4
    endloop
  endfacet
  facet normal 0 0 1
    outer loop
      vertex 21.2132 21.2132 20.4
      vertex 19.5161 19.5161 20.4
      vertex 20.7508 18.1979 20.4
    endloop
  endfacet
  facet normal 0 0 1
    outer loop
      vertex 18.1979 20.7508 20.4
      vertex 19.7804 22.5552 20.4
      vertex 18.2628 23.8006 20.4
    endloop
  endfacet
  facet normal 0 0 1
    outer loop
      vertex 19.7804 22.5552 20.4
      vertex 18.1979 20.7508 20.4
      vertex 19.5161 19.5161 20.4
    endloop
  endfacet
  facet normal 0 0 1
    outer loop
      vertex 18.2628 23.8006 20.4
      vertex 16.8018 21.8966 20.4
      vertex 18.1979 20.7508 20.4
    endloop
  endfacet
  facet normal 0 0 1
    outer loop
      vertex 16.6671 24.9441 20.4
      vertex 16.8018 21.8966 20.4
      vertex 18.2628 23.8006 20.4
    endloop
  endfacet
  facet normal 0 0 1
    outer loop
      vertex 16.6671 24.9441 20.4
      vertex 15.3337 22.9486 20.4
      vertex 16.8018 21.8966 20.4
    endloop
  endfacet
  facet normal 0 0 1
    outer loop
      vertex 15 25.9808 20.4
      vertex 15.3337 22.9486 20.4
      vertex 16.6671 24.9441 20.4
    endloop
  endfacet
  facet normal 0 0 1
    outer loop
      vertex 15 25.9808 20.4
      vertex 13.8 23.9023 20.4
      vertex 15.3337 22.9486 20.4
    endloop
  endfacet
  facet normal 0 0 1
    outer loop
      vertex 13.2687 26.9062 20.4
      vertex 13.8 23.9023 20.4
      vertex 15 25.9808 20.4
    endloop
  endfacet
  facet normal 0 0 1
    outer loop
      vertex 13.2687 26.9062 20.4
      vertex 12.2072 24.7537 20.4
      vertex 13.8 23.9023 20.4
    endloop
  endfacet
  facet normal 0 0 1
    outer loop
      vertex 11.4805 27.7164 20.4
      vertex 12.2072 24.7537 20.4
      vertex 13.2687 26.9062 20.4
    endloop
  endfacet
  facet normal 0 0 1
    outer loop
      vertex 11.4805 27.7164 20.4
      vertex 10.5621 25.4991 20.4
      vertex 12.2072 24.7537 20.4
    endloop
  endfacet
  facet normal 0 0 1
    outer loop
      vertex 9.64318 28.4079 20.4
      vertex 10.5621 25.4991 20.4
      vertex 11.4805 27.7164 20.4
    endloop
  endfacet
  facet normal 0 0 1
    outer loop
      vertex 9.64318 28.4079 20.4
      vertex 8.87173 26.1353 20.4
      vertex 10.5621 25.4991 20.4
    endloop
  endfacet
  facet normal 0 0 1
    outer loop
      vertex 7.76457 28.9778 20.4
      vertex 8.87173 26.1353 20.4
      vertex 9.64318 28.4079 20.4
    endloop
  endfacet
  facet normal 0 0 1
    outer loop
      vertex 7.76457 28.9778 20.4
      vertex 7.1434 26.6596 20.4
      vertex 8.87173 26.1353 20.4
    endloop
  endfacet
  facet normal 0 0 1
    outer loop
      vertex 5.85271 29.4236 20.4
      vertex 7.1434 26.6596 20.4
      vertex 7.76457 28.9778 20.4
    endloop
  endfacet
  facet normal 0 0 1
    outer loop
      vertex 5.85271 29.4236 20.4
      vertex 5.38449 27.0697 20.4
      vertex 7.1434 26.6596 20.4
    endloop
  endfacet
  facet normal 0 0 1
    outer loop
      vertex 3.91578 29.7433 20.4
      vertex 5.38449 27.0697 20.4
      vertex 5.85271 29.4236 20.4
    endloop
  endfacet
  facet normal 0 0 1
    outer loop
      vertex 3.91578 29.7433 20.4
      vertex 3.60252 27.3639 20.4
      vertex 5.38449 27.0697 20.4
    endloop
  endfacet
  facet normal 0 0 1
    outer loop
      vertex 1.96209 29.9358 20.4
      vertex 3.60252 27.3639 20.4
      vertex 3.91578 29.7433 20.4
    endloop
  endfacet
  facet normal 0 0 1
    outer loop
      vertex 1.96209 29.9358 20.4
      vertex 1.80513 27.5409 20.4
      vertex 3.60252 27.3639 20.4
    endloop
  endfacet
  facet normal 0 0 1
    outer loop
      vertex 0 30 20.4
      vertex 1.80513 27.5409 20.4
      vertex 1.96209 29.9358 20.4
    endloop
  endfacet
  facet normal 0 0 1
    outer loop
      vertex 0 30 20.4
      vertex 0 27.6 20.4
      vertex 1.80513 27.5409 20.4
    endloop
  endfacet
  facet normal 0 0 1
    outer loop
      vertex 0 30 20.4
      vertex -1.80513 27.5409 20.4
      vertex 0 27.6 20.4
    endloop
  endfacet
  facet normal -0 0 1
    outer loop
      vertex -1.96209 29.9358 20.4
      vertex -1.80513 27.5409 20.4
      vertex 0 30 20.4
    endloop
  endfacet
  facet normal 0 0 1
    outer loop
      vertex -1.96209 29.9358 20.4
      vertex -3.60252 27.3639 20.4
      vertex -1.80513 27.5409 20.4
    endloop
  endfacet
  facet normal -0 0 1
    outer loop
      vertex -3.91578 29.7433 20.4
      vertex -3.60252 27.3639 20.4
      vertex -1.96209 29.9358 20.4
    endloop
  endfacet
  facet normal 0 0 1
    outer loop
      vertex -3.91578 29.7433 20.4
      vertex -5.38449 27.0697 20.4
      vertex -3.60252 27.3639 20.4
    endloop
  endfacet
  facet normal -0 0 1
    outer loop
      vertex -5.85271 29.4236 20.4
      vertex -5.38449 27.0697 20.4
      vertex -3.91578 29.7433 20.4
    endloop
  endfacet
  facet normal 0 0 1
    outer loop
      vertex -5.85271 29.4236 20.4
      vertex -7.1434 26.6596 20.4
      vertex -5.38449 27.0697 20.4
    endloop
  endfacet
  facet normal -0 0 1
    outer loop
      vertex -7.76457 28.9778 20.4
      vertex -7.1434 26.6596 20.4
      vertex -5.85271 29.4236 20.4
    endloop
  endfacet
  facet normal 0 0 1
    outer loop
      vertex -7.76457 28.9778 20.4
      vertex -8.87173 26.1353 20.4
      vertex -7.1434 26.6596 20.4
    endloop
  endfacet
  facet normal -0 0 1
    outer loop
      vertex -9.64318 28.4079 20.4
      vertex -8.87173 26.1353 20.4
      vertex -7.76457 28.9778 20.4
    endloop
  endfacet
  facet normal 0 0 1
    outer loop
      vertex -9.64318 28.4079 20.4
      vertex -10.5621 25.4991 20.4
      vertex -8.87173 26.1353 20.4
    endloop
  endfacet
  facet normal -0 0 1
    outer loop
      vertex -11.4805 27.7164 20.4
      vertex -10.5621 25.4991 20.4
      vertex -9.64318 28.4079 20.4
    endloop
  endfacet
  facet normal 0 0 1
    outer loop
      vertex -11.4805 27.7164 20.4
      vertex -12.2072 24.7537 20.4
      vertex -10.5621 25.4991 20.4
    endloop
  endfacet
  facet normal -0 0 1
    outer loop
      vertex -13.2687 26.9062 20.4
      vertex -12.2072 24.7537 20.4
      vertex -11.4805 27.7164 20.4
    endloop
  endfacet
  facet normal 0 0 1
    outer loop
      vertex -13.2687 26.9062 20.4
      vertex -13.8 23.9023 20.4
      vertex -12.2072 24.7537 20.4
    endloop
  endfacet
  facet normal -0 0 1
    outer loop
      vertex -15 25.9808 20.4
      vertex -13.8 23.9023 20.4
      vertex -13.2687 26.9062 20.4
    endloop
  endfacet
  facet normal 0 0 1
    outer loop
      vertex -15 25.9808 20.4
      vertex -15.3337 22.9486 20.4
      vertex -13.8 23.9023 20.4
    endloop
  endfacet
  facet normal -0 0 1
    outer loop
      vertex -16.6671 24.9441 20.4
      vertex -15.3337 22.9486 20.4
      vertex -15 25.9808 20.4
    endloop
  endfacet
  facet normal 0 0 1
    outer loop
      vertex -16.6671 24.9441 20.4
      vertex -16.8018 21.8966 20.4
      vertex -15.3337 22.9486 20.4
    endloop
  endfacet
  facet normal -0 0 1
    outer loop
      vertex -18.2628 23.8006 20.4
      vertex -16.8018 21.8966 20.4
      vertex -16.6671 24.9441 20.4
    endloop
  endfacet
  facet normal 0 0 1
    outer loop
      vertex -16.8018 21.8966 20.4
      vertex -18.2628 23.8006 20.4
      vertex -18.1979 20.7508 20.4
    endloop
  endfacet
  facet normal -0 0 1
    outer loop
      vertex -19.7804 22.5552 20.4
      vertex -18.1979 20.7508 20.4
      vertex -18.2628 23.8006 20.4
    endloop
  endfacet
  facet normal 0 0 1
    outer loop
      vertex -18.1979 20.7508 20.4
      vertex -19.7804 22.5552 20.4
      vertex -19.5161 19.5161 20.4
    endloop
  endfacet
  facet normal -0 0 1
    outer loop
      vertex -21.2132 21.2132 20.4
      vertex -19.5161 19.5161 20.4
      vertex -19.7804 22.5552 20.4
    endloop
  endfacet
  facet normal 0 0 1
    outer loop
      vertex -19.5161 19.5161 20.4
      vertex -21.2132 21.2132 20.4
      vertex -20.7508 18.1979 20.4
    endloop
  endfacet
  facet normal -0 0 1
    outer loop
      vertex -22.5552 19.7804 20.4
      vertex -20.7508 18.1979 20.4
      vertex -21.2132 21.2132 20.4
    endloop
  endfacet
  facet normal 0 0 1
    outer loop
      vertex -20.7508 18.1979 20.4
      vertex -22.5552 19.7804 20.4
      vertex -21.8966 16.8018 20.4
    endloop
  endfacet
  facet normal -0 0 1
    outer loop
      vertex -23.8006 18.2628 20.4
      vertex -21.8966 16.8018 20.4
      vertex -22.5552 19.7804 20.4
    endloop
  endfacet
  facet normal 0 0 1
    outer loop
      vertex -21.8966 16.8018 20.4
      vertex -23.8006 18.2628 20.4
      vertex -22.9486 15.3337 20.4
    endloop
  endfacet
  facet normal -0 0 1
    outer loop
      vertex -24.9441 16.6671 20.4
      vertex -22.9486 15.3337 20.4
      vertex -23.8006 18.2628 20.4
    endloop
  endfacet
  facet normal 0 0 1
    outer loop
      vertex -22.9486 15.3337 20.4
      vertex -24.9441 16.6671 20.4
      vertex -23.9023 13.8 20.4
    endloop
  endfacet
  facet normal -0 0 1
    outer loop
      vertex -25.9808 15 20.4
      vertex -23.9023 13.8 20.4
      vertex -24.9441 16.6671 20.4
    endloop
  endfacet
  facet normal 0 0 1
    outer loop
      vertex -23.9023 13.8 20.4
      vertex -25.9808 15 20.4
      vertex -24.7537 12.2072 20.4
    endloop
  endfacet
  facet normal -0 0 1
    outer loop
      vertex -26.9062 13.2687 20.4
      vertex -24.7537 12.2072 20.4
      vertex -25.9808 15 20.4
    endloop
  endfacet
  facet normal 0 0 1
    outer loop
      vertex -24.7537 12.2072 20.4
      vertex -26.9062 13.2687 20.4
      vertex -25.4991 10.5621 20.4
    endloop
  endfacet
  facet normal -0 0 1
    outer loop
      vertex -27.7164 11.4805 20.4
      vertex -25.4991 10.5621 20.4
      vertex -26.9062 13.2687 20.4
    endloop
  endfacet
  facet normal 0 0 1
    outer loop
      vertex -25.4991 10.5621 20.4
      vertex -27.7164 11.4805 20.4
      vertex -26.1353 8.87173 20.4
    endloop
  endfacet
  facet normal -0 0 1
    outer loop
      vertex -28.4079 9.64318 20.4
      vertex -26.1353 8.87173 20.4
      vertex -27.7164 11.4805 20.4
    endloop
  endfacet
  facet normal 0 0 1
    outer loop
      vertex -26.1353 8.87173 20.4
      vertex -28.4079 9.64318 20.4
      vertex -26.6596 7.1434 20.4
    endloop
  endfacet
  facet normal -0 0 1
    outer loop
      vertex -28.9778 7.76457 20.4
      vertex -26.6596 7.1434 20.4
      vertex -28.4079 9.64318 20.4
    endloop
  endfacet
  facet normal -0 0 1
    outer loop
      vertex -29.4236 5.85271 20.4
      vertex -27.0697 5.38449 20.4
      vertex -28.9778 7.76457 20.4
    endloop
  endfacet
  facet normal 0 0 1
    outer loop
      vertex -26.6596 7.1434 20.4
      vertex -28.9778 7.76457 20.4
      vertex -27.0697 5.38449 20.4
    endloop
  endfacet
  facet normal 0 0 1
    outer loop
      vertex 29.4236 -5.85271 20.4
      vertex 27.0697 -5.38449 20.4
      vertex 28.9778 -7.76457 20.4
    endloop
  endfacet
  facet normal -0 0 1
    outer loop
      vertex 26.6596 -7.1434 20.4
      vertex 28.9778 -7.76457 20.4
      vertex 27.0697 -5.38449 20.4
    endloop
  endfacet
  facet normal 0 0 1
    outer loop
      vertex 28.9778 -7.76457 20.4
      vertex 26.6596 -7.1434 20.4
      vertex 28.4079 -9.64318 20.4
    endloop
  endfacet
  facet normal -0 0 1
    outer loop
      vertex 26.1353 -8.87173 20.4
      vertex 28.4079 -9.64318 20.4
      vertex 26.6596 -7.1434 20.4
    endloop
  endfacet
  facet normal 0 0 1
    outer loop
      vertex 28.4079 -9.64318 20.4
      vertex 26.1353 -8.87173 20.4
      vertex 27.7164 -11.4805 20.4
    endloop
  endfacet
  facet normal -0 0 1
    outer loop
      vertex 25.4991 -10.5621 20.4
      vertex 27.7164 -11.4805 20.4
      vertex 26.1353 -8.87173 20.4
    endloop
  endfacet
  facet normal 0 0 1
    outer loop
      vertex 27.7164 -11.4805 20.4
      vertex 25.4991 -10.5621 20.4
      vertex 26.9062 -13.2687 20.4
    endloop
  endfacet
  facet normal -0 0 1
    outer loop
      vertex 24.7537 -12.2072 20.4
      vertex 26.9062 -13.2687 20.4
      vertex 25.4991 -10.5621 20.4
    endloop
  endfacet
  facet normal 0 0 1
    outer loop
      vertex 26.9062 -13.2687 20.4
      vertex 24.7537 -12.2072 20.4
      vertex 25.9808 -15 20.4
    endloop
  endfacet
  facet normal -0 0 1
    outer loop
      vertex 23.9023 -13.8 20.4
      vertex 25.9808 -15 20.4
      vertex 24.7537 -12.2072 20.4
    endloop
  endfacet
  facet normal 0 0 1
    outer loop
      vertex 25.9808 -15 20.4
      vertex 23.9023 -13.8 20.4
      vertex 24.9441 -16.6671 20.4
    endloop
  endfacet
  facet normal -0 0 1
    outer loop
      vertex 22.9486 -15.3337 20.4
      vertex 24.9441 -16.6671 20.4
      vertex 23.9023 -13.8 20.4
    endloop
  endfacet
  facet normal 0 0 1
    outer loop
      vertex 24.9441 -16.6671 20.4
      vertex 22.9486 -15.3337 20.4
      vertex 23.8006 -18.2628 20.4
    endloop
  endfacet
  facet normal -0 0 1
    outer loop
      vertex 21.8966 -16.8018 20.4
      vertex 23.8006 -18.2628 20.4
      vertex 22.9486 -15.3337 20.4
    endloop
  endfacet
  facet normal 0 0 1
    outer loop
      vertex 23.8006 -18.2628 20.4
      vertex 21.8966 -16.8018 20.4
      vertex 22.5552 -19.7804 20.4
    endloop
  endfacet
  facet normal -0 0 1
    outer loop
      vertex 20.7508 -18.1979 20.4
      vertex 22.5552 -19.7804 20.4
      vertex 21.8966 -16.8018 20.4
    endloop
  endfacet
  facet normal 0 0 1
    outer loop
      vertex 22.5552 -19.7804 20.4
      vertex 20.7508 -18.1979 20.4
      vertex 21.2132 -21.2132 20.4
    endloop
  endfacet
  facet normal -0 0 1
    outer loop
      vertex 19.5161 -19.5161 20.4
      vertex 21.2132 -21.2132 20.4
      vertex 20.7508 -18.1979 20.4
    endloop
  endfacet
  facet normal 0 0 1
    outer loop
      vertex 21.2132 -21.2132 20.4
      vertex 19.5161 -19.5161 20.4
      vertex 19.7804 -22.5552 20.4
    endloop
  endfacet
  facet normal -0 0 1
    outer loop
      vertex 18.1979 -20.7508 20.4
      vertex 19.7804 -22.5552 20.4
      vertex 19.5161 -19.5161 20.4
    endloop
  endfacet
  facet normal 0 0 1
    outer loop
      vertex 19.7804 -22.5552 20.4
      vertex 18.1979 -20.7508 20.4
      vertex 18.2628 -23.8006 20.4
    endloop
  endfacet
  facet normal -0 0 1
    outer loop
      vertex 16.8018 -21.8966 20.4
      vertex 18.2628 -23.8006 20.4
      vertex 18.1979 -20.7508 20.4
    endloop
  endfacet
  facet normal 0 0 1
    outer loop
      vertex 16.8018 -21.8966 20.4
      vertex 16.6671 -24.9441 20.4
      vertex 18.2628 -23.8006 20.4
    endloop
  endfacet
  facet normal -0 0 1
    outer loop
      vertex 15.3337 -22.9486 20.4
      vertex 16.6671 -24.9441 20.4
      vertex 16.8018 -21.8966 20.4
    endloop
  endfacet
  facet normal 0 0 1
    outer loop
      vertex 15.3337 -22.9486 20.4
      vertex 15 -25.9808 20.4
      vertex 16.6671 -24.9441 20.4
    endloop
  endfacet
  facet normal -0 0 1
    outer loop
      vertex 13.8 -23.9023 20.4
      vertex 15 -25.9808 20.4
      vertex 15.3337 -22.9486 20.4
    endloop
  endfacet
  facet normal 0 0 1
    outer loop
      vertex 13.8 -23.9023 20.4
      vertex 13.2687 -26.9062 20.4
      vertex 15 -25.9808 20.4
    endloop
  endfacet
  facet normal -0 0 1
    outer loop
      vertex 12.2072 -24.7537 20.4
      vertex 13.2687 -26.9062 20.4
      vertex 13.8 -23.9023 20.4
    endloop
  endfacet
  facet normal 0 0 1
    outer loop
      vertex 12.2072 -24.7537 20.4
      vertex 11.4805 -27.7164 20.4
      vertex 13.2687 -26.9062 20.4
    endloop
  endfacet
  facet normal -0 0 1
    outer loop
      vertex 10.5621 -25.4991 20.4
      vertex 11.4805 -27.7164 20.4
      vertex 12.2072 -24.7537 20.4
    endloop
  endfacet
  facet normal 0 0 1
    outer loop
      vertex 10.5621 -25.4991 20.4
      vertex 9.64318 -28.4079 20.4
      vertex 11.4805 -27.7164 20.4
    endloop
  endfacet
  facet normal -0 0 1
    outer loop
      vertex 8.87173 -26.1353 20.4
      vertex 9.64318 -28.4079 20.4
      vertex 10.5621 -25.4991 20.4
    endloop
  endfacet
  facet normal 0 0 1
    outer loop
      vertex 8.87173 -26.1353 20.4
      vertex 7.76457 -28.9778 20.4
      vertex 9.64318 -28.4079 20.4
    endloop
  endfacet
  facet normal -0 0 1
    outer loop
      vertex 7.1434 -26.6596 20.4
      vertex 7.76457 -28.9778 20.4
      vertex 8.87173 -26.1353 20.4
    endloop
  endfacet
  facet normal 0 0 1
    outer loop
      vertex 7.1434 -26.6596 20.4
      vertex 5.85271 -29.4236 20.4
      vertex 7.76457 -28.9778 20.4
    endloop
  endfacet
  facet normal -0 0 1
    outer loop
      vertex 5.38449 -27.0697 20.4
      vertex 5.85271 -29.4236 20.4
      vertex 7.1434 -26.6596 20.4
    endloop
  endfacet
  facet normal 0 0 1
    outer loop
      vertex 5.38449 -27.0697 20.4
      vertex 3.91578 -29.7433 20.4
      vertex 5.85271 -29.4236 20.4
    endloop
  endfacet
  facet normal -0 0 1
    outer loop
      vertex 3.60252 -27.3639 20.4
      vertex 3.91578 -29.7433 20.4
      vertex 5.38449 -27.0697 20.4
    endloop
  endfacet
  facet normal 0 0 1
    outer loop
      vertex 3.60252 -27.3639 20.4
      vertex 1.96209 -29.9358 20.4
      vertex 3.91578 -29.7433 20.4
    endloop
  endfacet
  facet normal -0 0 1
    outer loop
      vertex 1.80513 -27.5409 20.4
      vertex 1.96209 -29.9358 20.4
      vertex 3.60252 -27.3639 20.4
    endloop
  endfacet
  facet normal -0 0 1
    outer loop
      vertex 0 -27.6 20.4
      vertex 1.96209 -29.9358 20.4
      vertex 1.80513 -27.5409 20.4
    endloop
  endfacet
  facet normal 0 0 1
    outer loop
      vertex 0 -27.6 20.4
      vertex 0 -30 20.4
      vertex 1.96209 -29.9358 20.4
    endloop
  endfacet
  facet normal 0 0 1
    outer loop
      vertex -1.80513 -27.5409 20.4
      vertex 0 -30 20.4
      vertex 0 -27.6 20.4
    endloop
  endfacet
  facet normal 0 0 1
    outer loop
      vertex -1.80513 -27.5409 20.4
      vertex -1.96209 -29.9358 20.4
      vertex 0 -30 20.4
    endloop
  endfacet
  facet normal 0 0 1
    outer loop
      vertex -3.60252 -27.3639 20.4
      vertex -1.96209 -29.9358 20.4
      vertex -1.80513 -27.5409 20.4
    endloop
  endfacet
  facet normal 0 0 1
    outer loop
      vertex -3.60252 -27.3639 20.4
      vertex -3.91578 -29.7433 20.4
      vertex -1.96209 -29.9358 20.4
    endloop
  endfacet
  facet normal 0 0 1
    outer loop
      vertex -5.38449 -27.0697 20.4
      vertex -3.91578 -29.7433 20.4
      vertex -3.60252 -27.3639 20.4
    endloop
  endfacet
  facet normal 0 0 1
    outer loop
      vertex -5.38449 -27.0697 20.4
      vertex -5.85271 -29.4236 20.4
      vertex -3.91578 -29.7433 20.4
    endloop
  endfacet
  facet normal 0 0 1
    outer loop
      vertex -7.1434 -26.6596 20.4
      vertex -5.85271 -29.4236 20.4
      vertex -5.38449 -27.0697 20.4
    endloop
  endfacet
  facet normal 0 0 1
    outer loop
      vertex -7.1434 -26.6596 20.4
      vertex -7.76457 -28.9778 20.4
      vertex -5.85271 -29.4236 20.4
    endloop
  endfacet
  facet normal 0 0 1
    outer loop
      vertex -8.87173 -26.1353 20.4
      vertex -7.76457 -28.9778 20.4
      vertex -7.1434 -26.6596 20.4
    endloop
  endfacet
  facet normal 0 0 1
    outer loop
      vertex -8.87173 -26.1353 20.4
      vertex -9.64318 -28.4079 20.4
      vertex -7.76457 -28.9778 20.4
    endloop
  endfacet
  facet normal 0 0 1
    outer loop
      vertex -10.5621 -25.4991 20.4
      vertex -9.64318 -28.4079 20.4
      vertex -8.87173 -26.1353 20.4
    endloop
  endfacet
  facet normal 0 0 1
    outer loop
      vertex -10.5621 -25.4991 20.4
      vertex -11.4805 -27.7164 20.4
      vertex -9.64318 -28.4079 20.4
    endloop
  endfacet
  facet normal 0 0 1
    outer loop
      vertex -12.2072 -24.7537 20.4
      vertex -11.4805 -27.7164 20.4
      vertex -10.5621 -25.4991 20.4
    endloop
  endfacet
  facet normal 0 0 1
    outer loop
      vertex -12.2072 -24.7537 20.4
      vertex -13.2687 -26.9062 20.4
      vertex -11.4805 -27.7164 20.4
    endloop
  endfacet
  facet normal 0 0 1
    outer loop
      vertex -13.8 -23.9023 20.4
      vertex -13.2687 -26.9062 20.4
      vertex -12.2072 -24.7537 20.4
    endloop
  endfacet
  facet normal 0 0 1
    outer loop
      vertex -13.8 -23.9023 20.4
      vertex -15 -25.9808 20.4
      vertex -13.2687 -26.9062 20.4
    endloop
  endfacet
  facet normal 0 0 1
    outer loop
      vertex -15.3337 -22.9486 20.4
      vertex -15 -25.9808 20.4
      vertex -13.8 -23.9023 20.4
    endloop
  endfacet
  facet normal 0 0 1
    outer loop
      vertex -15.3337 -22.9486 20.4
      vertex -16.6671 -24.9441 20.4
      vertex -15 -25.9808 20.4
    endloop
  endfacet
  facet normal 0 0 1
    outer loop
      vertex -16.8018 -21.8966 20.4
      vertex -16.6671 -24.9441 20.4
      vertex -15.3337 -22.9486 20.4
    endloop
  endfacet
  facet normal 0 0 1
    outer loop
      vertex -18.2628 -23.8006 20.4
      vertex -16.8018 -21.8966 20.4
      vertex -18.1979 -20.7508 20.4
    endloop
  endfacet
  facet normal 0 0 1
    outer loop
      vertex -16.8018 -21.8966 20.4
      vertex -18.2628 -23.8006 20.4
      vertex -16.6671 -24.9441 20.4
    endloop
  endfacet
  facet normal 0 0 1
    outer loop
      vertex -19.7804 -22.5552 20.4
      vertex -18.1979 -20.7508 20.4
      vertex -19.5161 -19.5161 20.4
    endloop
  endfacet
  facet normal 0 0 1
    outer loop
      vertex -18.1979 -20.7508 20.4
      vertex -19.7804 -22.5552 20.4
      vertex -18.2628 -23.8006 20.4
    endloop
  endfacet
  facet normal 0 0 1
    outer loop
      vertex -21.2132 -21.2132 20.4
      vertex -19.5161 -19.5161 20.4
      vertex -20.7508 -18.1979 20.4
    endloop
  endfacet
  facet normal 0 0 1
    outer loop
      vertex -19.5161 -19.5161 20.4
      vertex -21.2132 -21.2132 20.4
      vertex -19.7804 -22.5552 20.4
    endloop
  endfacet
  facet normal 0 0 1
    outer loop
      vertex -22.5552 -19.7804 20.4
      vertex -20.7508 -18.1979 20.4
      vertex -21.8966 -16.8018 20.4
    endloop
  endfacet
  facet normal 0 0 1
    outer loop
      vertex -20.7508 -18.1979 20.4
      vertex -22.5552 -19.7804 20.4
      vertex -21.2132 -21.2132 20.4
    endloop
  endfacet
  facet normal 0 0 1
    outer loop
      vertex -23.8006 -18.2628 20.4
      vertex -21.8966 -16.8018 20.4
      vertex -22.9486 -15.3337 20.4
    endloop
  endfacet
  facet normal 0 0 1
    outer loop
      vertex -21.8966 -16.8018 20.4
      vertex -23.8006 -18.2628 20.4
      vertex -22.5552 -19.7804 20.4
    endloop
  endfacet
  facet normal 0 0 1
    outer loop
      vertex -24.9441 -16.6671 20.4
      vertex -22.9486 -15.3337 20.4
      vertex -23.9023 -13.8 20.4
    endloop
  endfacet
  facet normal 0 0 1
    outer loop
      vertex -25.9808 -15 20.4
      vertex -23.9023 -13.8 20.4
      vertex -24.7537 -12.2072 20.4
    endloop
  endfacet
  facet normal 0 0 1
    outer loop
      vertex -22.9486 -15.3337 20.4
      vertex -24.9441 -16.6671 20.4
      vertex -23.8006 -18.2628 20.4
    endloop
  endfacet
  facet normal 0 0 1
    outer loop
      vertex -26.9062 -13.2687 20.4
      vertex -24.7537 -12.2072 20.4
      vertex -25.4991 -10.5621 20.4
    endloop
  endfacet
  facet normal 0 0 1
    outer loop
      vertex -23.9023 -13.8 20.4
      vertex -25.9808 -15 20.4
      vertex -24.9441 -16.6671 20.4
    endloop
  endfacet
  facet normal 0 0 1
    outer loop
      vertex -27.7164 -11.4805 20.4
      vertex -25.4991 -10.5621 20.4
      vertex -26.1353 -8.87173 20.4
    endloop
  endfacet
  facet normal 0 0 1
    outer loop
      vertex -28.4079 -9.64318 20.4
      vertex -26.1353 -8.87173 20.4
      vertex -26.6596 -7.1434 20.4
    endloop
  endfacet
  facet normal 0 0 1
    outer loop
      vertex -24.7537 -12.2072 20.4
      vertex -26.9062 -13.2687 20.4
      vertex -25.9808 -15 20.4
    endloop
  endfacet
  facet normal 0 0 1
    outer loop
      vertex -28.9778 -7.76457 20.4
      vertex -26.6596 -7.1434 20.4
      vertex -27.0697 -5.38449 20.4
    endloop
  endfacet
  facet normal 0 0 1
    outer loop
      vertex -29.4236 -5.85271 20.4
      vertex -27.0697 -5.38449 20.4
      vertex -27.3639 -3.60252 20.4
    endloop
  endfacet
  facet normal 0 0 1
    outer loop
      vertex -29.7433 -3.91578 20.4
      vertex -27.3639 -3.60252 20.4
      vertex -27.5409 -1.80513 20.4
    endloop
  endfacet
  facet normal 0 0 1
    outer loop
      vertex -25.4991 -10.5621 20.4
      vertex -27.7164 -11.4805 20.4
      vertex -26.9062 -13.2687 20.4
    endloop
  endfacet
  facet normal 0 0 1
    outer loop
      vertex -29.9358 -1.96209 20.4
      vertex -27.5409 -1.80513 20.4
      vertex -27.6 0 20.4
    endloop
  endfacet
  facet normal 0 0 1
    outer loop
      vertex -27.0697 5.38449 20.4
      vertex -29.4236 5.85271 20.4
      vertex -27.3639 3.60252 20.4
    endloop
  endfacet
  facet normal -0 0 1
    outer loop
      vertex -29.7433 3.91578 20.4
      vertex -27.3639 3.60252 20.4
      vertex -29.4236 5.85271 20.4
    endloop
  endfacet
  facet normal 0 0 1
    outer loop
      vertex -26.1353 -8.87173 20.4
      vertex -28.4079 -9.64318 20.4
      vertex -27.7164 -11.4805 20.4
    endloop
  endfacet
  facet normal 0 0 1
    outer loop
      vertex -27.3639 3.60252 20.4
      vertex -29.7433 3.91578 20.4
      vertex -27.5409 1.80513 20.4
    endloop
  endfacet
  facet normal 0 0 1
    outer loop
      vertex -26.6596 -7.1434 20.4
      vertex -28.9778 -7.76457 20.4
      vertex -28.4079 -9.64318 20.4
    endloop
  endfacet
  facet normal -0 0 1
    outer loop
      vertex -29.9358 1.96209 20.4
      vertex -27.5409 1.80513 20.4
      vertex -29.7433 3.91578 20.4
    endloop
  endfacet
  facet normal 0 0 1
    outer loop
      vertex -27.0697 -5.38449 20.4
      vertex -29.4236 -5.85271 20.4
      vertex -28.9778 -7.76457 20.4
    endloop
  endfacet
  facet normal 0 0 1
    outer loop
      vertex -27.5409 1.80513 20.4
      vertex -29.9358 1.96209 20.4
      vertex -27.6 0 20.4
    endloop
  endfacet
  facet normal 0 0 1
    outer loop
      vertex -27.3639 -3.60252 20.4
      vertex -29.7433 -3.91578 20.4
      vertex -29.4236 -5.85271 20.4
    endloop
  endfacet
  facet normal 0 0 1
    outer loop
      vertex -30 0 20.4
      vertex -27.6 0 20.4
      vertex -29.9358 1.96209 20.4
    endloop
  endfacet
  facet normal 0 0 1
    outer loop
      vertex -27.5409 -1.80513 20.4
      vertex -29.9358 -1.96209 20.4
      vertex -29.7433 -3.91578 20.4
    endloop
  endfacet
  facet normal 0 0 1
    outer loop
      vertex -27.6 0 20.4
      vertex -30 0 20.4
      vertex -29.9358 -1.96209 20.4
    endloop
  endfacet
  facet normal -0.881921 -0.471397 0
    outer loop
      vertex -25.9808 -15 0
      vertex -26.9062 -13.2687 20.4
      vertex -26.9062 -13.2687 0
    endloop
  endfacet
  facet normal -0.881921 -0.471397 0
    outer loop
      vertex -26.9062 -13.2687 20.4
      vertex -25.9808 -15 0
      vertex -25.9808 -15 20.4
    endloop
  endfacet
  facet normal -0.471397 -0.881921 0
    outer loop
      vertex -15 -25.9808 0
      vertex -13.2687 -26.9062 20.4
      vertex -15 -25.9808 20.4
    endloop
  endfacet
  facet normal -0.471397 -0.881921 -0
    outer loop
      vertex -13.2687 -26.9062 20.4
      vertex -15 -25.9808 0
      vertex -13.2687 -26.9062 0
    endloop
  endfacet
  facet normal -0.849195 0.528079 0
    outer loop
      vertex -25.9808 15 0
      vertex -24.9441 16.6671 20.4
      vertex -24.9441 16.6671 0
    endloop
  endfacet
  facet normal -0.849195 0.528079 0
    outer loop
      vertex -24.9441 16.6671 20.4
      vertex -25.9808 15 0
      vertex -25.9808 15 20.4
    endloop
  endfacet
  facet normal 0.470976 -0.882146 0
    outer loop
      vertex -13.7764 23.9149 16.4
      vertex -13.8 23.9023 20.4
      vertex -13.8 23.9023 16.4
    endloop
  endfacet
  facet normal 0.47141 -0.881914 3.28891e-06
    outer loop
      vertex -13.8 23.9023 20.4
      vertex -13.7764 23.9149 16.4
      vertex -12.2072 24.7537 20.4
    endloop
  endfacet
  facet normal 0.471416 -0.881911 0
    outer loop
      vertex -12.2072 24.7537 2.4
      vertex -13.7764 23.9149 16.4
      vertex -13.7764 23.9149 2.4
    endloop
  endfacet
  facet normal 0.471416 -0.881911 0
    outer loop
      vertex -13.7764 23.9149 16.4
      vertex -12.2072 24.7537 2.4
      vertex -12.2072 24.7537 20.4
    endloop
  endfacet
  facet normal -0.995186 -0.0980021 0
    outer loop
      vertex 27.5409 1.80513 2.4
      vertex 27.3639 3.60252 4.4
      vertex 27.3639 3.60252 2.4
    endloop
  endfacet
  facet normal -0.995186 -0.0980021 0
    outer loop
      vertex 27.3639 3.60252 4.4
      vertex 27.5409 1.80513 2.4
      vertex 27.5409 1.80513 4.4
    endloop
  endfacet
  facet normal -0.995186 -0.0980021 0
    outer loop
      vertex 27.5409 1.80513 9.4
      vertex 27.3639 3.60252 20.4
      vertex 27.3639 3.60252 9.4
    endloop
  endfacet
  facet normal -0.995186 -0.0980021 0
    outer loop
      vertex 27.3639 3.60252 20.4
      vertex 27.5409 1.80513 9.4
      vertex 27.5409 1.80513 20.4
    endloop
  endfacet
  facet normal -0.999464 -0.0327225 0
    outer loop
      vertex 27.6 0 2.4
      vertex 27.5409 1.80513 4.4
      vertex 27.5409 1.80513 2.4
    endloop
  endfacet
  facet normal -0.999464 -0.0327225 0
    outer loop
      vertex 27.5409 1.80513 4.4
      vertex 27.6 0 2.4
      vertex 27.6 0 4.4
    endloop
  endfacet
  facet normal -0.999464 -0.0327225 0
    outer loop
      vertex 27.6 0 9.4
      vertex 27.5409 1.80513 20.4
      vertex 27.5409 1.80513 9.4
    endloop
  endfacet
  facet normal -0.999464 -0.0327225 0
    outer loop
      vertex 27.5409 1.80513 20.4
      vertex 27.6 0 9.4
      vertex 27.6 0 20.4
    endloop
  endfacet
  facet normal -0.986644 -0.162893 0
    outer loop
      vertex 27.3639 3.60252 2.4
      vertex 27.0697 5.38449 4.4
      vertex 27.0697 5.38449 2.4
    endloop
  endfacet
  facet normal -0.986644 -0.162893 0
    outer loop
      vertex 27.0697 5.38449 4.4
      vertex 27.3639 3.60252 2.4
      vertex 27.3639 3.60252 4.4
    endloop
  endfacet
  facet normal -0.986644 -0.162893 0
    outer loop
      vertex 27.3639 3.60252 9.4
      vertex 27.0697 5.38449 20.4
      vertex 27.0697 5.38449 9.4
    endloop
  endfacet
  facet normal -0.986644 -0.162893 0
    outer loop
      vertex 27.0697 5.38449 20.4
      vertex 27.3639 3.60252 9.4
      vertex 27.3639 3.60252 20.4
    endloop
  endfacet
  facet normal -0.973878 -0.227073 -0
    outer loop
      vertex 26.9262 6 9.4
      vertex 26.6596 7.1434 2.4
      vertex 26.9262 6 4.4
    endloop
  endfacet
  facet normal -0.973879 -0.227066 4.72458e-06
    outer loop
      vertex 27.0697 5.38449 2.4
      vertex 26.9262 6 4.4
      vertex 26.6596 7.1434 2.4
    endloop
  endfacet
  facet normal -0.973883 -0.227051 0
    outer loop
      vertex 26.9262 6 4.4
      vertex 27.0697 5.38449 2.4
      vertex 27.0697 5.38449 4.4
    endloop
  endfacet
  facet normal -0.973878 -0.227073 0
    outer loop
      vertex 26.6596 7.1434 2.4
      vertex 26.9262 6 9.4
      vertex 26.6596 7.1434 20.4
    endloop
  endfacet
  facet normal -0.973883 -0.227051 -0
    outer loop
      vertex 27.0697 5.38449 20.4
      vertex 26.9262 6 9.4
      vertex 27.0697 5.38449 9.4
    endloop
  endfacet
  facet normal -0.973879 -0.227066 -8.59015e-07
    outer loop
      vertex 26.9262 6 9.4
      vertex 27.0697 5.38449 20.4
      vertex 26.6596 7.1434 20.4
    endloop
  endfacet
  facet normal 0.729844 0.683613 0
    outer loop
      vertex -19.5161 -19.5161 20.4
      vertex -20.7508 -18.1979 2.4
      vertex -20.7508 -18.1979 20.4
    endloop
  endfacet
  facet normal 0.729844 0.683613 0
    outer loop
      vertex -20.7508 -18.1979 2.4
      vertex -19.5161 -19.5161 20.4
      vertex -19.5161 -19.5161 2.4
    endloop
  endfacet
  facet normal -0.729844 0.683613 0
    outer loop
      vertex 19.5161 -19.5161 2.4
      vertex 20.7508 -18.1979 20.4
      vertex 20.7508 -18.1979 2.4
    endloop
  endfacet
  facet normal -0.729844 0.683613 0
    outer loop
      vertex 20.7508 -18.1979 20.4
      vertex 19.5161 -19.5161 2.4
      vertex 19.5161 -19.5161 20.4
    endloop
  endfacet
  facet normal 0.412714 -0.910861 0
    outer loop
      vertex -12.2072 24.7537 2.4
      vertex -10.5621 25.4991 20.4
      vertex -12.2072 24.7537 20.4
    endloop
  endfacet
  facet normal 0.412714 -0.910861 0
    outer loop
      vertex -10.5621 25.4991 20.4
      vertex -12.2072 24.7537 2.4
      vertex -10.5621 25.4991 2.4
    endloop
  endfacet
  facet normal -0.290293 0.956938 0
    outer loop
      vertex 8.87173 -26.1353 2.4
      vertex 7.1434 -26.6596 20.4
      vertex 8.87173 -26.1353 20.4
    endloop
  endfacet
  facet normal -0.290293 0.956938 0
    outer loop
      vertex 7.1434 -26.6596 20.4
      vertex 8.87173 -26.1353 2.4
      vertex 7.1434 -26.6596 2.4
    endloop
  endfacet
  facet normal -0.582468 -0.812853 0
    outer loop
      vertex 15.3337 22.9486 2.4
      vertex 16.8018 21.8966 20.4
      vertex 15.3337 22.9486 20.4
    endloop
  endfacet
  facet normal -0.582468 -0.812853 -0
    outer loop
      vertex 16.8018 21.8966 20.4
      vertex 15.3337 22.9486 2.4
      vertex 16.8018 21.8966 2.4
    endloop
  endfacet
  facet normal -0.849206 -0.528061 0
    outer loop
      vertex 23.9023 13.8 2.4
      vertex 22.9486 15.3337 20.4
      vertex 22.9486 15.3337 2.4
    endloop
  endfacet
  facet normal -0.849206 -0.528061 0
    outer loop
      vertex 22.9486 15.3337 20.4
      vertex 23.9023 13.8 2.4
      vertex 23.9023 13.8 20.4
    endloop
  endfacet
  facet normal -0.935908 0.352245 0
    outer loop
      vertex 25.4991 -10.5621 2.4
      vertex 26.1353 -8.87173 20.4
      vertex 26.1353 -8.87173 2.4
    endloop
  endfacet
  facet normal -0.935908 0.352245 0
    outer loop
      vertex 26.1353 -8.87173 20.4
      vertex 25.4991 -10.5621 2.4
      vertex 25.4991 -10.5621 20.4
    endloop
  endfacet
  facet normal 0.582468 0.812853 -0
    outer loop
      vertex -15.3337 -22.9486 2.4
      vertex -16.8018 -21.8966 20.4
      vertex -15.3337 -22.9486 20.4
    endloop
  endfacet
  facet normal 0.582468 0.812853 0
    outer loop
      vertex -16.8018 -21.8966 20.4
      vertex -15.3337 -22.9486 2.4
      vertex -16.8018 -21.8966 2.4
    endloop
  endfacet
  facet normal 0.528061 -0.849206 0
    outer loop
      vertex -15.3337 22.9486 16.4
      vertex -13.8 23.9023 20.4
      vertex -15.3337 22.9486 20.4
    endloop
  endfacet
  facet normal 0.528061 -0.849206 0
    outer loop
      vertex -13.8 23.9023 20.4
      vertex -15.3337 22.9486 16.4
      vertex -13.8 23.9023 16.4
    endloop
  endfacet
  facet normal -0.528061 -0.849206 0
    outer loop
      vertex 13.8 23.9023 2.4
      vertex 15.3337 22.9486 20.4
      vertex 13.8 23.9023 20.4
    endloop
  endfacet
  facet normal -0.528061 -0.849206 -0
    outer loop
      vertex 15.3337 22.9486 20.4
      vertex 13.8 23.9023 2.4
      vertex 15.3337 22.9486 2.4
    endloop
  endfacet
  facet normal -0.881914 -0.47141 0
    outer loop
      vertex 24.7537 12.2072 2.4
      vertex 23.9023 13.8 20.4
      vertex 23.9023 13.8 2.4
    endloop
  endfacet
  facet normal -0.881914 -0.47141 0
    outer loop
      vertex 23.9023 13.8 20.4
      vertex 24.7537 12.2072 2.4
      vertex 24.7537 12.2072 20.4
    endloop
  endfacet
  facet normal 0.0980021 0.995186 -0
    outer loop
      vertex -1.80513 -27.5409 2.4
      vertex -3.60252 -27.3639 20.4
      vertex -1.80513 -27.5409 20.4
    endloop
  endfacet
  facet normal 0.0980021 0.995186 0
    outer loop
      vertex -3.60252 -27.3639 20.4
      vertex -1.80513 -27.5409 2.4
      vertex -3.60252 -27.3639 2.4
    endloop
  endfacet
  facet normal -0.582468 0.812853 0
    outer loop
      vertex 16.8018 -21.8966 2.4
      vertex 15.3337 -22.9486 20.4
      vertex 16.8018 -21.8966 20.4
    endloop
  endfacet
  facet normal -0.582468 0.812853 0
    outer loop
      vertex 15.3337 -22.9486 20.4
      vertex 16.8018 -21.8966 2.4
      vertex 15.3337 -22.9486 2.4
    endloop
  endfacet
  facet normal -0.910861 0.412714 0
    outer loop
      vertex 24.7537 -12.2072 2.4
      vertex 25.4991 -10.5621 20.4
      vertex 25.4991 -10.5621 2.4
    endloop
  endfacet
  facet normal -0.910861 0.412714 0
    outer loop
      vertex 25.4991 -10.5621 20.4
      vertex 24.7537 -12.2072 2.4
      vertex 24.7537 -12.2072 20.4
    endloop
  endfacet
  facet normal 0.935908 -0.352245 0
    outer loop
      vertex -26.1353 8.87173 20.4
      vertex -25.4991 10.5621 2.4
      vertex -25.4991 10.5621 20.4
    endloop
  endfacet
  facet normal 0.935908 -0.352245 0
    outer loop
      vertex -25.4991 10.5621 2.4
      vertex -26.1353 8.87173 20.4
      vertex -26.1353 8.87173 2.4
    endloop
  endfacet
  facet normal 0.986644 -0.162893 0
    outer loop
      vertex -27.3639 3.60252 20.4
      vertex -27.0697 5.38449 2.4
      vertex -27.0697 5.38449 20.4
    endloop
  endfacet
  facet normal 0.986644 -0.162893 0
    outer loop
      vertex -27.0697 5.38449 2.4
      vertex -27.3639 3.60252 20.4
      vertex -27.3639 3.60252 2.4
    endloop
  endfacet
  facet normal 0.290293 -0.956938 0
    outer loop
      vertex -8.87173 26.1353 2.4
      vertex -7.1434 26.6596 20.4
      vertex -8.87173 26.1353 20.4
    endloop
  endfacet
  facet normal 0.290293 -0.956938 0
    outer loop
      vertex -7.1434 26.6596 20.4
      vertex -8.87173 26.1353 2.4
      vertex -7.1434 26.6596 2.4
    endloop
  endfacet
  facet normal 0.582468 -0.812853 0
    outer loop
      vertex -16.8018 21.8966 16.4
      vertex -15.3337 22.9486 20.4
      vertex -16.8018 21.8966 20.4
    endloop
  endfacet
  facet normal 0.582468 -0.812853 0
    outer loop
      vertex -15.3337 22.9486 20.4
      vertex -16.8018 21.8966 16.4
      vertex -15.3337 22.9486 16.4
    endloop
  endfacet
  facet normal -0.47141 -0.881914 0
    outer loop
      vertex 12.2072 24.7537 2.4
      vertex 13.8 23.9023 20.4
      vertex 12.2072 24.7537 20.4
    endloop
  endfacet
  facet normal -0.47141 -0.881914 -0
    outer loop
      vertex 13.8 23.9023 20.4
      vertex 12.2072 24.7537 2.4
      vertex 13.8 23.9023 2.4
    endloop
  endfacet
  facet normal -0.999464 0.0327225 0
    outer loop
      vertex 27.5409 -1.80513 2.4
      vertex 27.6 0 4.4
      vertex 27.6 0 2.4
    endloop
  endfacet
  facet normal -0.999464 0.0327225 0
    outer loop
      vertex 27.6 0 4.4
      vertex 27.5409 -1.80513 2.4
      vertex 27.5409 -1.80513 4.4
    endloop
  endfacet
  facet normal -0.999464 0.0327225 0
    outer loop
      vertex 27.5409 -1.80513 9.4
      vertex 27.6 0 20.4
      vertex 27.6 0 9.4
    endloop
  endfacet
  facet normal -0.999464 0.0327225 0
    outer loop
      vertex 27.6 0 20.4
      vertex 27.5409 -1.80513 9.4
      vertex 27.5409 -1.80513 20.4
    endloop
  endfacet
  facet normal 0.47141 0.881914 -0
    outer loop
      vertex -12.2072 -24.7537 2.4
      vertex -13.8 -23.9023 20.4
      vertex -12.2072 -24.7537 20.4
    endloop
  endfacet
  facet normal 0.47141 0.881914 0
    outer loop
      vertex -13.8 -23.9023 20.4
      vertex -12.2072 -24.7537 2.4
      vertex -13.8 -23.9023 2.4
    endloop
  endfacet
  facet normal 0.881914 0.47141 0
    outer loop
      vertex -23.9023 -13.8 20.4
      vertex -24.7537 -12.2072 2.4
      vertex -24.7537 -12.2072 20.4
    endloop
  endfacet
  facet normal 0.881914 0.47141 0
    outer loop
      vertex -24.7537 -12.2072 2.4
      vertex -23.9023 -13.8 20.4
      vertex -23.9023 -13.8 2.4
    endloop
  endfacet
  facet normal 0.956938 -0.290293 0
    outer loop
      vertex -26.6596 7.1434 20.4
      vertex -26.1353 8.87173 2.4
      vertex -26.1353 8.87173 20.4
    endloop
  endfacet
  facet normal 0.956938 -0.290293 0
    outer loop
      vertex -26.1353 8.87173 2.4
      vertex -26.6596 7.1434 20.4
      vertex -26.6596 7.1434 2.4
    endloop
  endfacet
  facet normal 0.849206 0.528061 0
    outer loop
      vertex -22.9486 -15.3337 20.4
      vertex -23.9023 -13.8 2.4
      vertex -23.9023 -13.8 20.4
    endloop
  endfacet
  facet normal 0.849206 0.528061 0
    outer loop
      vertex -23.9023 -13.8 2.4
      vertex -22.9486 -15.3337 20.4
      vertex -22.9486 -15.3337 2.4
    endloop
  endfacet
  facet normal -0.849206 0.528061 0
    outer loop
      vertex 22.9486 -15.3337 2.4
      vertex 23.9023 -13.8 20.4
      vertex 23.9023 -13.8 2.4
    endloop
  endfacet
  facet normal -0.849206 0.528061 0
    outer loop
      vertex 23.9023 -13.8 20.4
      vertex 22.9486 -15.3337 2.4
      vertex 22.9486 -15.3337 20.4
    endloop
  endfacet
  facet normal -0.162893 -0.986644 0
    outer loop
      vertex 3.60252 27.3639 2.4
      vertex 5.38449 27.0697 20.4
      vertex 3.60252 27.3639 20.4
    endloop
  endfacet
  facet normal -0.162893 -0.986644 -0
    outer loop
      vertex 5.38449 27.0697 20.4
      vertex 3.60252 27.3639 2.4
      vertex 5.38449 27.0697 2.4
    endloop
  endfacet
  facet normal -0.910861 -0.412714 0
    outer loop
      vertex 25.4991 10.5621 2.4
      vertex 24.7537 12.2072 20.4
      vertex 24.7537 12.2072 2.4
    endloop
  endfacet
  facet normal -0.910861 -0.412714 0
    outer loop
      vertex 24.7537 12.2072 20.4
      vertex 25.4991 10.5621 2.4
      vertex 25.4991 10.5621 20.4
    endloop
  endfacet
  facet normal -0.935908 -0.352245 0
    outer loop
      vertex 26.1353 8.87173 2.4
      vertex 25.4991 10.5621 20.4
      vertex 25.4991 10.5621 2.4
    endloop
  endfacet
  facet normal -0.935908 -0.352245 0
    outer loop
      vertex 25.4991 10.5621 20.4
      vertex 26.1353 8.87173 2.4
      vertex 26.1353 8.87173 20.4
    endloop
  endfacet
  facet normal -0.956938 -0.290293 0
    outer loop
      vertex 26.6596 7.1434 2.4
      vertex 26.1353 8.87173 20.4
      vertex 26.1353 8.87173 2.4
    endloop
  endfacet
  facet normal -0.956938 -0.290293 0
    outer loop
      vertex 26.1353 8.87173 20.4
      vertex 26.6596 7.1434 2.4
      vertex 26.6596 7.1434 20.4
    endloop
  endfacet
  facet normal -0.986644 0.162893 0
    outer loop
      vertex 27.0697 -5.38449 2.4
      vertex 27.3639 -3.60252 4.4
      vertex 27.3639 -3.60252 2.4
    endloop
  endfacet
  facet normal -0.986644 0.162893 0
    outer loop
      vertex 27.3639 -3.60252 4.4
      vertex 27.0697 -5.38449 2.4
      vertex 27.0697 -5.38449 4.4
    endloop
  endfacet
  facet normal -0.986644 0.162893 0
    outer loop
      vertex 27.0697 -5.38449 9.4
      vertex 27.3639 -3.60252 20.4
      vertex 27.3639 -3.60252 9.4
    endloop
  endfacet
  facet normal -0.986644 0.162893 0
    outer loop
      vertex 27.3639 -3.60252 20.4
      vertex 27.0697 -5.38449 9.4
      vertex 27.0697 -5.38449 20.4
    endloop
  endfacet
  facet normal -0.47141 0.881914 0
    outer loop
      vertex 13.8 -23.9023 2.4
      vertex 12.2072 -24.7537 20.4
      vertex 13.8 -23.9023 20.4
    endloop
  endfacet
  facet normal -0.47141 0.881914 0
    outer loop
      vertex 12.2072 -24.7537 20.4
      vertex 13.8 -23.9023 2.4
      vertex 12.2072 -24.7537 2.4
    endloop
  endfacet
  facet normal -0.812853 -0.582468 0
    outer loop
      vertex 22.9486 15.3337 2.4
      vertex 21.8966 16.8018 20.4
      vertex 21.8966 16.8018 2.4
    endloop
  endfacet
  facet normal -0.812853 -0.582468 0
    outer loop
      vertex 21.8966 16.8018 20.4
      vertex 22.9486 15.3337 2.4
      vertex 22.9486 15.3337 20.4
    endloop
  endfacet
  facet normal -0.772997 0.63441 0
    outer loop
      vertex 20.7508 -18.1979 2.4
      vertex 21.8966 -16.8018 20.4
      vertex 21.8966 -16.8018 2.4
    endloop
  endfacet
  facet normal -0.772997 0.63441 0
    outer loop
      vertex 21.8966 -16.8018 20.4
      vertex 20.7508 -18.1979 2.4
      vertex 20.7508 -18.1979 20.4
    endloop
  endfacet
  facet normal -0.352245 -0.935908 0
    outer loop
      vertex 8.87173 26.1353 2.4
      vertex 10.5621 25.4991 20.4
      vertex 8.87173 26.1353 20.4
    endloop
  endfacet
  facet normal -0.352245 -0.935908 -0
    outer loop
      vertex 10.5621 25.4991 20.4
      vertex 8.87173 26.1353 2.4
      vertex 10.5621 25.4991 2.4
    endloop
  endfacet
  facet normal -0.683613 0.729844 0
    outer loop
      vertex 19.5161 -19.5161 2.4
      vertex 18.1979 -20.7508 20.4
      vertex 19.5161 -19.5161 20.4
    endloop
  endfacet
  facet normal -0.683613 0.729844 0
    outer loop
      vertex 18.1979 -20.7508 20.4
      vertex 19.5161 -19.5161 2.4
      vertex 18.1979 -20.7508 2.4
    endloop
  endfacet
  facet normal -0.227066 0.973879 0
    outer loop
      vertex 7.1434 -26.6596 2.4
      vertex 5.38449 -27.0697 20.4
      vertex 7.1434 -26.6596 20.4
    endloop
  endfacet
  facet normal -0.227066 0.973879 0
    outer loop
      vertex 5.38449 -27.0697 20.4
      vertex 7.1434 -26.6596 2.4
      vertex 5.38449 -27.0697 2.4
    endloop
  endfacet
  facet normal -0.881914 0.47141 0
    outer loop
      vertex 23.9023 -13.8 2.4
      vertex 24.7537 -12.2072 20.4
      vertex 24.7537 -12.2072 2.4
    endloop
  endfacet
  facet normal -0.881914 0.47141 0
    outer loop
      vertex 24.7537 -12.2072 20.4
      vertex 23.9023 -13.8 2.4
      vertex 23.9023 -13.8 20.4
    endloop
  endfacet
  facet normal 0.995186 -0.0980021 0
    outer loop
      vertex -27.5409 1.80513 20.4
      vertex -27.3639 3.60252 2.4
      vertex -27.3639 3.60252 20.4
    endloop
  endfacet
  facet normal 0.995186 -0.0980021 0
    outer loop
      vertex -27.3639 3.60252 2.4
      vertex -27.5409 1.80513 20.4
      vertex -27.5409 1.80513 2.4
    endloop
  endfacet
  facet normal -0.63441 -0.772997 0
    outer loop
      vertex 16.8018 21.8966 2.4
      vertex 18.1979 20.7508 20.4
      vertex 16.8018 21.8966 20.4
    endloop
  endfacet
  facet normal -0.63441 -0.772997 -0
    outer loop
      vertex 18.1979 20.7508 20.4
      vertex 16.8018 21.8966 2.4
      vertex 18.1979 20.7508 2.4
    endloop
  endfacet
  facet normal -0.412714 -0.910861 0
    outer loop
      vertex 10.5621 25.4991 2.4
      vertex 12.2072 24.7537 20.4
      vertex 10.5621 25.4991 20.4
    endloop
  endfacet
  facet normal -0.412714 -0.910861 -0
    outer loop
      vertex 12.2072 24.7537 20.4
      vertex 10.5621 25.4991 2.4
      vertex 12.2072 24.7537 2.4
    endloop
  endfacet
  facet normal 0.956938 0.290293 0
    outer loop
      vertex -26.1353 -8.87173 20.4
      vertex -26.6596 -7.1434 2.4
      vertex -26.6596 -7.1434 20.4
    endloop
  endfacet
  facet normal 0.956938 0.290293 0
    outer loop
      vertex -26.6596 -7.1434 2.4
      vertex -26.1353 -8.87173 20.4
      vertex -26.1353 -8.87173 2.4
    endloop
  endfacet
  facet normal 0.849206 -0.528061 0
    outer loop
      vertex -23.9023 13.8 20.4
      vertex -22.9486 15.3337 16.4
      vertex -22.9486 15.3337 20.4
    endloop
  endfacet
  facet normal 0.849206 -0.528061 0
    outer loop
      vertex -22.9486 15.3337 16.4
      vertex -23.9023 13.8 20.4
      vertex -23.9023 13.8 16.4
    endloop
  endfacet
  facet normal 0.162893 0.986644 -0
    outer loop
      vertex -3.60252 -27.3639 2.4
      vertex -5.38449 -27.0697 20.4
      vertex -3.60252 -27.3639 20.4
    endloop
  endfacet
  facet normal 0.162893 0.986644 0
    outer loop
      vertex -5.38449 -27.0697 20.4
      vertex -3.60252 -27.3639 2.4
      vertex -5.38449 -27.0697 2.4
    endloop
  endfacet
  facet normal 0.973879 0.227066 0
    outer loop
      vertex -26.6596 -7.1434 20.4
      vertex -27.0697 -5.38449 2.4
      vertex -27.0697 -5.38449 20.4
    endloop
  endfacet
  facet normal 0.973879 0.227066 0
    outer loop
      vertex -27.0697 -5.38449 2.4
      vertex -26.6596 -7.1434 20.4
      vertex -26.6596 -7.1434 2.4
    endloop
  endfacet
  facet normal 0.772997 0.63441 0
    outer loop
      vertex -20.7508 -18.1979 20.4
      vertex -21.8966 -16.8018 2.4
      vertex -21.8966 -16.8018 20.4
    endloop
  endfacet
  facet normal 0.772997 0.63441 0
    outer loop
      vertex -21.8966 -16.8018 2.4
      vertex -20.7508 -18.1979 20.4
      vertex -20.7508 -18.1979 2.4
    endloop
  endfacet
  facet normal -0.995186 0.0980021 0
    outer loop
      vertex 27.3639 -3.60252 2.4
      vertex 27.5409 -1.80513 4.4
      vertex 27.5409 -1.80513 2.4
    endloop
  endfacet
  facet normal -0.995186 0.0980021 0
    outer loop
      vertex 27.5409 -1.80513 4.4
      vertex 27.3639 -3.60252 2.4
      vertex 27.3639 -3.60252 4.4
    endloop
  endfacet
  facet normal -0.995186 0.0980021 0
    outer loop
      vertex 27.3639 -3.60252 9.4
      vertex 27.5409 -1.80513 20.4
      vertex 27.5409 -1.80513 9.4
    endloop
  endfacet
  facet normal -0.995186 0.0980021 0
    outer loop
      vertex 27.5409 -1.80513 20.4
      vertex 27.3639 -3.60252 9.4
      vertex 27.3639 -3.60252 20.4
    endloop
  endfacet
  facet normal 0.162893 -0.986644 0
    outer loop
      vertex -5.38449 27.0697 2.4
      vertex -3.60252 27.3639 20.4
      vertex -5.38449 27.0697 20.4
    endloop
  endfacet
  facet normal 0.162893 -0.986644 0
    outer loop
      vertex -3.60252 27.3639 20.4
      vertex -5.38449 27.0697 2.4
      vertex -3.60252 27.3639 2.4
    endloop
  endfacet
  facet normal 0.352245 -0.935908 0
    outer loop
      vertex -10.5621 25.4991 2.4
      vertex -8.87173 26.1353 20.4
      vertex -10.5621 25.4991 20.4
    endloop
  endfacet
  facet normal 0.352245 -0.935908 0
    outer loop
      vertex -8.87173 26.1353 20.4
      vertex -10.5621 25.4991 2.4
      vertex -8.87173 26.1353 2.4
    endloop
  endfacet
  facet normal -0.683613 -0.729844 0
    outer loop
      vertex 18.1979 20.7508 2.4
      vertex 19.5161 19.5161 20.4
      vertex 18.1979 20.7508 20.4
    endloop
  endfacet
  facet normal -0.683613 -0.729844 -0
    outer loop
      vertex 19.5161 19.5161 20.4
      vertex 18.1979 20.7508 2.4
      vertex 19.5161 19.5161 2.4
    endloop
  endfacet
  facet normal 0.812853 -0.582468 0
    outer loop
      vertex -22.9486 15.3337 20.4
      vertex -21.8966 16.8018 16.4
      vertex -21.8966 16.8018 20.4
    endloop
  endfacet
  facet normal 0.812853 -0.582468 0
    outer loop
      vertex -21.8966 16.8018 16.4
      vertex -22.9486 15.3337 20.4
      vertex -22.9486 15.3337 16.4
    endloop
  endfacet
  facet normal 0.412714 0.910861 -0
    outer loop
      vertex -10.5621 -25.4991 2.4
      vertex -12.2072 -24.7537 20.4
      vertex -10.5621 -25.4991 20.4
    endloop
  endfacet
  facet normal 0.412714 0.910861 0
    outer loop
      vertex -12.2072 -24.7537 20.4
      vertex -10.5621 -25.4991 2.4
      vertex -12.2072 -24.7537 2.4
    endloop
  endfacet
  facet normal 0.227066 0.973879 -0
    outer loop
      vertex -5.38449 -27.0697 2.4
      vertex -7.1434 -26.6596 20.4
      vertex -5.38449 -27.0697 20.4
    endloop
  endfacet
  facet normal 0.227066 0.973879 0
    outer loop
      vertex -7.1434 -26.6596 20.4
      vertex -5.38449 -27.0697 2.4
      vertex -7.1434 -26.6596 2.4
    endloop
  endfacet
  facet normal 0.986644 0.162893 0
    outer loop
      vertex -27.0697 -5.38449 20.4
      vertex -27.3639 -3.60252 2.4
      vertex -27.3639 -3.60252 20.4
    endloop
  endfacet
  facet normal 0.986644 0.162893 0
    outer loop
      vertex -27.3639 -3.60252 2.4
      vertex -27.0697 -5.38449 20.4
      vertex -27.0697 -5.38449 2.4
    endloop
  endfacet
  facet normal 0.0980021 -0.995186 0
    outer loop
      vertex -3.60252 27.3639 2.4
      vertex -1.80513 27.5409 20.4
      vertex -3.60252 27.3639 20.4
    endloop
  endfacet
  facet normal 0.0980021 -0.995186 0
    outer loop
      vertex -1.80513 27.5409 20.4
      vertex -3.60252 27.3639 2.4
      vertex -1.80513 27.5409 2.4
    endloop
  endfacet
  facet normal -0.63441 0.772997 0
    outer loop
      vertex 18.1979 -20.7508 2.4
      vertex 16.8018 -21.8966 20.4
      vertex 18.1979 -20.7508 20.4
    endloop
  endfacet
  facet normal -0.63441 0.772997 0
    outer loop
      vertex 16.8018 -21.8966 20.4
      vertex 18.1979 -20.7508 2.4
      vertex 16.8018 -21.8966 2.4
    endloop
  endfacet
  facet normal 0.227066 -0.973879 0
    outer loop
      vertex -7.1434 26.6596 2.4
      vertex -5.38449 27.0697 20.4
      vertex -7.1434 26.6596 20.4
    endloop
  endfacet
  facet normal 0.227066 -0.973879 0
    outer loop
      vertex -5.38449 27.0697 20.4
      vertex -7.1434 26.6596 2.4
      vertex -5.38449 27.0697 2.4
    endloop
  endfacet
  facet normal -0.973883 0.227051 0
    outer loop
      vertex 27.0697 -5.38449 2.4
      vertex 26.9262 -6 4.4
      vertex 27.0697 -5.38449 4.4
    endloop
  endfacet
  facet normal -0.973878 0.227073 0
    outer loop
      vertex 26.9262 -6 4.4
      vertex 26.6596 -7.1434 2.4
      vertex 26.9262 -6 9.4
    endloop
  endfacet
  facet normal -0.973879 0.227066 4.72458e-06
    outer loop
      vertex 26.6596 -7.1434 2.4
      vertex 26.9262 -6 4.4
      vertex 27.0697 -5.38449 2.4
    endloop
  endfacet
  facet normal -0.973883 0.227051 0
    outer loop
      vertex 26.9262 -6 9.4
      vertex 27.0697 -5.38449 20.4
      vertex 27.0697 -5.38449 9.4
    endloop
  endfacet
  facet normal -0.973878 0.227073 0
    outer loop
      vertex 26.6596 -7.1434 20.4
      vertex 26.9262 -6 9.4
      vertex 26.6596 -7.1434 2.4
    endloop
  endfacet
  facet normal -0.973879 0.227066 -8.59015e-07
    outer loop
      vertex 26.9262 -6 9.4
      vertex 26.6596 -7.1434 20.4
      vertex 27.0697 -5.38449 20.4
    endloop
  endfacet
  facet normal 0.999464 0.0327225 0
    outer loop
      vertex -27.5409 -1.80513 20.4
      vertex -27.6 0 2.4
      vertex -27.6 0 20.4
    endloop
  endfacet
  facet normal 0.999464 0.0327225 0
    outer loop
      vertex -27.6 0 2.4
      vertex -27.5409 -1.80513 20.4
      vertex -27.5409 -1.80513 2.4
    endloop
  endfacet
  facet normal -0.412714 0.910861 0
    outer loop
      vertex 12.2072 -24.7537 2.4
      vertex 10.5621 -25.4991 20.4
      vertex 12.2072 -24.7537 20.4
    endloop
  endfacet
  facet normal -0.412714 0.910861 0
    outer loop
      vertex 10.5621 -25.4991 20.4
      vertex 12.2072 -24.7537 2.4
      vertex 10.5621 -25.4991 2.4
    endloop
  endfacet
  facet normal 0.812853 0.582468 0
    outer loop
      vertex -21.8966 -16.8018 20.4
      vertex -22.9486 -15.3337 2.4
      vertex -22.9486 -15.3337 20.4
    endloop
  endfacet
  facet normal 0.812853 0.582468 0
    outer loop
      vertex -22.9486 -15.3337 2.4
      vertex -21.8966 -16.8018 20.4
      vertex -21.8966 -16.8018 2.4
    endloop
  endfacet
  facet normal 0.352245 0.935908 -0
    outer loop
      vertex -8.87173 -26.1353 2.4
      vertex -10.5621 -25.4991 20.4
      vertex -8.87173 -26.1353 20.4
    endloop
  endfacet
  facet normal 0.352245 0.935908 0
    outer loop
      vertex -10.5621 -25.4991 20.4
      vertex -8.87173 -26.1353 2.4
      vertex -10.5621 -25.4991 2.4
    endloop
  endfacet
  facet normal 0 0 1
    outer loop
      vertex -17 6.22987 2.4
      vertex -17.3294 6.30667 2.4
      vertex -17 -10 2.4
    endloop
  endfacet
  facet normal -0 0 1
    outer loop
      vertex -6.17293 13.2442 2.4
      vertex 15 10 2.4
      vertex -6.077 13.8253 2.4
    endloop
  endfacet
  facet normal -0 0 1
    outer loop
      vertex -6.30667 12.6706 2.4
      vertex 15 10 2.4
      vertex -6.17293 13.2442 2.4
    endloop
  endfacet
  facet normal -0 0 1
    outer loop
      vertex -6.47763 12.107 2.4
      vertex 15 10 2.4
      vertex -6.30667 12.6706 2.4
    endloop
  endfacet
  facet normal -0 0 1
    outer loop
      vertex -6.68508 11.5558 2.4
      vertex 15 10 2.4
      vertex -6.47763 12.107 2.4
    endloop
  endfacet
  facet normal -0 0 1
    outer loop
      vertex -6.92814 11.0194 2.4
      vertex 15 10 2.4
      vertex -6.68508 11.5558 2.4
    endloop
  endfacet
  facet normal -0 0 1
    outer loop
      vertex -7.20577 10.5 2.4
      vertex 15 10 2.4
      vertex -6.92814 11.0194 2.4
    endloop
  endfacet
  facet normal 0 0 1
    outer loop
      vertex -7.51677 9.99987 2.4
      vertex 15 10 2.4
      vertex -7.20577 10.5 2.4
    endloop
  endfacet
  facet normal 0 0 1
    outer loop
      vertex -7.85982 9.52115 2.4
      vertex 15 10 2.4
      vertex -7.51677 9.99987 2.4
    endloop
  endfacet
  facet normal 0 0 1
    outer loop
      vertex 15 10 2.4
      vertex -7.85982 9.52115 2.4
      vertex 15 -10 2.4
    endloop
  endfacet
  facet normal -0 0 1
    outer loop
      vertex -8.23344 9.06589 2.4
      vertex 15 -10 2.4
      vertex -7.85982 9.52115 2.4
    endloop
  endfacet
  facet normal -0 0 1
    outer loop
      vertex -8.63604 8.63604 2.4
      vertex 15 -10 2.4
      vertex -8.23344 9.06589 2.4
    endloop
  endfacet
  facet normal -0 0 1
    outer loop
      vertex -9.06589 8.23344 2.4
      vertex 15 -10 2.4
      vertex -8.63604 8.63604 2.4
    endloop
  endfacet
  facet normal 0 0 1
    outer loop
      vertex 15 -10 2.4
      vertex -15 -10 2.4
      vertex -5.38449 -27.0697 2.4
    endloop
  endfacet
  facet normal 0 0 1
    outer loop
      vertex -5.38449 -27.0697 2.4
      vertex -15 -10 2.4
      vertex -7.1434 -26.6596 2.4
    endloop
  endfacet
  facet normal -0 0 1
    outer loop
      vertex -9.52115 7.85982 2.4
      vertex 15 -10 2.4
      vertex -9.06589 8.23344 2.4
    endloop
  endfacet
  facet normal 0 0 1
    outer loop
      vertex 15 -10 2.4
      vertex -9.52115 7.85982 2.4
      vertex -15 -10 2.4
    endloop
  endfacet
  facet normal 0 0 1
    outer loop
      vertex -15 -10 2.4
      vertex -9.52115 7.85982 2.4
      vertex -9.99987 7.51677 2.4
    endloop
  endfacet
  facet normal 0 0 1
    outer loop
      vertex -15 -10 2.4
      vertex -9.99987 7.51677 2.4
      vertex -10.5 7.20577 2.4
    endloop
  endfacet
  facet normal 0 0 1
    outer loop
      vertex -7.1434 -26.6596 2.4
      vertex -15 -10 2.4
      vertex -8.87173 -26.1353 2.4
    endloop
  endfacet
  facet normal 0 0 1
    outer loop
      vertex -15 -10 2.4
      vertex -10.5 7.20577 2.4
      vertex -11.0194 6.92814 2.4
    endloop
  endfacet
  facet normal 0 0 1
    outer loop
      vertex -15 -10 2.4
      vertex -11.0194 6.92814 2.4
      vertex -11.5558 6.68508 2.4
    endloop
  endfacet
  facet normal 0 0 1
    outer loop
      vertex -15 -10 2.4
      vertex -11.5558 6.68508 2.4
      vertex -12.107 6.47763 2.4
    endloop
  endfacet
  facet normal 0 0 1
    outer loop
      vertex -8.87173 -26.1353 2.4
      vertex -15 -10 2.4
      vertex -10.5621 -25.4991 2.4
    endloop
  endfacet
  facet normal 0 0 1
    outer loop
      vertex -15 -10 2.4
      vertex -12.107 6.47763 2.4
      vertex -12.6706 6.30667 2.4
    endloop
  endfacet
  facet normal 0 0 1
    outer loop
      vertex -15 -10 2.4
      vertex -12.6706 6.30667 2.4
      vertex -13.2442 6.17293 2.4
    endloop
  endfacet
  facet normal 0 0 1
    outer loop
      vertex -10.5621 -25.4991 2.4
      vertex -15 -10 2.4
      vertex -12.2072 -24.7537 2.4
    endloop
  endfacet
  facet normal 0 0 1
    outer loop
      vertex -15 -10 2.4
      vertex -13.2442 6.17293 2.4
      vertex -13.8253 6.077 2.4
    endloop
  endfacet
  facet normal 0 0 1
    outer loop
      vertex -15 -10 2.4
      vertex -13.8253 6.077 2.4
      vertex -14.4114 6.01927 2.4
    endloop
  endfacet
  facet normal 0 0 1
    outer loop
      vertex -15 -10 2.4
      vertex -14.4114 6.01927 2.4
      vertex -15 6 2.4
    endloop
  endfacet
  facet normal 0 0 1
    outer loop
      vertex -12.2072 -24.7537 2.4
      vertex -15 -10 2.4
      vertex -13.8 -23.9023 2.4
    endloop
  endfacet
  facet normal 0 0 1
    outer loop
      vertex -15 -10 2.4
      vertex -15.3337 -22.9486 2.4
      vertex -13.8 -23.9023 2.4
    endloop
  endfacet
  facet normal 0 0 1
    outer loop
      vertex -15 -10 2.4
      vertex -16.8018 -21.8966 2.4
      vertex -15.3337 -22.9486 2.4
    endloop
  endfacet
  facet normal 0 0 1
    outer loop
      vertex -19.5161 -19.5161 2.4
      vertex -15 -10 2.4
      vertex -17 -10 2.4
    endloop
  endfacet
  facet normal -0 0 1
    outer loop
      vertex -27.3639 -3.60252 2.4
      vertex -17 -10 2.4
      vertex -17.3294 6.30667 2.4
    endloop
  endfacet
  facet normal 0 0 1
    outer loop
      vertex -27.5409 -1.80513 2.4
      vertex -17.3294 6.30667 2.4
      vertex -17.893 6.47763 2.4
    endloop
  endfacet
  facet normal 0 0 1
    outer loop
      vertex -15 -10 2.4
      vertex -18.1979 -20.7508 2.4
      vertex -16.8018 -21.8966 2.4
    endloop
  endfacet
  facet normal 0 0 1
    outer loop
      vertex -27.6 0 2.4
      vertex -17.893 6.47763 2.4
      vertex -18.4441 6.68508 2.4
    endloop
  endfacet
  facet normal 0 0 1
    outer loop
      vertex -27.5409 1.80513 2.4
      vertex -18.4441 6.68508 2.4
      vertex -18.9806 6.92814 2.4
    endloop
  endfacet
  facet normal 0 0 1
    outer loop
      vertex -27.5409 1.80513 2.4
      vertex -18.9806 6.92814 2.4
      vertex -19.5 7.20577 2.4
    endloop
  endfacet
  facet normal 0 0 1
    outer loop
      vertex -15 -10 2.4
      vertex -19.5161 -19.5161 2.4
      vertex -18.1979 -20.7508 2.4
    endloop
  endfacet
  facet normal 0 0 1
    outer loop
      vertex -27.3639 3.60252 2.4
      vertex -19.5 7.20577 2.4
      vertex -20.0001 7.51677 2.4
    endloop
  endfacet
  facet normal 0 0 1
    outer loop
      vertex -27.0697 5.38449 2.4
      vertex -20.0001 7.51677 2.4
      vertex -20.4789 7.85982 2.4
    endloop
  endfacet
  facet normal 0 0 1
    outer loop
      vertex -17 -10 2.4
      vertex -20.7508 -18.1979 2.4
      vertex -19.5161 -19.5161 2.4
    endloop
  endfacet
  facet normal 0 0 1
    outer loop
      vertex -27.0697 5.38449 2.4
      vertex -20.4789 7.85982 2.4
      vertex -20.9341 8.23344 2.4
    endloop
  endfacet
  facet normal 0 0 1
    outer loop
      vertex -26.6596 7.1434 2.4
      vertex -20.9341 8.23344 2.4
      vertex -21.364 8.63604 2.4
    endloop
  endfacet
  facet normal 0 0 1
    outer loop
      vertex -26.6596 7.1434 2.4
      vertex -21.364 8.63604 2.4
      vertex -21.7666 9.06589 2.4
    endloop
  endfacet
  facet normal 0 0 1
    outer loop
      vertex -17 -10 2.4
      vertex -21.8966 -16.8018 2.4
      vertex -20.7508 -18.1979 2.4
    endloop
  endfacet
  facet normal 0 0 1
    outer loop
      vertex -26.1353 8.87173 2.4
      vertex -21.7666 9.06589 2.4
      vertex -22.1402 9.52115 2.4
    endloop
  endfacet
  facet normal 0 0 1
    outer loop
      vertex -26.1353 8.87173 2.4
      vertex -22.1402 9.52115 2.4
      vertex -22.4832 9.99987 2.4
    endloop
  endfacet
  facet normal 0 0 1
    outer loop
      vertex -25.4991 10.5621 2.4
      vertex -22.4832 9.99987 2.4
      vertex -22.7942 10.5 2.4
    endloop
  endfacet
  facet normal 0 0 1
    outer loop
      vertex -17 -10 2.4
      vertex -22.9486 -15.3337 2.4
      vertex -21.8966 -16.8018 2.4
    endloop
  endfacet
  facet normal -0 0 1
    outer loop
      vertex -25.4991 10.5621 2.4
      vertex -22.7942 10.5 2.4
      vertex -23.0719 11.0194 2.4
    endloop
  endfacet
  facet normal 0 0 1
    outer loop
      vertex -25.4991 10.5621 2.4
      vertex -23.0719 11.0194 2.4
      vertex -23.3149 11.5558 2.4
    endloop
  endfacet
  facet normal 0 0 1
    outer loop
      vertex -24.7537 12.2072 2.4
      vertex -23.3149 11.5558 2.4
      vertex -23.5224 12.107 2.4
    endloop
  endfacet
  facet normal -0 0 1
    outer loop
      vertex -24.7537 12.2072 2.4
      vertex -23.5224 12.107 2.4
      vertex -23.6933 12.6706 2.4
    endloop
  endfacet
  facet normal 0 0 1
    outer loop
      vertex -24.7537 12.2072 2.4
      vertex -23.6933 12.6706 2.4
      vertex -23.8271 13.2442 2.4
    endloop
  endfacet
  facet normal 0 0 1
    outer loop
      vertex -17 -10 2.4
      vertex -23.9023 -13.8 2.4
      vertex -22.9486 -15.3337 2.4
    endloop
  endfacet
  facet normal 0 0 1
    outer loop
      vertex -24.7537 12.2072 2.4
      vertex -23.8271 13.2442 2.4
      vertex -23.9149 13.7764 2.4
    endloop
  endfacet
  facet normal 0 0 1
    outer loop
      vertex -23.3149 11.5558 2.4
      vertex -24.7537 12.2072 2.4
      vertex -25.4991 10.5621 2.4
    endloop
  endfacet
  facet normal 0 0 1
    outer loop
      vertex -17 -10 2.4
      vertex -24.7537 -12.2072 2.4
      vertex -23.9023 -13.8 2.4
    endloop
  endfacet
  facet normal 0 0 1
    outer loop
      vertex -22.4832 9.99987 2.4
      vertex -25.4991 10.5621 2.4
      vertex -26.1353 8.87173 2.4
    endloop
  endfacet
  facet normal 0 0 1
    outer loop
      vertex -17 -10 2.4
      vertex -25.4991 -10.5621 2.4
      vertex -24.7537 -12.2072 2.4
    endloop
  endfacet
  facet normal 0 0 1
    outer loop
      vertex -21.7666 9.06589 2.4
      vertex -26.1353 8.87173 2.4
      vertex -26.6596 7.1434 2.4
    endloop
  endfacet
  facet normal 0 0 1
    outer loop
      vertex -17 -10 2.4
      vertex -26.1353 -8.87173 2.4
      vertex -25.4991 -10.5621 2.4
    endloop
  endfacet
  facet normal 0 0 1
    outer loop
      vertex -20.9341 8.23344 2.4
      vertex -26.6596 7.1434 2.4
      vertex -27.0697 5.38449 2.4
    endloop
  endfacet
  facet normal 0 0 1
    outer loop
      vertex -17 -10 2.4
      vertex -26.6596 -7.1434 2.4
      vertex -26.1353 -8.87173 2.4
    endloop
  endfacet
  facet normal 0 0 1
    outer loop
      vertex -20.0001 7.51677 2.4
      vertex -27.0697 5.38449 2.4
      vertex -27.3639 3.60252 2.4
    endloop
  endfacet
  facet normal 0 0 1
    outer loop
      vertex -17 -10 2.4
      vertex -27.0697 -5.38449 2.4
      vertex -26.6596 -7.1434 2.4
    endloop
  endfacet
  facet normal 0 0 1
    outer loop
      vertex -19.5 7.20577 2.4
      vertex -27.3639 3.60252 2.4
      vertex -27.5409 1.80513 2.4
    endloop
  endfacet
  facet normal 0 0 1
    outer loop
      vertex -17 -10 2.4
      vertex -27.3639 -3.60252 2.4
      vertex -27.0697 -5.38449 2.4
    endloop
  endfacet
  facet normal 0 0 1
    outer loop
      vertex -18.4441 6.68508 2.4
      vertex -27.5409 1.80513 2.4
      vertex -27.6 0 2.4
    endloop
  endfacet
  facet normal 0 0 1
    outer loop
      vertex -17.3294 6.30667 2.4
      vertex -27.5409 -1.80513 2.4
      vertex -27.3639 -3.60252 2.4
    endloop
  endfacet
  facet normal 0 0 1
    outer loop
      vertex -17.893 6.47763 2.4
      vertex -27.6 0 2.4
      vertex -27.5409 -1.80513 2.4
    endloop
  endfacet
  facet normal 0 0 1
    outer loop
      vertex 17 10 2.4
      vertex 27.6 0 2.4
      vertex 27.5409 1.80513 2.4
    endloop
  endfacet
  facet normal 0 0 1
    outer loop
      vertex 17 10 2.4
      vertex 27.5409 1.80513 2.4
      vertex 27.3639 3.60252 2.4
    endloop
  endfacet
  facet normal 0 0 1
    outer loop
      vertex 17 -10 2.4
      vertex 27.6 0 2.4
      vertex 17 10 2.4
    endloop
  endfacet
  facet normal 0 0 1
    outer loop
      vertex 17 10 2.4
      vertex 27.3639 3.60252 2.4
      vertex 27.0697 5.38449 2.4
    endloop
  endfacet
  facet normal 0 0 1
    outer loop
      vertex 27.6 0 2.4
      vertex 17 -10 2.4
      vertex 27.5409 -1.80513 2.4
    endloop
  endfacet
  facet normal 0 0 1
    outer loop
      vertex 17 10 2.4
      vertex 27.0697 5.38449 2.4
      vertex 26.6596 7.1434 2.4
    endloop
  endfacet
  facet normal 0 0 1
    outer loop
      vertex 27.5409 -1.80513 2.4
      vertex 17 -10 2.4
      vertex 27.3639 -3.60252 2.4
    endloop
  endfacet
  facet normal 0 0 1
    outer loop
      vertex 17 10 2.4
      vertex 26.6596 7.1434 2.4
      vertex 26.1353 8.87173 2.4
    endloop
  endfacet
  facet normal 0 0 1
    outer loop
      vertex 27.3639 -3.60252 2.4
      vertex 17 -10 2.4
      vertex 27.0697 -5.38449 2.4
    endloop
  endfacet
  facet normal -0 0 1
    outer loop
      vertex 17 10 2.4
      vertex 26.1353 8.87173 2.4
      vertex 25.4991 10.5621 2.4
    endloop
  endfacet
  facet normal 0 0 1
    outer loop
      vertex 27.0697 -5.38449 2.4
      vertex 17 -10 2.4
      vertex 26.6596 -7.1434 2.4
    endloop
  endfacet
  facet normal 0 0 1
    outer loop
      vertex 17 10 2.4
      vertex 25.4991 10.5621 2.4
      vertex 24.7537 12.2072 2.4
    endloop
  endfacet
  facet normal 0 0 1
    outer loop
      vertex 26.6596 -7.1434 2.4
      vertex 17 -10 2.4
      vertex 26.1353 -8.87173 2.4
    endloop
  endfacet
  facet normal 0 0 1
    outer loop
      vertex 17 10 2.4
      vertex 24.7537 12.2072 2.4
      vertex 23.9023 13.8 2.4
    endloop
  endfacet
  facet normal 0 0 1
    outer loop
      vertex 26.1353 -8.87173 2.4
      vertex 17 -10 2.4
      vertex 25.4991 -10.5621 2.4
    endloop
  endfacet
  facet normal 0 0 1
    outer loop
      vertex 17 10 2.4
      vertex 23.9023 13.8 2.4
      vertex 22.9486 15.3337 2.4
    endloop
  endfacet
  facet normal 0 0 1
    outer loop
      vertex 25.4991 -10.5621 2.4
      vertex 17 -10 2.4
      vertex 24.7537 -12.2072 2.4
    endloop
  endfacet
  facet normal 0 0 1
    outer loop
      vertex 17 10 2.4
      vertex 22.9486 15.3337 2.4
      vertex 21.8966 16.8018 2.4
    endloop
  endfacet
  facet normal 0 0 1
    outer loop
      vertex 24.7537 -12.2072 2.4
      vertex 17 -10 2.4
      vertex 23.9023 -13.8 2.4
    endloop
  endfacet
  facet normal 0 0 1
    outer loop
      vertex 17 10 2.4
      vertex 21.8966 16.8018 2.4
      vertex 20.7508 18.1979 2.4
    endloop
  endfacet
  facet normal 0 0 1
    outer loop
      vertex 23.9023 -13.8 2.4
      vertex 17 -10 2.4
      vertex 22.9486 -15.3337 2.4
    endloop
  endfacet
  facet normal 0 0 1
    outer loop
      vertex 17 10 2.4
      vertex 20.7508 18.1979 2.4
      vertex 19.5161 19.5161 2.4
    endloop
  endfacet
  facet normal 0 0 1
    outer loop
      vertex 22.9486 -15.3337 2.4
      vertex 17 -10 2.4
      vertex 21.8966 -16.8018 2.4
    endloop
  endfacet
  facet normal 0 0 1
    outer loop
      vertex 15 10 2.4
      vertex 19.5161 19.5161 2.4
      vertex 18.1979 20.7508 2.4
    endloop
  endfacet
  facet normal 0 0 1
    outer loop
      vertex 21.8966 -16.8018 2.4
      vertex 17 -10 2.4
      vertex 20.7508 -18.1979 2.4
    endloop
  endfacet
  facet normal 0 0 1
    outer loop
      vertex 20.7508 -18.1979 2.4
      vertex 17 -10 2.4
      vertex 19.5161 -19.5161 2.4
    endloop
  endfacet
  facet normal 0 0 1
    outer loop
      vertex 15 10 2.4
      vertex 18.1979 20.7508 2.4
      vertex 16.8018 21.8966 2.4
    endloop
  endfacet
  facet normal 0 0 1
    outer loop
      vertex 15 10 2.4
      vertex 16.8018 21.8966 2.4
      vertex 15.3337 22.9486 2.4
    endloop
  endfacet
  facet normal 0 0 1
    outer loop
      vertex 19.5161 19.5161 2.4
      vertex 15 10 2.4
      vertex 17 10 2.4
    endloop
  endfacet
  facet normal 0 0 1
    outer loop
      vertex 12.2072 24.7537 2.4
      vertex 15 10 2.4
      vertex 13.8 23.9023 2.4
    endloop
  endfacet
  facet normal 0 0 1
    outer loop
      vertex 13.8 23.9023 2.4
      vertex 15 10 2.4
      vertex 15.3337 22.9486 2.4
    endloop
  endfacet
  facet normal -0 0 1
    outer loop
      vertex 15 -10 2.4
      vertex 19.5161 -19.5161 2.4
      vertex 17 -10 2.4
    endloop
  endfacet
  facet normal 0 0 1
    outer loop
      vertex 19.5161 -19.5161 2.4
      vertex 15 -10 2.4
      vertex 18.1979 -20.7508 2.4
    endloop
  endfacet
  facet normal 0 0 1
    outer loop
      vertex 18.1979 -20.7508 2.4
      vertex 15 -10 2.4
      vertex 16.8018 -21.8966 2.4
    endloop
  endfacet
  facet normal 0 0 1
    outer loop
      vertex 16.8018 -21.8966 2.4
      vertex 15 -10 2.4
      vertex 15.3337 -22.9486 2.4
    endloop
  endfacet
  facet normal -0 0 1
    outer loop
      vertex -6.01927 14.4114 2.4
      vertex 15 10 2.4
      vertex -6 15 2.4
    endloop
  endfacet
  facet normal -0 0 1
    outer loop
      vertex -6.077 13.8253 2.4
      vertex 15 10 2.4
      vertex -6.01927 14.4114 2.4
    endloop
  endfacet
  facet normal 0 0 1
    outer loop
      vertex 10.5621 25.4991 2.4
      vertex 15 10 2.4
      vertex 12.2072 24.7537 2.4
    endloop
  endfacet
  facet normal 0 0 1
    outer loop
      vertex 15 -10 2.4
      vertex 13.8 -23.9023 2.4
      vertex 15.3337 -22.9486 2.4
    endloop
  endfacet
  facet normal 0 0 1
    outer loop
      vertex 8.87173 26.1353 2.4
      vertex 15 10 2.4
      vertex 10.5621 25.4991 2.4
    endloop
  endfacet
  facet normal 0 0 1
    outer loop
      vertex 15 -10 2.4
      vertex 12.2072 -24.7537 2.4
      vertex 13.8 -23.9023 2.4
    endloop
  endfacet
  facet normal 0 0 1
    outer loop
      vertex 15 10 2.4
      vertex 8.87173 26.1353 2.4
      vertex -6 15 2.4
    endloop
  endfacet
  facet normal 0 0 1
    outer loop
      vertex 15 -10 2.4
      vertex 10.5621 -25.4991 2.4
      vertex 12.2072 -24.7537 2.4
    endloop
  endfacet
  facet normal 0 0 1
    outer loop
      vertex -6.01927 15.5886 2.4
      vertex 8.87173 26.1353 2.4
      vertex 7.1434 26.6596 2.4
    endloop
  endfacet
  facet normal 0 0 1
    outer loop
      vertex 15 -10 2.4
      vertex 8.87173 -26.1353 2.4
      vertex 10.5621 -25.4991 2.4
    endloop
  endfacet
  facet normal 0 0 1
    outer loop
      vertex -6.077 16.1747 2.4
      vertex 7.1434 26.6596 2.4
      vertex 5.38449 27.0697 2.4
    endloop
  endfacet
  facet normal 0 0 1
    outer loop
      vertex 15 -10 2.4
      vertex 7.1434 -26.6596 2.4
      vertex 8.87173 -26.1353 2.4
    endloop
  endfacet
  facet normal 0 0 1
    outer loop
      vertex -6.17293 16.7558 2.4
      vertex 5.38449 27.0697 2.4
      vertex 3.60252 27.3639 2.4
    endloop
  endfacet
  facet normal 0 0 1
    outer loop
      vertex 15 -10 2.4
      vertex 5.38449 -27.0697 2.4
      vertex 7.1434 -26.6596 2.4
    endloop
  endfacet
  facet normal 0 0 1
    outer loop
      vertex -6.30667 17.3294 2.4
      vertex 3.60252 27.3639 2.4
      vertex 1.80513 27.5409 2.4
    endloop
  endfacet
  facet normal 0 0 1
    outer loop
      vertex 15 -10 2.4
      vertex 3.60252 -27.3639 2.4
      vertex 5.38449 -27.0697 2.4
    endloop
  endfacet
  facet normal 0 0 1
    outer loop
      vertex -6.47763 17.893 2.4
      vertex 1.80513 27.5409 2.4
      vertex 0 27.6 2.4
    endloop
  endfacet
  facet normal 0 0 1
    outer loop
      vertex 15 -10 2.4
      vertex 1.80513 -27.5409 2.4
      vertex 3.60252 -27.3639 2.4
    endloop
  endfacet
  facet normal 0 0 1
    outer loop
      vertex -6.68508 18.4441 2.4
      vertex 0 27.6 2.4
      vertex -1.80513 27.5409 2.4
    endloop
  endfacet
  facet normal 0 0 1
    outer loop
      vertex 15 -10 2.4
      vertex 0 -27.6 2.4
      vertex 1.80513 -27.5409 2.4
    endloop
  endfacet
  facet normal 0 0 1
    outer loop
      vertex -7.20577 19.5 2.4
      vertex -1.80513 27.5409 2.4
      vertex -3.60252 27.3639 2.4
    endloop
  endfacet
  facet normal 0 0 1
    outer loop
      vertex 15 -10 2.4
      vertex -1.80513 -27.5409 2.4
      vertex 0 -27.6 2.4
    endloop
  endfacet
  facet normal 0 0 1
    outer loop
      vertex -7.51677 20.0001 2.4
      vertex -3.60252 27.3639 2.4
      vertex -5.38449 27.0697 2.4
    endloop
  endfacet
  facet normal 0 0 1
    outer loop
      vertex 15 -10 2.4
      vertex -3.60252 -27.3639 2.4
      vertex -1.80513 -27.5409 2.4
    endloop
  endfacet
  facet normal 0 0 1
    outer loop
      vertex 15 -10 2.4
      vertex -5.38449 -27.0697 2.4
      vertex -3.60252 -27.3639 2.4
    endloop
  endfacet
  facet normal 0 0 1
    outer loop
      vertex 8.87173 26.1353 2.4
      vertex -6.01927 15.5886 2.4
      vertex -6 15 2.4
    endloop
  endfacet
  facet normal 0 0 1
    outer loop
      vertex 7.1434 26.6596 2.4
      vertex -6.077 16.1747 2.4
      vertex -6.01927 15.5886 2.4
    endloop
  endfacet
  facet normal 0 0 1
    outer loop
      vertex 5.38449 27.0697 2.4
      vertex -6.17293 16.7558 2.4
      vertex -6.077 16.1747 2.4
    endloop
  endfacet
  facet normal 0 0 1
    outer loop
      vertex 3.60252 27.3639 2.4
      vertex -6.30667 17.3294 2.4
      vertex -6.17293 16.7558 2.4
    endloop
  endfacet
  facet normal 0 0 1
    outer loop
      vertex 1.80513 27.5409 2.4
      vertex -6.47763 17.893 2.4
      vertex -6.30667 17.3294 2.4
    endloop
  endfacet
  facet normal 0 0 1
    outer loop
      vertex 0 27.6 2.4
      vertex -6.68508 18.4441 2.4
      vertex -6.47763 17.893 2.4
    endloop
  endfacet
  facet normal 0 0 1
    outer loop
      vertex -1.80513 27.5409 2.4
      vertex -6.92814 18.9806 2.4
      vertex -6.68508 18.4441 2.4
    endloop
  endfacet
  facet normal 0 0 1
    outer loop
      vertex -8.23344 20.9341 2.4
      vertex -5.38449 27.0697 2.4
      vertex -7.1434 26.6596 2.4
    endloop
  endfacet
  facet normal 0 0 1
    outer loop
      vertex -1.80513 27.5409 2.4
      vertex -7.20577 19.5 2.4
      vertex -6.92814 18.9806 2.4
    endloop
  endfacet
  facet normal 0 0 1
    outer loop
      vertex -3.60252 27.3639 2.4
      vertex -7.51677 20.0001 2.4
      vertex -7.20577 19.5 2.4
    endloop
  endfacet
  facet normal 0 0 1
    outer loop
      vertex -5.38449 27.0697 2.4
      vertex -7.85982 20.4789 2.4
      vertex -7.51677 20.0001 2.4
    endloop
  endfacet
  facet normal 0 0 1
    outer loop
      vertex -5.38449 27.0697 2.4
      vertex -8.23344 20.9341 2.4
      vertex -7.85982 20.4789 2.4
    endloop
  endfacet
  facet normal 0 0 1
    outer loop
      vertex -7.1434 26.6596 2.4
      vertex -8.63604 21.364 2.4
      vertex -8.23344 20.9341 2.4
    endloop
  endfacet
  facet normal 0 0 1
    outer loop
      vertex -9.06589 21.7666 2.4
      vertex -7.1434 26.6596 2.4
      vertex -8.87173 26.1353 2.4
    endloop
  endfacet
  facet normal 0 0 1
    outer loop
      vertex -7.1434 26.6596 2.4
      vertex -9.06589 21.7666 2.4
      vertex -8.63604 21.364 2.4
    endloop
  endfacet
  facet normal 0 0 1
    outer loop
      vertex -8.87173 26.1353 2.4
      vertex -9.52115 22.1402 2.4
      vertex -9.06589 21.7666 2.4
    endloop
  endfacet
  facet normal 0 0 1
    outer loop
      vertex -8.87173 26.1353 2.4
      vertex -9.99987 22.4832 2.4
      vertex -9.52115 22.1402 2.4
    endloop
  endfacet
  facet normal -0 0 1
    outer loop
      vertex -10.5621 25.4991 2.4
      vertex -9.99987 22.4832 2.4
      vertex -8.87173 26.1353 2.4
    endloop
  endfacet
  facet normal 0 0 1
    outer loop
      vertex -9.99987 22.4832 2.4
      vertex -10.5621 25.4991 2.4
      vertex -10.5 22.7942 2.4
    endloop
  endfacet
  facet normal 0 0 1
    outer loop
      vertex -10.5621 25.4991 2.4
      vertex -11.0194 23.0719 2.4
      vertex -10.5 22.7942 2.4
    endloop
  endfacet
  facet normal 0 0 1
    outer loop
      vertex -10.5621 25.4991 2.4
      vertex -11.5558 23.3149 2.4
      vertex -11.0194 23.0719 2.4
    endloop
  endfacet
  facet normal -0 0 1
    outer loop
      vertex -12.2072 24.7537 2.4
      vertex -11.5558 23.3149 2.4
      vertex -10.5621 25.4991 2.4
    endloop
  endfacet
  facet normal 0 0 1
    outer loop
      vertex -11.5558 23.3149 2.4
      vertex -12.2072 24.7537 2.4
      vertex -12.107 23.5224 2.4
    endloop
  endfacet
  facet normal 0 0 1
    outer loop
      vertex -12.2072 24.7537 2.4
      vertex -12.6706 23.6933 2.4
      vertex -12.107 23.5224 2.4
    endloop
  endfacet
  facet normal 0 0 1
    outer loop
      vertex -12.2072 24.7537 2.4
      vertex -13.2442 23.8271 2.4
      vertex -12.6706 23.6933 2.4
    endloop
  endfacet
  facet normal 0 -0 1
    outer loop
      vertex -13.2442 23.8271 2.4
      vertex -12.2072 24.7537 2.4
      vertex -13.7764 23.9149 2.4
    endloop
  endfacet
  facet normal 0 0 -1
    outer loop
      vertex -19.7804 22.5552 2.4
      vertex -19.5 22.7942 2.4
      vertex -19.4688 22.8109 2.4
    endloop
  endfacet
  facet normal -0 0 -1
    outer loop
      vertex -19.7804 22.5552 2.4
      vertex -20.0001 22.4832 2.4
      vertex -19.5 22.7942 2.4
    endloop
  endfacet
  facet normal 0 0 -1
    outer loop
      vertex -19.7804 22.5552 2.4
      vertex -20.4789 22.1402 2.4
      vertex -20.0001 22.4832 2.4
    endloop
  endfacet
  facet normal 0 0 -1
    outer loop
      vertex -21.2132 21.2132 2.4
      vertex -20.4789 22.1402 2.4
      vertex -19.7804 22.5552 2.4
    endloop
  endfacet
  facet normal 0 0 -1
    outer loop
      vertex -20.4789 22.1402 2.4
      vertex -21.2132 21.2132 2.4
      vertex -20.9341 21.7666 2.4
    endloop
  endfacet
  facet normal 0 0 -1
    outer loop
      vertex -21.2132 21.2132 2.4
      vertex -21.364 21.364 2.4
      vertex -20.9341 21.7666 2.4
    endloop
  endfacet
  facet normal -0 0 -1
    outer loop
      vertex -21.2132 21.2132 2.4
      vertex -21.7666 20.9341 2.4
      vertex -21.364 21.364 2.4
    endloop
  endfacet
  facet normal 0 0 -1
    outer loop
      vertex -21.2132 21.2132 2.4
      vertex -22.1402 20.4789 2.4
      vertex -21.7666 20.9341 2.4
    endloop
  endfacet
  facet normal 0 0 -1
    outer loop
      vertex -22.5552 19.7804 2.4
      vertex -22.1402 20.4789 2.4
      vertex -21.2132 21.2132 2.4
    endloop
  endfacet
  facet normal 0 0 -1
    outer loop
      vertex -22.1402 20.4789 2.4
      vertex -22.5552 19.7804 2.4
      vertex -22.4832 20.0001 2.4
    endloop
  endfacet
  facet normal -0 0 -1
    outer loop
      vertex -22.5552 19.7804 2.4
      vertex -22.7942 19.5 2.4
      vertex -22.4832 20.0001 2.4
    endloop
  endfacet
  facet normal 0 -0 -1
    outer loop
      vertex -22.7942 19.5 2.4
      vertex -22.5552 19.7804 2.4
      vertex -22.8109 19.4688 2.4
    endloop
  endfacet
  facet normal 0.683613 0.729844 -0
    outer loop
      vertex -18.1979 -20.7508 2.4
      vertex -19.5161 -19.5161 20.4
      vertex -18.1979 -20.7508 20.4
    endloop
  endfacet
  facet normal 0.683613 0.729844 0
    outer loop
      vertex -19.5161 -19.5161 20.4
      vertex -18.1979 -20.7508 2.4
      vertex -19.5161 -19.5161 2.4
    endloop
  endfacet
  facet normal 0.973879 -0.227066 0
    outer loop
      vertex -27.0697 5.38449 20.4
      vertex -26.6596 7.1434 2.4
      vertex -26.6596 7.1434 20.4
    endloop
  endfacet
  facet normal 0.973879 -0.227066 0
    outer loop
      vertex -26.6596 7.1434 2.4
      vertex -27.0697 5.38449 20.4
      vertex -27.0697 5.38449 2.4
    endloop
  endfacet
  facet normal -0.0980021 0.995186 0
    outer loop
      vertex 3.60252 -27.3639 2.4
      vertex 1.80513 -27.5409 20.4
      vertex 3.60252 -27.3639 20.4
    endloop
  endfacet
  facet normal -0.0980021 0.995186 0
    outer loop
      vertex 1.80513 -27.5409 20.4
      vertex 3.60252 -27.3639 2.4
      vertex 1.80513 -27.5409 2.4
    endloop
  endfacet
  facet normal -0.352245 0.935908 0
    outer loop
      vertex 10.5621 -25.4991 2.4
      vertex 8.87173 -26.1353 20.4
      vertex 10.5621 -25.4991 20.4
    endloop
  endfacet
  facet normal -0.352245 0.935908 0
    outer loop
      vertex 8.87173 -26.1353 20.4
      vertex 10.5621 -25.4991 2.4
      vertex 8.87173 -26.1353 2.4
    endloop
  endfacet
  facet normal -0.812853 0.582468 0
    outer loop
      vertex 21.8966 -16.8018 2.4
      vertex 22.9486 -15.3337 20.4
      vertex 22.9486 -15.3337 2.4
    endloop
  endfacet
  facet normal -0.812853 0.582468 0
    outer loop
      vertex 22.9486 -15.3337 20.4
      vertex 21.8966 -16.8018 2.4
      vertex 21.8966 -16.8018 20.4
    endloop
  endfacet
  facet normal -0.0980021 -0.995186 0
    outer loop
      vertex 1.80513 27.5409 2.4
      vertex 3.60252 27.3639 20.4
      vertex 1.80513 27.5409 20.4
    endloop
  endfacet
  facet normal -0.0980021 -0.995186 -0
    outer loop
      vertex 3.60252 27.3639 20.4
      vertex 1.80513 27.5409 2.4
      vertex 3.60252 27.3639 2.4
    endloop
  endfacet
  facet normal -0.162893 0.986644 0
    outer loop
      vertex 5.38449 -27.0697 2.4
      vertex 3.60252 -27.3639 20.4
      vertex 5.38449 -27.0697 20.4
    endloop
  endfacet
  facet normal -0.162893 0.986644 0
    outer loop
      vertex 3.60252 -27.3639 20.4
      vertex 5.38449 -27.0697 2.4
      vertex 3.60252 -27.3639 2.4
    endloop
  endfacet
  facet normal -0.290293 -0.956938 0
    outer loop
      vertex 7.1434 26.6596 2.4
      vertex 8.87173 26.1353 20.4
      vertex 7.1434 26.6596 20.4
    endloop
  endfacet
  facet normal -0.290293 -0.956938 -0
    outer loop
      vertex 8.87173 26.1353 20.4
      vertex 7.1434 26.6596 2.4
      vertex 8.87173 26.1353 2.4
    endloop
  endfacet
  facet normal -0.956938 0.290293 0
    outer loop
      vertex 26.1353 -8.87173 2.4
      vertex 26.6596 -7.1434 20.4
      vertex 26.6596 -7.1434 2.4
    endloop
  endfacet
  facet normal -0.956938 0.290293 0
    outer loop
      vertex 26.6596 -7.1434 20.4
      vertex 26.1353 -8.87173 2.4
      vertex 26.1353 -8.87173 20.4
    endloop
  endfacet
  facet normal 0.935908 0.352245 0
    outer loop
      vertex -25.4991 -10.5621 20.4
      vertex -26.1353 -8.87173 2.4
      vertex -26.1353 -8.87173 20.4
    endloop
  endfacet
  facet normal 0.935908 0.352245 0
    outer loop
      vertex -26.1353 -8.87173 2.4
      vertex -25.4991 -10.5621 20.4
      vertex -25.4991 -10.5621 2.4
    endloop
  endfacet
  facet normal 0.63441 -0.772997 0
    outer loop
      vertex -18.1979 20.7508 16.4
      vertex -16.8018 21.8966 20.4
      vertex -18.1979 20.7508 20.4
    endloop
  endfacet
  facet normal 0.63441 -0.772997 0
    outer loop
      vertex -16.8018 21.8966 20.4
      vertex -18.1979 20.7508 16.4
      vertex -16.8018 21.8966 16.4
    endloop
  endfacet
  facet normal 0.683613 -0.729844 0
    outer loop
      vertex -19.5161 19.5161 16.4
      vertex -18.1979 20.7508 20.4
      vertex -19.5161 19.5161 20.4
    endloop
  endfacet
  facet normal 0.683613 -0.729844 0
    outer loop
      vertex -18.1979 20.7508 20.4
      vertex -19.5161 19.5161 16.4
      vertex -18.1979 20.7508 16.4
    endloop
  endfacet
  facet normal 0.882146 -0.470976 0
    outer loop
      vertex -23.9023 13.8 20.4
      vertex -23.9149 13.7764 16.4
      vertex -23.9023 13.8 16.4
    endloop
  endfacet
  facet normal 0.881914 -0.47141 3.28891e-06
    outer loop
      vertex -24.7537 12.2072 20.4
      vertex -23.9149 13.7764 16.4
      vertex -23.9023 13.8 20.4
    endloop
  endfacet
  facet normal 0.881911 -0.471416 0
    outer loop
      vertex -24.7537 12.2072 2.4
      vertex -23.9149 13.7764 16.4
      vertex -24.7537 12.2072 20.4
    endloop
  endfacet
  facet normal 0.881911 -0.471416 0
    outer loop
      vertex -23.9149 13.7764 16.4
      vertex -24.7537 12.2072 2.4
      vertex -23.9149 13.7764 2.4
    endloop
  endfacet
  facet normal 0.910861 -0.412714 0
    outer loop
      vertex -25.4991 10.5621 20.4
      vertex -24.7537 12.2072 2.4
      vertex -24.7537 12.2072 20.4
    endloop
  endfacet
  facet normal 0.910861 -0.412714 0
    outer loop
      vertex -24.7537 12.2072 2.4
      vertex -25.4991 10.5621 20.4
      vertex -25.4991 10.5621 2.4
    endloop
  endfacet
  facet normal 0.729844 -0.683613 0
    outer loop
      vertex -20.7508 18.1979 20.4
      vertex -19.5161 19.5161 16.4
      vertex -19.5161 19.5161 20.4
    endloop
  endfacet
  facet normal 0.729844 -0.683613 0
    outer loop
      vertex -19.5161 19.5161 16.4
      vertex -20.7508 18.1979 20.4
      vertex -20.7508 18.1979 16.4
    endloop
  endfacet
  facet normal 0.63441 0.772997 -0
    outer loop
      vertex -16.8018 -21.8966 2.4
      vertex -18.1979 -20.7508 20.4
      vertex -16.8018 -21.8966 20.4
    endloop
  endfacet
  facet normal 0.63441 0.772997 0
    outer loop
      vertex -18.1979 -20.7508 20.4
      vertex -16.8018 -21.8966 2.4
      vertex -18.1979 -20.7508 2.4
    endloop
  endfacet
  facet normal 0.999464 -0.0327225 0
    outer loop
      vertex -27.6 0 20.4
      vertex -27.5409 1.80513 2.4
      vertex -27.5409 1.80513 20.4
    endloop
  endfacet
  facet normal 0.999464 -0.0327225 0
    outer loop
      vertex -27.5409 1.80513 2.4
      vertex -27.6 0 20.4
      vertex -27.6 0 2.4
    endloop
  endfacet
  facet normal -0.729844 -0.683613 0
    outer loop
      vertex 20.7508 18.1979 2.4
      vertex 19.5161 19.5161 20.4
      vertex 19.5161 19.5161 2.4
    endloop
  endfacet
  facet normal -0.729844 -0.683613 0
    outer loop
      vertex 19.5161 19.5161 20.4
      vertex 20.7508 18.1979 2.4
      vertex 20.7508 18.1979 20.4
    endloop
  endfacet
  facet normal -0.0327225 0.999464 0
    outer loop
      vertex 1.80513 -27.5409 2.4
      vertex 0 -27.6 20.4
      vertex 1.80513 -27.5409 20.4
    endloop
  endfacet
  facet normal -0.0327225 0.999464 0
    outer loop
      vertex 0 -27.6 20.4
      vertex 1.80513 -27.5409 2.4
      vertex 0 -27.6 2.4
    endloop
  endfacet
  facet normal -0.528061 0.849206 0
    outer loop
      vertex 15.3337 -22.9486 2.4
      vertex 13.8 -23.9023 20.4
      vertex 15.3337 -22.9486 20.4
    endloop
  endfacet
  facet normal -0.528061 0.849206 0
    outer loop
      vertex 13.8 -23.9023 20.4
      vertex 15.3337 -22.9486 2.4
      vertex 13.8 -23.9023 2.4
    endloop
  endfacet
  facet normal 0.995186 0.0980021 0
    outer loop
      vertex -27.3639 -3.60252 20.4
      vertex -27.5409 -1.80513 2.4
      vertex -27.5409 -1.80513 20.4
    endloop
  endfacet
  facet normal 0.995186 0.0980021 0
    outer loop
      vertex -27.5409 -1.80513 2.4
      vertex -27.3639 -3.60252 20.4
      vertex -27.3639 -3.60252 2.4
    endloop
  endfacet
  facet normal 0.910861 0.412714 0
    outer loop
      vertex -24.7537 -12.2072 20.4
      vertex -25.4991 -10.5621 2.4
      vertex -25.4991 -10.5621 20.4
    endloop
  endfacet
  facet normal 0.910861 0.412714 0
    outer loop
      vertex -25.4991 -10.5621 2.4
      vertex -24.7537 -12.2072 20.4
      vertex -24.7537 -12.2072 2.4
    endloop
  endfacet
  facet normal -0.0327225 -0.999464 0
    outer loop
      vertex 0 27.6 2.4
      vertex 1.80513 27.5409 20.4
      vertex 0 27.6 20.4
    endloop
  endfacet
  facet normal -0.0327225 -0.999464 -0
    outer loop
      vertex 1.80513 27.5409 20.4
      vertex 0 27.6 2.4
      vertex 1.80513 27.5409 2.4
    endloop
  endfacet
  facet normal 0.0327225 -0.999464 0
    outer loop
      vertex -1.80513 27.5409 2.4
      vertex 0 27.6 20.4
      vertex -1.80513 27.5409 20.4
    endloop
  endfacet
  facet normal 0.0327225 -0.999464 0
    outer loop
      vertex 0 27.6 20.4
      vertex -1.80513 27.5409 2.4
      vertex 0 27.6 2.4
    endloop
  endfacet
  facet normal -0.772997 -0.63441 0
    outer loop
      vertex 21.8966 16.8018 2.4
      vertex 20.7508 18.1979 20.4
      vertex 20.7508 18.1979 2.4
    endloop
  endfacet
  facet normal -0.772997 -0.63441 0
    outer loop
      vertex 20.7508 18.1979 20.4
      vertex 21.8966 16.8018 2.4
      vertex 21.8966 16.8018 20.4
    endloop
  endfacet
  facet normal 0.528061 0.849206 -0
    outer loop
      vertex -13.8 -23.9023 2.4
      vertex -15.3337 -22.9486 20.4
      vertex -13.8 -23.9023 20.4
    endloop
  endfacet
  facet normal 0.528061 0.849206 0
    outer loop
      vertex -15.3337 -22.9486 20.4
      vertex -13.8 -23.9023 2.4
      vertex -15.3337 -22.9486 2.4
    endloop
  endfacet
  facet normal 0.290293 0.956938 -0
    outer loop
      vertex -7.1434 -26.6596 2.4
      vertex -8.87173 -26.1353 20.4
      vertex -7.1434 -26.6596 20.4
    endloop
  endfacet
  facet normal 0.290293 0.956938 0
    outer loop
      vertex -8.87173 -26.1353 20.4
      vertex -7.1434 -26.6596 2.4
      vertex -8.87173 -26.1353 2.4
    endloop
  endfacet
  facet normal 0.0327225 0.999464 -0
    outer loop
      vertex 0 -27.6 2.4
      vertex -1.80513 -27.5409 20.4
      vertex 0 -27.6 20.4
    endloop
  endfacet
  facet normal 0.0327225 0.999464 0
    outer loop
      vertex -1.80513 -27.5409 20.4
      vertex 0 -27.6 2.4
      vertex -1.80513 -27.5409 2.4
    endloop
  endfacet
  facet normal -0.227066 -0.973879 0
    outer loop
      vertex 5.38449 27.0697 2.4
      vertex 7.1434 26.6596 20.4
      vertex 5.38449 27.0697 20.4
    endloop
  endfacet
  facet normal -0.227066 -0.973879 -0
    outer loop
      vertex 7.1434 26.6596 20.4
      vertex 5.38449 27.0697 2.4
      vertex 7.1434 26.6596 2.4
    endloop
  endfacet
  facet normal 0.772997 -0.63441 0
    outer loop
      vertex -21.8966 16.8018 20.4
      vertex -20.7508 18.1979 16.4
      vertex -20.7508 18.1979 20.4
    endloop
  endfacet
  facet normal 0.772997 -0.63441 0
    outer loop
      vertex -20.7508 18.1979 16.4
      vertex -21.8966 16.8018 20.4
      vertex -21.8966 16.8018 16.4
    endloop
  endfacet
  facet normal 0 0 -1
    outer loop
      vertex 27.6 0 9.4
      vertex 30 0 9.4
      vertex 29.9358 -1.96209 9.4
    endloop
  endfacet
  facet normal 0 0 -1
    outer loop
      vertex 27.5409 -1.80513 9.4
      vertex 29.9358 -1.96209 9.4
      vertex 29.7433 -3.91578 9.4
    endloop
  endfacet
  facet normal 0 0 -1
    outer loop
      vertex 30 0 9.4
      vertex 27.6 0 9.4
      vertex 29.9358 1.96209 9.4
    endloop
  endfacet
  facet normal 0 0 -1
    outer loop
      vertex 27.3639 -3.60252 9.4
      vertex 29.7433 -3.91578 9.4
      vertex 29.4236 -5.85271 9.4
    endloop
  endfacet
  facet normal 0 0 -1
    outer loop
      vertex 27.5409 1.80513 9.4
      vertex 29.9358 1.96209 9.4
      vertex 27.6 0 9.4
    endloop
  endfacet
  facet normal 0 0 -1
    outer loop
      vertex 27.0697 -5.38449 9.4
      vertex 29.4236 -5.85271 9.4
      vertex 29.3892 -6 9.4
    endloop
  endfacet
  facet normal -0 0 -1
    outer loop
      vertex 29.9358 1.96209 9.4
      vertex 27.5409 1.80513 9.4
      vertex 29.7433 3.91578 9.4
    endloop
  endfacet
  facet normal 0 0 -1
    outer loop
      vertex 27.3639 3.60252 9.4
      vertex 29.7433 3.91578 9.4
      vertex 27.5409 1.80513 9.4
    endloop
  endfacet
  facet normal 0 0 -1
    outer loop
      vertex 29.9358 -1.96209 9.4
      vertex 27.5409 -1.80513 9.4
      vertex 27.6 0 9.4
    endloop
  endfacet
  facet normal 0 0 -1
    outer loop
      vertex 29.7433 -3.91578 9.4
      vertex 27.3639 -3.60252 9.4
      vertex 27.5409 -1.80513 9.4
    endloop
  endfacet
  facet normal 0 0 -1
    outer loop
      vertex 29.4236 -5.85271 9.4
      vertex 27.0697 -5.38449 9.4
      vertex 27.3639 -3.60252 9.4
    endloop
  endfacet
  facet normal 0 -0 -1
    outer loop
      vertex 27.0697 -5.38449 9.4
      vertex 29.3892 -6 9.4
      vertex 26.9262 -6 9.4
    endloop
  endfacet
  facet normal -0 0 -1
    outer loop
      vertex 29.7433 3.91578 9.4
      vertex 27.3639 3.60252 9.4
      vertex 29.4236 5.85271 9.4
    endloop
  endfacet
  facet normal 0 0 -1
    outer loop
      vertex 27.0697 5.38449 9.4
      vertex 29.4236 5.85271 9.4
      vertex 27.3639 3.60252 9.4
    endloop
  endfacet
  facet normal -0 0 -1
    outer loop
      vertex 29.4236 5.85271 9.4
      vertex 27.0697 5.38449 9.4
      vertex 29.3892 6 9.4
    endloop
  endfacet
  facet normal -0 0 -1
    outer loop
      vertex 29.3892 6 9.4
      vertex 27.0697 5.38449 9.4
      vertex 26.9262 6 9.4
    endloop
  endfacet
  facet normal 0 0 1
    outer loop
      vertex 27.6 0 4.4
      vertex 30 0 4.4
      vertex 29.9358 1.96209 4.4
    endloop
  endfacet
  facet normal 0 0 1
    outer loop
      vertex 27.5409 1.80513 4.4
      vertex 29.9358 1.96209 4.4
      vertex 29.7433 3.91578 4.4
    endloop
  endfacet
  facet normal 0 0 1
    outer loop
      vertex 30 0 4.4
      vertex 27.6 0 4.4
      vertex 29.9358 -1.96209 4.4
    endloop
  endfacet
  facet normal 0 0 1
    outer loop
      vertex 27.3639 3.60252 4.4
      vertex 29.7433 3.91578 4.4
      vertex 29.4236 5.85271 4.4
    endloop
  endfacet
  facet normal -0 0 1
    outer loop
      vertex 27.5409 -1.80513 4.4
      vertex 29.9358 -1.96209 4.4
      vertex 27.6 0 4.4
    endloop
  endfacet
  facet normal 0 0 1
    outer loop
      vertex 27.0697 5.38449 4.4
      vertex 29.4236 5.85271 4.4
      vertex 29.3892 6 4.4
    endloop
  endfacet
  facet normal 0 0 1
    outer loop
      vertex 29.9358 -1.96209 4.4
      vertex 27.5409 -1.80513 4.4
      vertex 29.7433 -3.91578 4.4
    endloop
  endfacet
  facet normal -0 0 1
    outer loop
      vertex 27.3639 -3.60252 4.4
      vertex 29.7433 -3.91578 4.4
      vertex 27.5409 -1.80513 4.4
    endloop
  endfacet
  facet normal 0 0 1
    outer loop
      vertex 29.9358 1.96209 4.4
      vertex 27.5409 1.80513 4.4
      vertex 27.6 0 4.4
    endloop
  endfacet
  facet normal 0 0 1
    outer loop
      vertex 29.7433 3.91578 4.4
      vertex 27.3639 3.60252 4.4
      vertex 27.5409 1.80513 4.4
    endloop
  endfacet
  facet normal 0 0 1
    outer loop
      vertex 29.4236 5.85271 4.4
      vertex 27.0697 5.38449 4.4
      vertex 27.3639 3.60252 4.4
    endloop
  endfacet
  facet normal 0 -0 1
    outer loop
      vertex 27.0697 5.38449 4.4
      vertex 29.3892 6 4.4
      vertex 26.9262 6 4.4
    endloop
  endfacet
  facet normal 0 0 1
    outer loop
      vertex 29.7433 -3.91578 4.4
      vertex 27.3639 -3.60252 4.4
      vertex 29.4236 -5.85271 4.4
    endloop
  endfacet
  facet normal -0 0 1
    outer loop
      vertex 27.0697 -5.38449 4.4
      vertex 29.4236 -5.85271 4.4
      vertex 27.3639 -3.60252 4.4
    endloop
  endfacet
  facet normal 0 0 1
    outer loop
      vertex 29.4236 -5.85271 4.4
      vertex 27.0697 -5.38449 4.4
      vertex 29.3892 -6 4.4
    endloop
  endfacet
  facet normal 0 0 1
    outer loop
      vertex 29.3892 -6 4.4
      vertex 27.0697 -5.38449 4.4
      vertex 26.9262 -6 4.4
    endloop
  endfacet
  facet normal 0 -1 0
    outer loop
      vertex 26.9262 6 4.4
      vertex 29.3892 6 9.4
      vertex 26.9262 6 9.4
    endloop
  endfacet
  facet normal 0 -1 -0
    outer loop
      vertex 29.3892 6 9.4
      vertex 26.9262 6 4.4
      vertex 29.3892 6 4.4
    endloop
  endfacet
  facet normal 0 1 -0
    outer loop
      vertex 29.3892 -6 4.4
      vertex 26.9262 -6 9.4
      vertex 29.3892 -6 9.4
    endloop
  endfacet
  facet normal 0 1 0
    outer loop
      vertex 26.9262 -6 9.4
      vertex 29.3892 -6 4.4
      vertex 26.9262 -6 4.4
    endloop
  endfacet
  facet normal 1 -0 0
    outer loop
      vertex -15 -10 5.4
      vertex -15 6 2.4
      vertex -15 6 5.4
    endloop
  endfacet
  facet normal 1 0 0
    outer loop
      vertex -15 6 2.4
      vertex -15 -10 5.4
      vertex -15 -10 2.4
    endloop
  endfacet
  facet normal 0 0 1
    outer loop
      vertex -15.5886 6.01927 5.4
      vertex -15 -10 5.4
      vertex -15 6 5.4
    endloop
  endfacet
  facet normal 0 0 1
    outer loop
      vertex -17 -10 5.4
      vertex -15.5886 6.01927 5.4
      vertex -16.1747 6.077 5.4
    endloop
  endfacet
  facet normal 0 0 1
    outer loop
      vertex -17 -10 5.4
      vertex -16.1747 6.077 5.4
      vertex -16.7558 6.17293 5.4
    endloop
  endfacet
  facet normal 0 0 1
    outer loop
      vertex -17 -10 5.4
      vertex -16.7558 6.17293 5.4
      vertex -17 6.22987 5.4
    endloop
  endfacet
  facet normal 0 0 1
    outer loop
      vertex -15.5886 6.01927 5.4
      vertex -17 -10 5.4
      vertex -15 -10 5.4
    endloop
  endfacet
  facet normal -1 0 0
    outer loop
      vertex -17 -10 2.4
      vertex -17 6.22987 5.4
      vertex -17 6.22987 2.4
    endloop
  endfacet
  facet normal -1 -0 0
    outer loop
      vertex -17 6.22987 5.4
      vertex -17 -10 2.4
      vertex -17 -10 5.4
    endloop
  endfacet
  facet normal 0 -1 0
    outer loop
      vertex -17 -10 2.4
      vertex -15 -10 5.4
      vertex -17 -10 5.4
    endloop
  endfacet
  facet normal 0 -1 -0
    outer loop
      vertex -15 -10 5.4
      vertex -17 -10 2.4
      vertex -15 -10 2.4
    endloop
  endfacet
  facet normal 1 -0 0
    outer loop
      vertex 17 -10 5.4
      vertex 17 10 2.4
      vertex 17 10 5.4
    endloop
  endfacet
  facet normal 1 0 0
    outer loop
      vertex 17 10 2.4
      vertex 17 -10 5.4
      vertex 17 -10 2.4
    endloop
  endfacet
  facet normal -0 0 1
    outer loop
      vertex 15 10 5.4
      vertex 17 -10 5.4
      vertex 17 10 5.4
    endloop
  endfacet
  facet normal 0 0 1
    outer loop
      vertex 17 -10 5.4
      vertex 15 10 5.4
      vertex 15 -10 5.4
    endloop
  endfacet
  facet normal -1 0 0
    outer loop
      vertex 15 -10 2.4
      vertex 15 10 5.4
      vertex 15 10 2.4
    endloop
  endfacet
  facet normal -1 -0 0
    outer loop
      vertex 15 10 5.4
      vertex 15 -10 2.4
      vertex 15 -10 5.4
    endloop
  endfacet
  facet normal 0 1 -0
    outer loop
      vertex 17 10 2.4
      vertex 15 10 5.4
      vertex 17 10 5.4
    endloop
  endfacet
  facet normal 0 1 0
    outer loop
      vertex 15 10 5.4
      vertex 17 10 2.4
      vertex 15 10 2.4
    endloop
  endfacet
  facet normal 0 -1 0
    outer loop
      vertex 15 -10 2.4
      vertex 17 -10 5.4
      vertex 15 -10 5.4
    endloop
  endfacet
  facet normal 0 -1 -0
    outer loop
      vertex 17 -10 5.4
      vertex 15 -10 2.4
      vertex 17 -10 2.4
    endloop
  endfacet
  facet normal 0.995184 0.0980242 0
    outer loop
      vertex -6.01927 15.5886 16.4
      vertex -6.077 16.1747 2.4
      vertex -6.077 16.1747 16.4
    endloop
  endfacet
  facet normal 0.995184 0.0980242 0
    outer loop
      vertex -6.077 16.1747 2.4
      vertex -6.01927 15.5886 16.4
      vertex -6.01927 15.5886 2.4
    endloop
  endfacet
  facet normal 0.999465 0.0327212 0
    outer loop
      vertex -6 15 16.4
      vertex -6.01927 15.5886 2.4
      vertex -6.01927 15.5886 16.4
    endloop
  endfacet
  facet normal 0.999465 0.0327212 0
    outer loop
      vertex -6.01927 15.5886 2.4
      vertex -6 15 16.4
      vertex -6 15 2.4
    endloop
  endfacet
  facet normal 0.986646 0.162879 0
    outer loop
      vertex -6.077 16.1747 16.4
      vertex -6.17293 16.7558 2.4
      vertex -6.17293 16.7558 16.4
    endloop
  endfacet
  facet normal 0.986646 0.162879 0
    outer loop
      vertex -6.17293 16.7558 2.4
      vertex -6.077 16.1747 16.4
      vertex -6.077 16.1747 2.4
    endloop
  endfacet
  facet normal 0.973879 0.227069 0
    outer loop
      vertex -6.17293 16.7558 16.4
      vertex -6.30667 17.3294 2.4
      vertex -6.30667 17.3294 16.4
    endloop
  endfacet
  facet normal 0.973879 0.227069 0
    outer loop
      vertex -6.30667 17.3294 2.4
      vertex -6.17293 16.7558 16.4
      vertex -6.17293 16.7558 2.4
    endloop
  endfacet
  facet normal -0.582362 0.81293 0
    outer loop
      vertex -20.0001 22.4832 2.4
      vertex -20.4789 22.1402 16.4
      vertex -20.0001 22.4832 16.4
    endloop
  endfacet
  facet normal -0.582362 0.81293 0
    outer loop
      vertex -20.4789 22.1402 16.4
      vertex -20.0001 22.4832 2.4
      vertex -20.4789 22.1402 2.4
    endloop
  endfacet
  facet normal -0.52809 -0.849189 0
    outer loop
      vertex -20.0001 7.51677 2.4
      vertex -19.5 7.20577 16.4
      vertex -20.0001 7.51677 16.4
    endloop
  endfacet
  facet normal -0.52809 -0.849189 -0
    outer loop
      vertex -19.5 7.20577 16.4
      vertex -20.0001 7.51677 2.4
      vertex -19.5 7.20577 2.4
    endloop
  endfacet
  facet normal 0.412651 0.910889 -0
    outer loop
      vertex -11.0194 23.0719 2.4
      vertex -11.5558 23.3149 16.4
      vertex -11.0194 23.0719 16.4
    endloop
  endfacet
  facet normal 0.412651 0.910889 0
    outer loop
      vertex -11.5558 23.3149 16.4
      vertex -11.0194 23.0719 2.4
      vertex -11.5558 23.3149 2.4
    endloop
  endfacet
  facet normal 0.986646 -0.162879 0
    outer loop
      vertex -6.17293 13.2442 16.4
      vertex -6.077 13.8253 2.4
      vertex -6.077 13.8253 16.4
    endloop
  endfacet
  facet normal 0.986646 -0.162879 0
    outer loop
      vertex -6.077 13.8253 2.4
      vertex -6.17293 13.2442 16.4
      vertex -6.17293 13.2442 2.4
    endloop
  endfacet
  facet normal 0.0327212 -0.999465 0
    outer loop
      vertex -15 6 5.4
      vertex -14.4114 6.01927 16.4
      vertex -15 6 16.4
    endloop
  endfacet
  facet normal 0.0327212 -0.999465 0
    outer loop
      vertex -14.4114 6.01927 2.4
      vertex -15 6 5.4
      vertex -15 6 2.4
    endloop
  endfacet
  facet normal 0.0327212 -0.999465 0
    outer loop
      vertex -15 6 5.4
      vertex -14.4114 6.01927 2.4
      vertex -14.4114 6.01927 16.4
    endloop
  endfacet
  facet normal 0.227069 -0.973879 0
    outer loop
      vertex -13.2442 6.17293 2.4
      vertex -12.6706 6.30667 16.4
      vertex -13.2442 6.17293 16.4
    endloop
  endfacet
  facet normal 0.227069 -0.973879 0
    outer loop
      vertex -12.6706 6.30667 16.4
      vertex -13.2442 6.17293 2.4
      vertex -12.6706 6.30667 2.4
    endloop
  endfacet
  facet normal 0.35224 -0.93591 0
    outer loop
      vertex -12.107 6.47763 2.4
      vertex -11.5558 6.68508 16.4
      vertex -12.107 6.47763 16.4
    endloop
  endfacet
  facet normal 0.35224 -0.93591 0
    outer loop
      vertex -11.5558 6.68508 16.4
      vertex -12.107 6.47763 2.4
      vertex -11.5558 6.68508 2.4
    endloop
  endfacet
  facet normal 0.290182 0.956972 -0
    outer loop
      vertex -12.107 23.5224 2.4
      vertex -12.6706 23.6933 16.4
      vertex -12.107 23.5224 16.4
    endloop
  endfacet
  facet normal 0.290182 0.956972 0
    outer loop
      vertex -12.6706 23.6933 16.4
      vertex -12.107 23.5224 2.4
      vertex -12.6706 23.6933 2.4
    endloop
  endfacet
  facet normal 0.935889 0.352296 0
    outer loop
      vertex -6.47763 17.893 16.4
      vertex -6.68508 18.4441 2.4
      vertex -6.68508 18.4441 16.4
    endloop
  endfacet
  facet normal 0.935889 0.352296 0
    outer loop
      vertex -6.68508 18.4441 2.4
      vertex -6.47763 17.893 16.4
      vertex -6.47763 17.893 2.4
    endloop
  endfacet
  facet normal 0.528067 -0.849203 0
    outer loop
      vertex -10.5 7.20577 2.4
      vertex -9.99987 7.51677 16.4
      vertex -10.5 7.20577 16.4
    endloop
  endfacet
  facet normal 0.528067 -0.849203 0
    outer loop
      vertex -9.99987 7.51677 16.4
      vertex -10.5 7.20577 2.4
      vertex -9.99987 7.51677 2.4
    endloop
  endfacet
  facet normal -0.729902 0.683551 0
    outer loop
      vertex -21.7666 20.9341 2.4
      vertex -21.364 21.364 16.4
      vertex -21.364 21.364 2.4
    endloop
  endfacet
  facet normal -0.729902 0.683551 0
    outer loop
      vertex -21.364 21.364 16.4
      vertex -21.7666 20.9341 2.4
      vertex -21.7666 20.9341 16.4
    endloop
  endfacet
  facet normal 0.881918 0.471403 0
    outer loop
      vertex -6.92814 18.9806 16.4
      vertex -7.20577 19.5 2.4
      vertex -7.20577 19.5 16.4
    endloop
  endfacet
  facet normal 0.881918 0.471403 0
    outer loop
      vertex -7.20577 19.5 2.4
      vertex -6.92814 18.9806 16.4
      vertex -6.92814 18.9806 2.4
    endloop
  endfacet
  facet normal -0.634421 0.772988 0
    outer loop
      vertex -20.4789 22.1402 2.4
      vertex -20.9341 21.7666 16.4
      vertex -20.4789 22.1402 16.4
    endloop
  endfacet
  facet normal -0.634421 0.772988 0
    outer loop
      vertex -20.9341 21.7666 16.4
      vertex -20.4789 22.1402 2.4
      vertex -20.9341 21.7666 2.4
    endloop
  endfacet
  facet normal 0.849203 -0.528067 0
    outer loop
      vertex -7.51677 9.99987 16.4
      vertex -7.20577 10.5 2.4
      vertex -7.20577 10.5 16.4
    endloop
  endfacet
  facet normal 0.849203 -0.528067 0
    outer loop
      vertex -7.20577 10.5 2.4
      vertex -7.51677 9.99987 16.4
      vertex -7.51677 9.99987 2.4
    endloop
  endfacet
  facet normal -0.52809 0.849189 0
    outer loop
      vertex -19.5 22.7942 2.4
      vertex -20.0001 22.4832 16.4
      vertex -19.5 22.7942 16.4
    endloop
  endfacet
  facet normal -0.52809 0.849189 0
    outer loop
      vertex -20.0001 22.4832 16.4
      vertex -19.5 22.7942 2.4
      vertex -20.0001 22.4832 2.4
    endloop
  endfacet
  facet normal 0.849189 0.52809 0
    outer loop
      vertex -7.20577 19.5 16.4
      vertex -7.51677 20.0001 2.4
      vertex -7.51677 20.0001 16.4
    endloop
  endfacet
  facet normal 0.849189 0.52809 0
    outer loop
      vertex -7.51677 20.0001 2.4
      vertex -7.20577 19.5 16.4
      vertex -7.20577 19.5 2.4
    endloop
  endfacet
  facet normal 0.162879 -0.986646 0
    outer loop
      vertex -13.8253 6.077 2.4
      vertex -13.2442 6.17293 16.4
      vertex -13.8253 6.077 16.4
    endloop
  endfacet
  facet normal 0.162879 -0.986646 0
    outer loop
      vertex -13.2442 6.17293 16.4
      vertex -13.8253 6.077 2.4
      vertex -13.2442 6.17293 2.4
    endloop
  endfacet
  facet normal -0.772988 0.634421 0
    outer loop
      vertex -22.1402 20.4789 2.4
      vertex -21.7666 20.9341 16.4
      vertex -21.7666 20.9341 2.4
    endloop
  endfacet
  facet normal -0.772988 0.634421 0
    outer loop
      vertex -21.7666 20.9341 16.4
      vertex -22.1402 20.4789 2.4
      vertex -22.1402 20.4789 16.4
    endloop
  endfacet
  facet normal -0.773029 -0.634371 0
    outer loop
      vertex -21.7666 9.06589 2.4
      vertex -22.1402 9.52115 16.4
      vertex -22.1402 9.52115 2.4
    endloop
  endfacet
  facet normal -0.773029 -0.634371 0
    outer loop
      vertex -22.1402 9.52115 16.4
      vertex -21.7666 9.06589 2.4
      vertex -21.7666 9.06589 16.4
    endloop
  endfacet
  facet normal -0.729863 -0.683594 0
    outer loop
      vertex -21.364 8.63604 2.4
      vertex -21.7666 9.06589 16.4
      vertex -21.7666 9.06589 2.4
    endloop
  endfacet
  facet normal -0.729863 -0.683594 0
    outer loop
      vertex -21.7666 9.06589 16.4
      vertex -21.364 8.63604 2.4
      vertex -21.364 8.63604 16.4
    endloop
  endfacet
  facet normal -0.227069 -0.973879 -2.27819e-07
    outer loop
      vertex -17.3294 6.30667 16.4
      vertex -17 6.22987 5.4
      vertex -16.7558 6.17293 16.4
    endloop
  endfacet
  facet normal -0.227061 -0.97388 0
    outer loop
      vertex -17.3294 6.30667 2.4
      vertex -17 6.22987 5.4
      vertex -17.3294 6.30667 16.4
    endloop
  endfacet
  facet normal -0.227061 -0.97388 -0
    outer loop
      vertex -17 6.22987 5.4
      vertex -17.3294 6.30667 2.4
      vertex -17 6.22987 2.4
    endloop
  endfacet
  facet normal -0.227078 -0.973876 -0
    outer loop
      vertex -16.7558 6.17293 16.4
      vertex -17 6.22987 5.4
      vertex -16.7558 6.17293 5.4
    endloop
  endfacet
  facet normal -0.986663 -0.162775 0
    outer loop
      vertex -23.8271 13.2442 2.4
      vertex -23.9149 13.7764 16.4
      vertex -23.9149 13.7764 2.4
    endloop
  endfacet
  facet normal -0.986663 -0.162775 0
    outer loop
      vertex -23.9149 13.7764 16.4
      vertex -23.8271 13.2442 2.4
      vertex -23.8271 13.2442 16.4
    endloop
  endfacet
  facet normal 0.910851 -0.412736 0
    outer loop
      vertex -6.92814 11.0194 16.4
      vertex -6.68508 11.5558 2.4
      vertex -6.68508 11.5558 16.4
    endloop
  endfacet
  facet normal 0.910851 -0.412736 0
    outer loop
      vertex -6.68508 11.5558 2.4
      vertex -6.92814 11.0194 16.4
      vertex -6.92814 11.0194 2.4
    endloop
  endfacet
  facet normal 0.582482 -0.812843 0
    outer loop
      vertex -9.99987 7.51677 2.4
      vertex -9.52115 7.85982 16.4
      vertex -9.99987 7.51677 16.4
    endloop
  endfacet
  facet normal 0.582482 -0.812843 0
    outer loop
      vertex -9.52115 7.85982 16.4
      vertex -9.99987 7.51677 2.4
      vertex -9.52115 7.85982 2.4
    endloop
  endfacet
  facet normal -0.881648 0.471908 0
    outer loop
      vertex -22.8109 19.4688 2.4
      vertex -22.7942 19.5 16.4
      vertex -22.7942 19.5 2.4
    endloop
  endfacet
  facet normal -0.881648 0.471908 0
    outer loop
      vertex -22.7942 19.5 16.4
      vertex -22.8109 19.4688 2.4
      vertex -22.8109 19.4688 16.4
    endloop
  endfacet
  facet normal 0.881918 -0.471403 0
    outer loop
      vertex -7.20577 10.5 16.4
      vertex -6.92814 11.0194 2.4
      vertex -6.92814 11.0194 16.4
    endloop
  endfacet
  facet normal 0.881918 -0.471403 0
    outer loop
      vertex -6.92814 11.0194 2.4
      vertex -7.20577 10.5 16.4
      vertex -7.20577 10.5 2.4
    endloop
  endfacet
  facet normal -0.582418 -0.812889 0
    outer loop
      vertex -20.4789 7.85982 2.4
      vertex -20.0001 7.51677 16.4
      vertex -20.4789 7.85982 16.4
    endloop
  endfacet
  facet normal -0.582418 -0.812889 -0
    outer loop
      vertex -20.0001 7.51677 16.4
      vertex -20.4789 7.85982 2.4
      vertex -20.0001 7.51677 2.4
    endloop
  endfacet
  facet normal 0.634391 -0.773012 0
    outer loop
      vertex -9.52115 7.85982 2.4
      vertex -9.06589 8.23344 16.4
      vertex -9.52115 7.85982 16.4
    endloop
  endfacet
  facet normal 0.634391 -0.773012 0
    outer loop
      vertex -9.06589 8.23344 16.4
      vertex -9.52115 7.85982 2.4
      vertex -9.06589 8.23344 2.4
    endloop
  endfacet
  facet normal 0.412736 -0.910851 0
    outer loop
      vertex -11.5558 6.68508 2.4
      vertex -11.0194 6.92814 16.4
      vertex -11.5558 6.68508 16.4
    endloop
  endfacet
  facet normal 0.412736 -0.910851 0
    outer loop
      vertex -11.0194 6.92814 16.4
      vertex -11.5558 6.68508 2.4
      vertex -11.0194 6.92814 2.4
    endloop
  endfacet
  facet normal 0.91088 0.412672 0
    outer loop
      vertex -6.68508 18.4441 16.4
      vertex -6.92814 18.9806 2.4
      vertex -6.92814 18.9806 16.4
    endloop
  endfacet
  facet normal 0.91088 0.412672 0
    outer loop
      vertex -6.92814 18.9806 2.4
      vertex -6.68508 18.4441 16.4
      vertex -6.68508 18.4441 2.4
    endloop
  endfacet
  facet normal 0.812889 0.582418 0
    outer loop
      vertex -7.51677 20.0001 16.4
      vertex -7.85982 20.4789 2.4
      vertex -7.85982 20.4789 16.4
    endloop
  endfacet
  facet normal 0.812889 0.582418 0
    outer loop
      vertex -7.85982 20.4789 2.4
      vertex -7.51677 20.0001 16.4
      vertex -7.51677 20.0001 2.4
    endloop
  endfacet
  facet normal 0.227165 0.973856 -0
    outer loop
      vertex -12.6706 23.6933 2.4
      vertex -13.2442 23.8271 16.4
      vertex -12.6706 23.6933 16.4
    endloop
  endfacet
  facet normal 0.227165 0.973856 0
    outer loop
      vertex -13.2442 23.8271 16.4
      vertex -12.6706 23.6933 2.4
      vertex -13.2442 23.8271 2.4
    endloop
  endfacet
  facet normal 0.995184 -0.0980242 0
    outer loop
      vertex -6.077 13.8253 16.4
      vertex -6.01927 14.4114 2.4
      vertex -6.01927 14.4114 16.4
    endloop
  endfacet
  facet normal 0.995184 -0.0980242 0
    outer loop
      vertex -6.01927 14.4114 2.4
      vertex -6.077 13.8253 16.4
      vertex -6.077 13.8253 2.4
    endloop
  endfacet
  facet normal -0.0327212 -0.999465 0
    outer loop
      vertex -15.5886 6.01927 5.4
      vertex -15 6 16.4
      vertex -15.5886 6.01927 16.4
    endloop
  endfacet
  facet normal -0.0327212 -0.999465 -0
    outer loop
      vertex -15 6 16.4
      vertex -15.5886 6.01927 5.4
      vertex -15 6 5.4
    endloop
  endfacet
  facet normal 0.471496 0.881868 -0
    outer loop
      vertex -10.5 22.7942 2.4
      vertex -11.0194 23.0719 16.4
      vertex -10.5 22.7942 16.4
    endloop
  endfacet
  facet normal 0.471496 0.881868 0
    outer loop
      vertex -11.0194 23.0719 16.4
      vertex -10.5 22.7942 2.4
      vertex -11.0194 23.0719 2.4
    endloop
  endfacet
  facet normal 0.999465 -0.0327212 0
    outer loop
      vertex -6.01927 14.4114 16.4
      vertex -6 15 2.4
      vertex -6 15 16.4
    endloop
  endfacet
  facet normal 0.999465 -0.0327212 0
    outer loop
      vertex -6 15 2.4
      vertex -6.01927 14.4114 16.4
      vertex -6.01927 14.4114 2.4
    endloop
  endfacet
  facet normal 0.634371 0.773029 -0
    outer loop
      vertex -9.06589 21.7666 2.4
      vertex -9.52115 22.1402 16.4
      vertex -9.06589 21.7666 16.4
    endloop
  endfacet
  facet normal 0.634371 0.773029 0
    outer loop
      vertex -9.52115 22.1402 16.4
      vertex -9.06589 21.7666 2.4
      vertex -9.52115 22.1402 2.4
    endloop
  endfacet
  facet normal 0.93591 -0.35224 0
    outer loop
      vertex -6.68508 11.5558 16.4
      vertex -6.47763 12.107 2.4
      vertex -6.47763 12.107 16.4
    endloop
  endfacet
  facet normal 0.93591 -0.35224 0
    outer loop
      vertex -6.47763 12.107 2.4
      vertex -6.68508 11.5558 16.4
      vertex -6.68508 11.5558 2.4
    endloop
  endfacet
  facet normal -0.162879 -0.986646 0
    outer loop
      vertex -16.7558 6.17293 5.4
      vertex -16.1747 6.077 16.4
      vertex -16.7558 6.17293 16.4
    endloop
  endfacet
  facet normal -0.162879 -0.986646 -0
    outer loop
      vertex -16.1747 6.077 16.4
      vertex -16.7558 6.17293 5.4
      vertex -16.1747 6.077 5.4
    endloop
  endfacet
  facet normal 0.352314 0.935882 -0
    outer loop
      vertex -11.5558 23.3149 2.4
      vertex -12.107 23.5224 16.4
      vertex -11.5558 23.3149 16.4
    endloop
  endfacet
  facet normal 0.352314 0.935882 0
    outer loop
      vertex -12.107 23.5224 16.4
      vertex -11.5558 23.3149 2.4
      vertex -12.107 23.5224 2.4
    endloop
  endfacet
  facet normal -0.683551 0.729902 0
    outer loop
      vertex -20.9341 21.7666 2.4
      vertex -21.364 21.364 16.4
      vertex -20.9341 21.7666 16.4
    endloop
  endfacet
  facet normal -0.683551 0.729902 0
    outer loop
      vertex -21.364 21.364 16.4
      vertex -20.9341 21.7666 2.4
      vertex -21.364 21.364 2.4
    endloop
  endfacet
  facet normal 0.956943 0.290275 0
    outer loop
      vertex -6.30667 17.3294 16.4
      vertex -6.47763 17.893 2.4
      vertex -6.47763 17.893 16.4
    endloop
  endfacet
  facet normal 0.956943 0.290275 0
    outer loop
      vertex -6.47763 17.893 2.4
      vertex -6.30667 17.3294 16.4
      vertex -6.30667 17.3294 2.4
    endloop
  endfacet
  facet normal -0.935882 -0.352314 0
    outer loop
      vertex -23.3149 11.5558 2.4
      vertex -23.5224 12.107 16.4
      vertex -23.5224 12.107 2.4
    endloop
  endfacet
  facet normal -0.935882 -0.352314 0
    outer loop
      vertex -23.5224 12.107 16.4
      vertex -23.3149 11.5558 2.4
      vertex -23.3149 11.5558 16.4
    endloop
  endfacet
  facet normal -0.881868 -0.471496 0
    outer loop
      vertex -22.7942 10.5 2.4
      vertex -23.0719 11.0194 16.4
      vertex -23.0719 11.0194 2.4
    endloop
  endfacet
  facet normal -0.881868 -0.471496 0
    outer loop
      vertex -23.0719 11.0194 16.4
      vertex -22.7942 10.5 2.4
      vertex -22.7942 10.5 16.4
    endloop
  endfacet
  facet normal 0.471403 -0.881918 0
    outer loop
      vertex -11.0194 6.92814 2.4
      vertex -10.5 7.20577 16.4
      vertex -11.0194 6.92814 16.4
    endloop
  endfacet
  facet normal 0.471403 -0.881918 0
    outer loop
      vertex -10.5 7.20577 16.4
      vertex -11.0194 6.92814 2.4
      vertex -10.5 7.20577 2.4
    endloop
  endfacet
  facet normal -0.352296 -0.935889 0
    outer loop
      vertex -18.4441 6.68508 2.4
      vertex -17.893 6.47763 16.4
      vertex -18.4441 6.68508 16.4
    endloop
  endfacet
  facet normal -0.352296 -0.935889 -0
    outer loop
      vertex -17.893 6.47763 16.4
      vertex -18.4441 6.68508 2.4
      vertex -17.893 6.47763 2.4
    endloop
  endfacet
  facet normal 0.582426 0.812884 -0
    outer loop
      vertex -9.52115 22.1402 2.4
      vertex -9.99987 22.4832 16.4
      vertex -9.52115 22.1402 16.4
    endloop
  endfacet
  facet normal 0.582426 0.812884 0
    outer loop
      vertex -9.99987 22.4832 16.4
      vertex -9.52115 22.1402 2.4
      vertex -9.99987 22.4832 2.4
    endloop
  endfacet
  facet normal 0.772971 0.634441 0
    outer loop
      vertex -7.85982 20.4789 16.4
      vertex -8.23344 20.9341 2.4
      vertex -8.23344 20.9341 16.4
    endloop
  endfacet
  facet normal 0.772971 0.634441 0
    outer loop
      vertex -8.23344 20.9341 2.4
      vertex -7.85982 20.4789 16.4
      vertex -7.85982 20.4789 2.4
    endloop
  endfacet
  facet normal 0.729863 -0.683594 0
    outer loop
      vertex -8.63604 8.63604 16.4
      vertex -8.23344 9.06589 2.4
      vertex -8.23344 9.06589 16.4
    endloop
  endfacet
  facet normal 0.729863 -0.683594 0
    outer loop
      vertex -8.23344 9.06589 2.4
      vertex -8.63604 8.63604 16.4
      vertex -8.63604 8.63604 2.4
    endloop
  endfacet
  facet normal -0.956972 -0.290182 0
    outer loop
      vertex -23.5224 12.107 2.4
      vertex -23.6933 12.6706 16.4
      vertex -23.6933 12.6706 2.4
    endloop
  endfacet
  facet normal -0.956972 -0.290182 0
    outer loop
      vertex -23.6933 12.6706 16.4
      vertex -23.5224 12.107 2.4
      vertex -23.5224 12.107 16.4
    endloop
  endfacet
  facet normal 0.0980242 -0.995184 0
    outer loop
      vertex -14.4114 6.01927 2.4
      vertex -13.8253 6.077 16.4
      vertex -14.4114 6.01927 16.4
    endloop
  endfacet
  facet normal 0.0980242 -0.995184 0
    outer loop
      vertex -13.8253 6.077 16.4
      vertex -14.4114 6.01927 2.4
      vertex -13.8253 6.077 2.4
    endloop
  endfacet
  facet normal 0.773012 -0.634391 0
    outer loop
      vertex -8.23344 9.06589 16.4
      vertex -7.85982 9.52115 2.4
      vertex -7.85982 9.52115 16.4
    endloop
  endfacet
  facet normal 0.773012 -0.634391 0
    outer loop
      vertex -7.85982 9.52115 2.4
      vertex -8.23344 9.06589 16.4
      vertex -8.23344 9.06589 2.4
    endloop
  endfacet
  facet normal 0.812843 -0.582482 0
    outer loop
      vertex -7.85982 9.52115 16.4
      vertex -7.51677 9.99987 2.4
      vertex -7.51677 9.99987 16.4
    endloop
  endfacet
  facet normal 0.812843 -0.582482 0
    outer loop
      vertex -7.51677 9.99987 2.4
      vertex -7.85982 9.52115 16.4
      vertex -7.85982 9.52115 2.4
    endloop
  endfacet
  facet normal 0.528067 0.849203 -0
    outer loop
      vertex -9.99987 22.4832 2.4
      vertex -10.5 22.7942 16.4
      vertex -9.99987 22.4832 16.4
    endloop
  endfacet
  facet normal 0.528067 0.849203 0
    outer loop
      vertex -10.5 22.7942 16.4
      vertex -9.99987 22.4832 2.4
      vertex -10.5 22.7942 2.4
    endloop
  endfacet
  facet normal -0.812884 -0.582426 0
    outer loop
      vertex -22.1402 9.52115 2.4
      vertex -22.4832 9.99987 16.4
      vertex -22.4832 9.99987 2.4
    endloop
  endfacet
  facet normal -0.812884 -0.582426 0
    outer loop
      vertex -22.4832 9.99987 16.4
      vertex -22.1402 9.52115 2.4
      vertex -22.1402 9.52115 16.4
    endloop
  endfacet
  facet normal 0.162775 0.986663 -0
    outer loop
      vertex -13.2442 23.8271 2.4
      vertex -13.7764 23.9149 16.4
      vertex -13.2442 23.8271 16.4
    endloop
  endfacet
  facet normal 0.162775 0.986663 0
    outer loop
      vertex -13.7764 23.9149 16.4
      vertex -13.2442 23.8271 2.4
      vertex -13.7764 23.9149 2.4
    endloop
  endfacet
  facet normal 0.683594 -0.729863 0
    outer loop
      vertex -9.06589 8.23344 2.4
      vertex -8.63604 8.63604 16.4
      vertex -9.06589 8.23344 16.4
    endloop
  endfacet
  facet normal 0.683594 -0.729863 0
    outer loop
      vertex -8.63604 8.63604 16.4
      vertex -9.06589 8.23344 2.4
      vertex -8.63604 8.63604 2.4
    endloop
  endfacet
  facet normal 0.729902 0.683551 0
    outer loop
      vertex -8.23344 20.9341 16.4
      vertex -8.63604 21.364 2.4
      vertex -8.63604 21.364 16.4
    endloop
  endfacet
  facet normal 0.729902 0.683551 0
    outer loop
      vertex -8.63604 21.364 2.4
      vertex -8.23344 20.9341 16.4
      vertex -8.23344 20.9341 2.4
    endloop
  endfacet
  facet normal -0.290275 -0.956943 0
    outer loop
      vertex -17.893 6.47763 2.4
      vertex -17.3294 6.30667 16.4
      vertex -17.893 6.47763 16.4
    endloop
  endfacet
  facet normal -0.290275 -0.956943 -0
    outer loop
      vertex -17.3294 6.30667 16.4
      vertex -17.893 6.47763 2.4
      vertex -17.3294 6.30667 2.4
    endloop
  endfacet
  facet normal 0.290275 -0.956943 0
    outer loop
      vertex -12.6706 6.30667 2.4
      vertex -12.107 6.47763 16.4
      vertex -12.6706 6.30667 16.4
    endloop
  endfacet
  facet normal 0.290275 -0.956943 0
    outer loop
      vertex -12.107 6.47763 16.4
      vertex -12.6706 6.30667 2.4
      vertex -12.107 6.47763 2.4
    endloop
  endfacet
  facet normal 0.956943 -0.290275 0
    outer loop
      vertex -6.47763 12.107 16.4
      vertex -6.30667 12.6706 2.4
      vertex -6.30667 12.6706 16.4
    endloop
  endfacet
  facet normal 0.956943 -0.290275 0
    outer loop
      vertex -6.30667 12.6706 2.4
      vertex -6.47763 12.107 16.4
      vertex -6.47763 12.107 2.4
    endloop
  endfacet
  facet normal 0.683594 0.729863 -0
    outer loop
      vertex -8.63604 21.364 2.4
      vertex -9.06589 21.7666 16.4
      vertex -8.63604 21.364 16.4
    endloop
  endfacet
  facet normal 0.683594 0.729863 0
    outer loop
      vertex -9.06589 21.7666 16.4
      vertex -8.63604 21.364 2.4
      vertex -9.06589 21.7666 2.4
    endloop
  endfacet
  facet normal -0.81293 0.582362 0
    outer loop
      vertex -22.4832 20.0001 2.4
      vertex -22.1402 20.4789 16.4
      vertex -22.1402 20.4789 2.4
    endloop
  endfacet
  facet normal -0.81293 0.582362 0
    outer loop
      vertex -22.1402 20.4789 16.4
      vertex -22.4832 20.0001 2.4
      vertex -22.4832 20.0001 16.4
    endloop
  endfacet
  facet normal -0.683551 -0.729902 0
    outer loop
      vertex -21.364 8.63604 2.4
      vertex -20.9341 8.23344 16.4
      vertex -21.364 8.63604 16.4
    endloop
  endfacet
  facet normal -0.683551 -0.729902 -0
    outer loop
      vertex -20.9341 8.23344 16.4
      vertex -21.364 8.63604 2.4
      vertex -20.9341 8.23344 2.4
    endloop
  endfacet
  facet normal 0 0 1
    outer loop
      vertex -18.1979 20.7508 16.4
      vertex -6 15 16.4
      vertex -6.01927 15.5886 16.4
    endloop
  endfacet
  facet normal 0 0 1
    outer loop
      vertex -18.1979 20.7508 16.4
      vertex -6.01927 15.5886 16.4
      vertex -6.077 16.1747 16.4
    endloop
  endfacet
  facet normal 0 0 1
    outer loop
      vertex -6 15 16.4
      vertex -18.1979 20.7508 16.4
      vertex -6.01927 14.4114 16.4
    endloop
  endfacet
  facet normal 0 0 1
    outer loop
      vertex -18.1979 20.7508 16.4
      vertex -6.077 16.1747 16.4
      vertex -6.17293 16.7558 16.4
    endloop
  endfacet
  facet normal 0 0 1
    outer loop
      vertex -6.01927 14.4114 16.4
      vertex -18.1979 20.7508 16.4
      vertex -6.077 13.8253 16.4
    endloop
  endfacet
  facet normal 0 0 1
    outer loop
      vertex -18.1979 20.7508 16.4
      vertex -6.17293 16.7558 16.4
      vertex -6.30667 17.3294 16.4
    endloop
  endfacet
  facet normal 0 0 1
    outer loop
      vertex -6.077 13.8253 16.4
      vertex -18.1979 20.7508 16.4
      vertex -6.17293 13.2442 16.4
    endloop
  endfacet
  facet normal 0 0 1
    outer loop
      vertex -18.1979 20.7508 16.4
      vertex -6.30667 17.3294 16.4
      vertex -6.47763 17.893 16.4
    endloop
  endfacet
  facet normal 0 0 1
    outer loop
      vertex -6.17293 13.2442 16.4
      vertex -18.1979 20.7508 16.4
      vertex -6.30667 12.6706 16.4
    endloop
  endfacet
  facet normal 0 0 1
    outer loop
      vertex -18.1979 20.7508 16.4
      vertex -6.47763 17.893 16.4
      vertex -6.68508 18.4441 16.4
    endloop
  endfacet
  facet normal 0 0 1
    outer loop
      vertex -6.30667 12.6706 16.4
      vertex -18.1979 20.7508 16.4
      vertex -6.47763 12.107 16.4
    endloop
  endfacet
  facet normal 0 0 1
    outer loop
      vertex -18.1979 20.7508 16.4
      vertex -6.68508 18.4441 16.4
      vertex -6.92814 18.9806 16.4
    endloop
  endfacet
  facet normal -0 0 1
    outer loop
      vertex -19.5161 19.5161 16.4
      vertex -6.47763 12.107 16.4
      vertex -18.1979 20.7508 16.4
    endloop
  endfacet
  facet normal 0 0 1
    outer loop
      vertex -18.1979 20.7508 16.4
      vertex -6.92814 18.9806 16.4
      vertex -7.20577 19.5 16.4
    endloop
  endfacet
  facet normal 0 0 1
    outer loop
      vertex -6.47763 12.107 16.4
      vertex -19.5161 19.5161 16.4
      vertex -6.68508 11.5558 16.4
    endloop
  endfacet
  facet normal 0 0 1
    outer loop
      vertex -16.8018 21.8966 16.4
      vertex -7.20577 19.5 16.4
      vertex -7.51677 20.0001 16.4
    endloop
  endfacet
  facet normal 0 0 1
    outer loop
      vertex -6.68508 11.5558 16.4
      vertex -19.5161 19.5161 16.4
      vertex -6.92814 11.0194 16.4
    endloop
  endfacet
  facet normal 0 0 1
    outer loop
      vertex -16.8018 21.8966 16.4
      vertex -7.51677 20.0001 16.4
      vertex -7.85982 20.4789 16.4
    endloop
  endfacet
  facet normal 0 0 1
    outer loop
      vertex -6.92814 11.0194 16.4
      vertex -19.5161 19.5161 16.4
      vertex -7.20577 10.5 16.4
    endloop
  endfacet
  facet normal 0 0 1
    outer loop
      vertex -16.8018 21.8966 16.4
      vertex -7.85982 20.4789 16.4
      vertex -8.23344 20.9341 16.4
    endloop
  endfacet
  facet normal 0 0 1
    outer loop
      vertex -7.20577 10.5 16.4
      vertex -19.5161 19.5161 16.4
      vertex -7.51677 9.99987 16.4
    endloop
  endfacet
  facet normal 0 0 1
    outer loop
      vertex -16.8018 21.8966 16.4
      vertex -8.23344 20.9341 16.4
      vertex -8.63604 21.364 16.4
    endloop
  endfacet
  facet normal 0 0 1
    outer loop
      vertex -7.51677 9.99987 16.4
      vertex -19.5161 19.5161 16.4
      vertex -7.85982 9.52115 16.4
    endloop
  endfacet
  facet normal 0 0 1
    outer loop
      vertex -16.8018 21.8966 16.4
      vertex -8.63604 21.364 16.4
      vertex -9.06589 21.7666 16.4
    endloop
  endfacet
  facet normal 0 0 1
    outer loop
      vertex -7.85982 9.52115 16.4
      vertex -19.5161 19.5161 16.4
      vertex -8.23344 9.06589 16.4
    endloop
  endfacet
  facet normal -0 0 1
    outer loop
      vertex -16.8018 21.8966 16.4
      vertex -9.06589 21.7666 16.4
      vertex -9.52115 22.1402 16.4
    endloop
  endfacet
  facet normal 0 0 1
    outer loop
      vertex -8.23344 9.06589 16.4
      vertex -19.5161 19.5161 16.4
      vertex -8.63604 8.63604 16.4
    endloop
  endfacet
  facet normal 0 0 1
    outer loop
      vertex -16.8018 21.8966 16.4
      vertex -9.52115 22.1402 16.4
      vertex -9.99987 22.4832 16.4
    endloop
  endfacet
  facet normal 0 0 1
    outer loop
      vertex -8.63604 8.63604 16.4
      vertex -19.5161 19.5161 16.4
      vertex -9.06589 8.23344 16.4
    endloop
  endfacet
  facet normal 0 0 1
    outer loop
      vertex -16.8018 21.8966 16.4
      vertex -9.99987 22.4832 16.4
      vertex -10.5 22.7942 16.4
    endloop
  endfacet
  facet normal 0 0 1
    outer loop
      vertex -9.06589 8.23344 16.4
      vertex -19.5161 19.5161 16.4
      vertex -9.52115 7.85982 16.4
    endloop
  endfacet
  facet normal -0 0 1
    outer loop
      vertex -15.3337 22.9486 16.4
      vertex -10.5 22.7942 16.4
      vertex -11.0194 23.0719 16.4
    endloop
  endfacet
  facet normal 0 0 1
    outer loop
      vertex -7.20577 19.5 16.4
      vertex -16.8018 21.8966 16.4
      vertex -18.1979 20.7508 16.4
    endloop
  endfacet
  facet normal 0 0 1
    outer loop
      vertex -15.3337 22.9486 16.4
      vertex -11.0194 23.0719 16.4
      vertex -11.5558 23.3149 16.4
    endloop
  endfacet
  facet normal 0 0 1
    outer loop
      vertex -9.52115 7.85982 16.4
      vertex -19.5161 19.5161 16.4
      vertex -9.99987 7.51677 16.4
    endloop
  endfacet
  facet normal 0 0 1
    outer loop
      vertex -15.3337 22.9486 16.4
      vertex -11.5558 23.3149 16.4
      vertex -12.107 23.5224 16.4
    endloop
  endfacet
  facet normal 0 0 1
    outer loop
      vertex -9.99987 7.51677 16.4
      vertex -19.5161 19.5161 16.4
      vertex -10.5 7.20577 16.4
    endloop
  endfacet
  facet normal 0 0 1
    outer loop
      vertex -15.3337 22.9486 16.4
      vertex -12.107 23.5224 16.4
      vertex -12.6706 23.6933 16.4
    endloop
  endfacet
  facet normal 0 0 1
    outer loop
      vertex -10.5 7.20577 16.4
      vertex -19.5161 19.5161 16.4
      vertex -11.0194 6.92814 16.4
    endloop
  endfacet
  facet normal 0 0 1
    outer loop
      vertex -15.3337 22.9486 16.4
      vertex -12.6706 23.6933 16.4
      vertex -13.2442 23.8271 16.4
    endloop
  endfacet
  facet normal 0 0 1
    outer loop
      vertex -10.5 22.7942 16.4
      vertex -15.3337 22.9486 16.4
      vertex -16.8018 21.8966 16.4
    endloop
  endfacet
  facet normal -0 0 1
    outer loop
      vertex -13.8 23.9023 16.4
      vertex -13.2442 23.8271 16.4
      vertex -13.7764 23.9149 16.4
    endloop
  endfacet
  facet normal 0 0 1
    outer loop
      vertex -15.3337 22.9486 16.4
      vertex -13.2442 23.8271 16.4
      vertex -13.8 23.9023 16.4
    endloop
  endfacet
  facet normal 0 0 1
    outer loop
      vertex -11.0194 6.92814 16.4
      vertex -19.5161 19.5161 16.4
      vertex -11.5558 6.68508 16.4
    endloop
  endfacet
  facet normal 0 0 1
    outer loop
      vertex -11.5558 6.68508 16.4
      vertex -19.5161 19.5161 16.4
      vertex -12.107 6.47763 16.4
    endloop
  endfacet
  facet normal 0 0 1
    outer loop
      vertex -12.107 6.47763 16.4
      vertex -19.5161 19.5161 16.4
      vertex -12.6706 6.30667 16.4
    endloop
  endfacet
  facet normal -0 0 1
    outer loop
      vertex -20.7508 18.1979 16.4
      vertex -12.6706 6.30667 16.4
      vertex -19.5161 19.5161 16.4
    endloop
  endfacet
  facet normal 0 0 1
    outer loop
      vertex -12.6706 6.30667 16.4
      vertex -20.7508 18.1979 16.4
      vertex -13.2442 6.17293 16.4
    endloop
  endfacet
  facet normal 0 0 1
    outer loop
      vertex -13.2442 6.17293 16.4
      vertex -20.7508 18.1979 16.4
      vertex -13.8253 6.077 16.4
    endloop
  endfacet
  facet normal 0 0 1
    outer loop
      vertex -13.8253 6.077 16.4
      vertex -20.7508 18.1979 16.4
      vertex -14.4114 6.01927 16.4
    endloop
  endfacet
  facet normal 0 0 1
    outer loop
      vertex -14.4114 6.01927 16.4
      vertex -20.7508 18.1979 16.4
      vertex -15 6 16.4
    endloop
  endfacet
  facet normal 0 0 1
    outer loop
      vertex -15 6 16.4
      vertex -20.7508 18.1979 16.4
      vertex -15.5886 6.01927 16.4
    endloop
  endfacet
  facet normal 0 0 1
    outer loop
      vertex -15.5886 6.01927 16.4
      vertex -20.7508 18.1979 16.4
      vertex -16.1747 6.077 16.4
    endloop
  endfacet
  facet normal 0 0 1
    outer loop
      vertex -16.1747 6.077 16.4
      vertex -20.7508 18.1979 16.4
      vertex -16.7558 6.17293 16.4
    endloop
  endfacet
  facet normal 0 0 1
    outer loop
      vertex -16.7558 6.17293 16.4
      vertex -20.7508 18.1979 16.4
      vertex -17.3294 6.30667 16.4
    endloop
  endfacet
  facet normal 0 0 1
    outer loop
      vertex -17.3294 6.30667 16.4
      vertex -20.7508 18.1979 16.4
      vertex -17.893 6.47763 16.4
    endloop
  endfacet
  facet normal 0 0 1
    outer loop
      vertex -17.893 6.47763 16.4
      vertex -20.7508 18.1979 16.4
      vertex -18.4441 6.68508 16.4
    endloop
  endfacet
  facet normal 0 0 1
    outer loop
      vertex -18.4441 6.68508 16.4
      vertex -20.7508 18.1979 16.4
      vertex -18.9806 6.92814 16.4
    endloop
  endfacet
  facet normal 0 0 1
    outer loop
      vertex -18.9806 6.92814 16.4
      vertex -20.7508 18.1979 16.4
      vertex -19.5 7.20577 16.4
    endloop
  endfacet
  facet normal -0 0 1
    outer loop
      vertex -21.8966 16.8018 16.4
      vertex -19.5 7.20577 16.4
      vertex -20.7508 18.1979 16.4
    endloop
  endfacet
  facet normal 0 0 1
    outer loop
      vertex -19.5 7.20577 16.4
      vertex -21.8966 16.8018 16.4
      vertex -20.0001 7.51677 16.4
    endloop
  endfacet
  facet normal 0 0 1
    outer loop
      vertex -20.0001 7.51677 16.4
      vertex -21.8966 16.8018 16.4
      vertex -20.4789 7.85982 16.4
    endloop
  endfacet
  facet normal 0 0 1
    outer loop
      vertex -20.4789 7.85982 16.4
      vertex -21.8966 16.8018 16.4
      vertex -20.9341 8.23344 16.4
    endloop
  endfacet
  facet normal 0 0 1
    outer loop
      vertex -20.9341 8.23344 16.4
      vertex -21.8966 16.8018 16.4
      vertex -21.364 8.63604 16.4
    endloop
  endfacet
  facet normal 0 0 1
    outer loop
      vertex -21.364 8.63604 16.4
      vertex -21.8966 16.8018 16.4
      vertex -21.7666 9.06589 16.4
    endloop
  endfacet
  facet normal 0 0 1
    outer loop
      vertex -21.8966 16.8018 16.4
      vertex -22.1402 9.52115 16.4
      vertex -21.7666 9.06589 16.4
    endloop
  endfacet
  facet normal 0 0 1
    outer loop
      vertex -21.8966 16.8018 16.4
      vertex -22.4832 9.99987 16.4
      vertex -22.1402 9.52115 16.4
    endloop
  endfacet
  facet normal 0 0 1
    outer loop
      vertex -21.8966 16.8018 16.4
      vertex -22.7942 10.5 16.4
      vertex -22.4832 9.99987 16.4
    endloop
  endfacet
  facet normal -0 0 1
    outer loop
      vertex -22.9486 15.3337 16.4
      vertex -22.7942 10.5 16.4
      vertex -21.8966 16.8018 16.4
    endloop
  endfacet
  facet normal 0 0 1
    outer loop
      vertex -22.9486 15.3337 16.4
      vertex -23.0719 11.0194 16.4
      vertex -22.7942 10.5 16.4
    endloop
  endfacet
  facet normal 0 0 1
    outer loop
      vertex -22.9486 15.3337 16.4
      vertex -23.3149 11.5558 16.4
      vertex -23.0719 11.0194 16.4
    endloop
  endfacet
  facet normal 0 0 1
    outer loop
      vertex -22.9486 15.3337 16.4
      vertex -23.5224 12.107 16.4
      vertex -23.3149 11.5558 16.4
    endloop
  endfacet
  facet normal 0 0 1
    outer loop
      vertex -22.9486 15.3337 16.4
      vertex -23.6933 12.6706 16.4
      vertex -23.5224 12.107 16.4
    endloop
  endfacet
  facet normal 0 0 1
    outer loop
      vertex -22.9486 15.3337 16.4
      vertex -23.8271 13.2442 16.4
      vertex -23.6933 12.6706 16.4
    endloop
  endfacet
  facet normal -0 0 1
    outer loop
      vertex -23.9023 13.8 16.4
      vertex -23.8271 13.2442 16.4
      vertex -22.9486 15.3337 16.4
    endloop
  endfacet
  facet normal 0 0 1
    outer loop
      vertex -23.8271 13.2442 16.4
      vertex -23.9023 13.8 16.4
      vertex -23.9149 13.7764 16.4
    endloop
  endfacet
  facet normal -0 0 1
    outer loop
      vertex -19.5 22.7942 16.4
      vertex -19.7804 22.5552 16.4
      vertex -19.4688 22.8109 16.4
    endloop
  endfacet
  facet normal 0 0 1
    outer loop
      vertex -20.0001 22.4832 16.4
      vertex -19.7804 22.5552 16.4
      vertex -19.5 22.7942 16.4
    endloop
  endfacet
  facet normal 0 0 1
    outer loop
      vertex -20.4789 22.1402 16.4
      vertex -19.7804 22.5552 16.4
      vertex -20.0001 22.4832 16.4
    endloop
  endfacet
  facet normal 0 0 1
    outer loop
      vertex -21.2132 21.2132 16.4
      vertex -20.4789 22.1402 16.4
      vertex -20.9341 21.7666 16.4
    endloop
  endfacet
  facet normal -0 0 1
    outer loop
      vertex -20.4789 22.1402 16.4
      vertex -21.2132 21.2132 16.4
      vertex -19.7804 22.5552 16.4
    endloop
  endfacet
  facet normal -0 0 1
    outer loop
      vertex -21.364 21.364 16.4
      vertex -21.2132 21.2132 16.4
      vertex -20.9341 21.7666 16.4
    endloop
  endfacet
  facet normal 0 0 1
    outer loop
      vertex -21.7666 20.9341 16.4
      vertex -21.2132 21.2132 16.4
      vertex -21.364 21.364 16.4
    endloop
  endfacet
  facet normal 0 0 1
    outer loop
      vertex -22.1402 20.4789 16.4
      vertex -21.2132 21.2132 16.4
      vertex -21.7666 20.9341 16.4
    endloop
  endfacet
  facet normal 0 0 1
    outer loop
      vertex -22.5552 19.7804 16.4
      vertex -22.1402 20.4789 16.4
      vertex -22.4832 20.0001 16.4
    endloop
  endfacet
  facet normal -0 0 1
    outer loop
      vertex -22.1402 20.4789 16.4
      vertex -22.5552 19.7804 16.4
      vertex -21.2132 21.2132 16.4
    endloop
  endfacet
  facet normal 0 0 1
    outer loop
      vertex -22.7942 19.5 16.4
      vertex -22.5552 19.7804 16.4
      vertex -22.4832 20.0001 16.4
    endloop
  endfacet
  facet normal 0 0 1
    outer loop
      vertex -22.5552 19.7804 16.4
      vertex -22.7942 19.5 16.4
      vertex -22.8109 19.4688 16.4
    endloop
  endfacet
  facet normal -0.910889 -0.412651 0
    outer loop
      vertex -23.0719 11.0194 2.4
      vertex -23.3149 11.5558 16.4
      vertex -23.3149 11.5558 2.4
    endloop
  endfacet
  facet normal -0.910889 -0.412651 0
    outer loop
      vertex -23.3149 11.5558 16.4
      vertex -23.0719 11.0194 2.4
      vertex -23.0719 11.0194 16.4
    endloop
  endfacet
  facet normal -0.849203 -0.528067 0
    outer loop
      vertex -22.4832 9.99987 2.4
      vertex -22.7942 10.5 16.4
      vertex -22.7942 10.5 2.4
    endloop
  endfacet
  facet normal -0.849203 -0.528067 0
    outer loop
      vertex -22.7942 10.5 16.4
      vertex -22.4832 9.99987 2.4
      vertex -22.4832 9.99987 16.4
    endloop
  endfacet
  facet normal 0.973879 -0.227069 0
    outer loop
      vertex -6.30667 12.6706 16.4
      vertex -6.17293 13.2442 2.4
      vertex -6.17293 13.2442 16.4
    endloop
  endfacet
  facet normal 0.973879 -0.227069 0
    outer loop
      vertex -6.17293 13.2442 2.4
      vertex -6.30667 12.6706 16.4
      vertex -6.30667 12.6706 2.4
    endloop
  endfacet
  facet normal -0.973856 -0.227165 0
    outer loop
      vertex -23.6933 12.6706 2.4
      vertex -23.8271 13.2442 16.4
      vertex -23.8271 13.2442 2.4
    endloop
  endfacet
  facet normal -0.973856 -0.227165 0
    outer loop
      vertex -23.8271 13.2442 16.4
      vertex -23.6933 12.6706 2.4
      vertex -23.6933 12.6706 16.4
    endloop
  endfacet
  facet normal -0.634441 -0.772971 0
    outer loop
      vertex -20.9341 8.23344 2.4
      vertex -20.4789 7.85982 16.4
      vertex -20.9341 8.23344 16.4
    endloop
  endfacet
  facet normal -0.634441 -0.772971 -0
    outer loop
      vertex -20.4789 7.85982 16.4
      vertex -20.9341 8.23344 2.4
      vertex -20.4789 7.85982 2.4
    endloop
  endfacet
  facet normal -0.412672 -0.91088 0
    outer loop
      vertex -18.9806 6.92814 2.4
      vertex -18.4441 6.68508 16.4
      vertex -18.9806 6.92814 16.4
    endloop
  endfacet
  facet normal -0.412672 -0.91088 -0
    outer loop
      vertex -18.4441 6.68508 16.4
      vertex -18.9806 6.92814 2.4
      vertex -18.4441 6.68508 2.4
    endloop
  endfacet
  facet normal -0.849189 0.52809 0
    outer loop
      vertex -22.7942 19.5 2.4
      vertex -22.4832 20.0001 16.4
      vertex -22.4832 20.0001 2.4
    endloop
  endfacet
  facet normal -0.849189 0.52809 0
    outer loop
      vertex -22.4832 20.0001 16.4
      vertex -22.7942 19.5 2.4
      vertex -22.7942 19.5 16.4
    endloop
  endfacet
  facet normal -0.0980242 -0.995184 0
    outer loop
      vertex -16.1747 6.077 5.4
      vertex -15.5886 6.01927 16.4
      vertex -16.1747 6.077 16.4
    endloop
  endfacet
  facet normal -0.0980242 -0.995184 -0
    outer loop
      vertex -15.5886 6.01927 16.4
      vertex -16.1747 6.077 5.4
      vertex -15.5886 6.01927 5.4
    endloop
  endfacet
  facet normal -0.471908 0.881648 0
    outer loop
      vertex -19.4688 22.8109 2.4
      vertex -19.5 22.7942 16.4
      vertex -19.4688 22.8109 16.4
    endloop
  endfacet
  facet normal -0.471908 0.881648 0
    outer loop
      vertex -19.5 22.7942 16.4
      vertex -19.4688 22.8109 2.4
      vertex -19.5 22.7942 2.4
    endloop
  endfacet
  facet normal -0.471403 -0.881918 0
    outer loop
      vertex -19.5 7.20577 2.4
      vertex -18.9806 6.92814 16.4
      vertex -19.5 7.20577 16.4
    endloop
  endfacet
  facet normal -0.471403 -0.881918 -0
    outer loop
      vertex -18.9806 6.92814 16.4
      vertex -19.5 7.20577 2.4
      vertex -18.9806 6.92814 2.4
    endloop
  endfacet
endsolid OpenSCAD_Model
